poll_id,question_id,state,seat_number,seat_name,office_type,pollster,sponsors,partisan,population,sample_size,start_date,end_date,hypothetical,stage,url,dem_candidate,dem_pct,rep_candidate,rep_pct,net_dem,is_partisan
137c2cec-0d62-5313-9713-581181f3024d,36f489ad-af13-4108-b6e3-96a641cb0344,AK,NA,NA,U.S. Senate,Alaska Survey Research,NA,NA,lv,1261,2023-04-21,2023-04-25,NA,general,https://mustreadalaska.com/new-poll-says-rep-mary-peltola-could-take-sen-dan-sullivan-in-2026/,Mary Peltola,44,Dan Sullivan,41,3,FALSE
20ef28e6-5dec-48e3-8573-f26aaf7b91c1,d9473e83-86e7-45b6-ab58-ba06c773cc04,AK,NA,NA,U.S. Senate,Data for Progress,NA,NA,lv,678,2025-07-21,2025-07-27,NA,general,https://www.dataforprogress.org/blog/2025/8/8/mary-peltola-would-be-front-runner-for-alaska-governor,Mary Peltola,45,Dan Sullivan,46,-1,FALSE
155a2fd2-d990-44fd-a147-09a14779f962,78cf6995-6e07-4374-8aae-812d29847477,AK,NA,NA,U.S. Senate,Alaska Survey Research,NA,NA,lv,1613,2025-07-29,2025-08-01,NA,general,https://www.documentcloud.org/documents/26071481-ak-sen-alaska-survey-research-d/,Mary Peltola,42.5,Dan Sullivan,46.7,-4.200000000000003,FALSE
6db448bf-8b33-4a4d-ad4d-d758aa373626,3543003a-90e9-415d-ba10-38f2be158ada,AK,NA,NA,U.S. Senate,Alaska Survey Research,NA,NA,lv,1708,2025-10-10,2025-10-15,NA,general,https://www.politico.com/newsletters/playbook/2025/10/21/a-nazi-streak-00616221,Mary Peltola,47.7,Dan Sullivan,45.9,1.8000000000000043,FALSE
2abdc064-3a16-4478-a841-23467c99f334,1d63253d-ed99-4ff5-8b14-5629aa6bc4e7,AK,NA,NA,U.S. Senate,Data for Progress,NA,NA,rv,823,2025-10-17,2025-10-23,NA,general,https://www.dataforprogress.org/blog/2025/10/31/in-the-midst-of-a-health-care-and-affordability-crisis-in-alaska-peltola-and-begich-lead-their-races,Mary Peltola,46,Dan Sullivan,45,1,FALSE
4d33f950-ca95-4b26-b961-c02b133cbfcd,9553cd7d-9a51-4a84-8679-ca0ed97d0468,AK,NA,NA,U.S. Senate,The Tyson Group,Plymouth Union Public Advocacy,NA,lv,600,2025-11-11,2025-11-13,NA,general,https://pup-advocacy.com/news/polling-memo/voting-to-extend-the-premium-tax-credits-could-boost-sullivan-in-tight-senate-race/,Generic Democrat,43,Dan Sullivan,39,4,FALSE
738d7b99-da3b-4c01-8c34-1ad6bd19e307,cd2c0ee5-0f84-4ba8-9910-ee384c6cf4c4,AK,NA,NA,U.S. Senate,Alaska Survey Research,NA,NA,lv,1681,2026-01-08,2026-01-11,NA,general,https://x.com/The_Real_ASR/status/2011266752693616932,Mary Peltola,48,Dan Sullivan,46.4,1.6000000000000014,FALSE
02747cb8-c9f8-4c09-b283-67fcf0ec90b0,0b89445f-5182-43eb-9b9d-9e803fb08d93,AK,NA,NA,U.S. Senate,Public Policy Polling,DSCC,DEM,rv,611,2026-01-16,2026-01-17,NA,general,https://www.politico.com/newsletters/playbook/2026/01/21/what-davos-really-thinks-of-trump-00738555?nname=playbook&nid=0000014f-1646-d88f-a1cf-5f46b7bd0000&nrid=4d735b47-a8a7-41f4-9c35-277919f359ed,Mary Peltola,49,Dan Sullivan,47,2,TRUE
e8d83b3b-cf66-4eb1-a16d-49e053bc3698,4fbeb64f-fbf1-4985-bbe8-35029cadcc44,AK,NA,NA,U.S. Senate,Alaska Survey Research,NA,NA,rv,1340,2026-03-19,2026-03-22,NA,general,https://bsky.app/profile/alaskasurvey.bsky.social/post/3mi5sviz72222,Mary Peltola,48.8,Dan Sullivan,43.5,5.299999999999997,FALSE
e8d83b3b-cf66-4eb1-a16d-49e053bc3698,64909d04-6ca7-4fc0-b519-a8927485e3d6,AK,NA,NA,U.S. Senate,Alaska Survey Research,NA,NA,rv,1340,2026-03-19,2026-03-22,NA,general,https://bsky.app/profile/alaskasurvey.bsky.social/post/3mi5sviz72222,Mary Peltola,52.4,Dan Sullivan,47.6,4.799999999999997,FALSE
e8d83b3b-cf66-4eb1-a16d-49e053bc3698,832189b2-d25d-45da-a879-11b7631baf0c,AK,NA,NA,U.S. Senate,Alaska Survey Research,NA,NA,rv,1283,2026-03-19,2026-03-22,NA,primary,https://bsky.app/profile/alaskasurvey.bsky.social/post/3mi5sviz72222,Mary Peltola,46.4,Dan Sullivan,40.9,5.5,FALSE
b613d76c-3e02-43de-aa2a-d6323fbd68fe,02c8d060-e4fe-4cee-8e43-aca3cb1e74ac,AK,NA,NA,U.S. Senate,Alaska Survey Research,NA,NA,lv,1946,2026-04-16,2026-04-19,NA,general,https://alaskasurveyresearch.com/peltola-vs-sullivan-april-2026/,Mary Peltola,49.1,Dan Sullivan,42.5,6.600000000000001,FALSE
b613d76c-3e02-43de-aa2a-d6323fbd68fe,8ad3d2c2-6e7d-4d87-b6f3-ca8a57f8c5ea,AK,NA,NA,U.S. Senate,Alaska Survey Research,NA,NA,lv,1946,2026-04-16,2026-04-19,NA,general,https://alaskasurveyresearch.com/peltola-vs-sullivan-april-2026/,Mary Peltola,50.2,Dan Sullivan,43.6,6.600000000000001,FALSE
24511bba-225f-4c6f-91fc-a51dcc039b64,8aa5813e-aa33-41b3-b9ff-804fa852a76b,AK,NA,NA,U.S. Senate,Alaska Survey Research,NA,NA,lv,1401,2026-05-14,2026-05-17,NA,general,https://bsky.app/profile/alaskasurvey.bsky.social/post/3mmeqzp7nuc2l,Mary Peltola,48.4,Dan Sullivan,43.8,4.600000000000001,FALSE
35cede46-c867-4b0b-ab55-934d055eccb1,5bbc261a-4169-4f2a-ac99-97c87ff361a8,AK,NA,NA,U.S. Senate,Alaska Survey Research,NA,NA,lv,1393,2026-06-04,2026-06-07,NA,general,https://bsky.app/profile/alaskasurvey.bsky.social/post/3mo4ifkz3tc25,Mary Peltola,49.4,Dan Sullivan,44.2,5.199999999999996,FALSE
8e054071-9b5e-46d0-a921-ecc4f3c1737e,d9522da6-d389-4c8b-a91a-f65c266a709d,AK,NA,NA,U.S. Senate,The New York Times/Siena University,NA,NA,lv,593,2026-06-15,2026-06-29,NA,general,https://www.nytimes.com/interactive/2026/07/01/polls/times-siena-alaska-poll-crosstabs.html,Mary Peltola,45.06,Dan Sullivan,47.47,-2.4099999999999966,FALSE
7ec6f01b-349f-4e8a-b058-78704ccaaace,1fbeb1c6-7689-4d69-9217-31412ae5f0d8,AK,NA,NA,U.S. Senate,Data for Progress,NA,NA,lv,578,2026-07-28,2026-08-04,NA,general,https://www.dataforprogress.org/blog/2026/8/17/as-alaskas-affordability-crisis-deepens-peltola-leads-in-senate-race,Mary Peltola,49,Dan Sullivan,43,6,FALSE
7ec6f01b-349f-4e8a-b058-78704ccaaace,7acbff1d-e74f-4819-96a6-ef621c38d79f,AK,NA,NA,U.S. Senate,Data for Progress,NA,NA,lv,605,2026-07-28,2026-08-04,NA,general,https://www.dataforprogress.org/blog/2026/8/17/as-alaskas-affordability-crisis-deepens-peltola-leads-in-senate-race,Mary Peltola,47,Dan Sullivan,41,6,FALSE
7ec6f01b-349f-4e8a-b058-78704ccaaace,85b9118c-7541-460a-bc99-13f73fcf6fd2,AK,NA,NA,U.S. Senate,Data for Progress,NA,NA,lv,567,2026-07-28,2026-08-04,NA,general,https://www.dataforprogress.org/blog/2026/8/17/as-alaskas-affordability-crisis-deepens-peltola-leads-in-senate-race,Mary Peltola,53,Dan Sullivan,47,6,FALSE
25f3873e-a991-4492-a3a3-aa1c6b9c0d71,0be7c48f-17ba-4d7f-94f7-8151fd9d3deb,AK,NA,NA,U.S. Senate,Alaska Survey Research,NA,NA,lv,1371,2026-08-02,2026-08-05,NA,general,https://bsky.app/profile/alaskasurvey.bsky.social/post/3mstcarsnc32q,Mary Peltola,50.8,Dan Sullivan,49.2,1.5999999999999943,FALSE
5644eb93-7595-4afd-bacf-2fd24589ef3b,3b5dd101-97ba-48a0-8e39-e5fddb9a5d99,AK,NA,NA,U.S. Senate,Alaska Survey Research,NA,NA,lv,1495,2026-08-20,2026-08-23,NA,general,https://x.com/the_real_asr/status/2093483993954144564,Mary Peltola,50.6,Dan Sullivan,49.4,1.2000000000000028,FALSE
a1d3551f-cc1f-40ee-8d08-c7fdc1872796,3d5ad689-e945-4d8c-a1c2-a2270f0b5f9f,AK,NA,NA,U.S. Senate,Fabrizio Ward/Impact Research,AARP,NA,lv,800,2026-09-08,2026-09-11,NA,general,https://www.aarp.org/pri/topics/voter-research/politics/2026-midterm-election-poll-alaska/,Mary Peltola,53,Dan Sullivan,47,6,FALSE
a1d3551f-cc1f-40ee-8d08-c7fdc1872796,781e630e-4d53-4887-a4a8-aa5788163a3b,AK,NA,NA,U.S. Senate,Fabrizio Ward/Impact Research,AARP,NA,lv,800,2026-09-08,2026-09-11,NA,general,https://www.aarp.org/pri/topics/voter-research/politics/2026-midterm-election-poll-alaska/,Mary Peltola,46,Dan Sullivan,41,5,FALSE
a1d3551f-cc1f-40ee-8d08-c7fdc1872796,a96eac7b-4a1a-4d18-8896-4915cab42b18,AK,NA,NA,U.S. Senate,Fabrizio Ward/Impact Research,AARP,NA,lv,800,2026-09-08,2026-09-11,NA,general,https://www.aarp.org/pri/topics/voter-research/politics/2026-midterm-election-poll-alaska/,Mary Peltola,50,Dan Sullivan,43,7,FALSE
16224059-2ccc-4343-9243-33991199136c,1da32371-162e-41aa-927a-fa6b9a082575,AK,NA,NA,U.S. Senate,co/efficient,NA,NA,lv,799,2026-09-14,2026-09-17,NA,general,https://battlegrounds.coefficient.org/ak/,Mary Peltola,46,Dan Sullivan,48,-2,FALSE
16224059-2ccc-4343-9243-33991199136c,be1c02af-2550-47fb-b3f0-f39d046cd60e,AK,NA,NA,U.S. Senate,co/efficient,NA,NA,lv,799,2026-09-14,2026-09-17,NA,general,https://battlegrounds.coefficient.org/ak/,Generic Democrat,44,Generic Republican,49,-5,FALSE
16224059-2ccc-4343-9243-33991199136c,e72992f4-9ddb-464c-9990-4620acd555df,AK,NA,NA,U.S. Senate,co/efficient,NA,NA,lv,799,2026-09-14,2026-09-17,NA,general,https://battlegrounds.coefficient.org/ak/,Mary Peltola,46,Dan Sullivan,49,-3,FALSE
b9c13563-2436-4177-852e-cdf4cada9a05,00235712-6e32-4644-b078-602e473511c1,AL,NA,NA,U.S. Senate,yes. every kid. foundation.,NA,NA,lv,601,2026-07-08,2026-07-11,NA,general,https://yeseverykidfoundation.org/alabama-likely-voters-support-fully-funding-the-choose-act/,Everett Wess,32,Barry Moore,47,-15,FALSE
54e089ff-5f60-4aca-b00c-d93838450703,04705b15-ee5a-4ee9-b1f1-9e4206e2bcb6,AR,NA,NA,U.S. Senate,GrayHouse,America One Policies,REP,lv,550,2026-02-07,2026-02-09,NA,general,https://www.grayhouse.com/post/ar-senate,Hallie Shoffner,36,Tom Cotton,58,-22,TRUE
1dd8be00-28d2-490b-8212-bda808199f82,4815d976-f0d2-4c53-9d6e-9fc77a636d26,AR,NA,NA,U.S. Senate,2040 Strategy Group,NA,DEM,lv,586,2026-07-17,2026-07-25,NA,general,https://arktimes.com/arkansas-blog/2026/08/05/dem-senate-hopeful-shoffner-pulls-promising-poll-numbers-against-unlikeable-cotton,Hallie Shoffner,43,Tom Cotton,46,-3,TRUE
528d611e-0325-4931-8032-a2c7ece004a7,317a06d5-a01a-4d16-9cd3-c4007752cb6c,AR,NA,NA,U.S. Senate,Hendrix College,Talk Business & Politics,NA,lv,1217,2026-08-11,2026-08-12,NA,general,https://talkbusiness.net/2026/08/poll-gov-sanders-holds-lead-over-two-opponents/,Hallie Shoffner,47.4,Tom Cotton,44,3.3999999999999986,FALSE
17f8fc5a-1b7e-4437-8310-e11f988d88af,b83dc8e7-0644-4ccf-8ee1-1fb8700a0d0c,AR,NA,NA,U.S. Senate,J.L. Partners,NA,NA,lv,803,2026-08-14,2026-08-18,NA,general,https://jlpartners.com/arkansas-senate-likely-voter-polling,Hallie Shoffner,35,Tom Cotton,51,-16,FALSE
20d8d9f1-7024-43b0-8013-fb723d409219,6f3ee713-7693-4f34-879d-335f1033901e,FL,NA,NA,U.S. Senate,The Tyson Group,Plymouth Union Public Advocacy,NA,lv,800,2025-10-01,2025-10-03,NA,general,https://pup-advocacy.com/news/polling-memo/moodys-position-on-the-enhanced-premium-tax-credits-will-have-key-impact-on-senate-race/,Jennifer Jenkins,37,Ashley Moody,44,-7,FALSE
85470c38-3966-469e-b79c-0d6aa57b08b8,a627d659-8071-448a-bc3e-d029a5b08cb6,FL,NA,NA,U.S. Senate,University of North Florida,Florida Watch,DEM,lv,728,2025-10-15,2025-10-25,NA,general,https://www.unfporl.org/uploads/1/4/4/5/144559024/unf_porl_fall_statewide_2025_lv_-_press_release.pdf,Jennifer Jenkins,38,Ashley Moody,49,-11,TRUE
72690b9b-5fcd-43cc-9f2e-8b5dd041b889,33e58ba6-71ac-407f-8740-3a71c90da4a1,FL,NA,NA,U.S. Senate,University of North Florida,NA,NA,lv,772,2026-02-21,2026-03-02,NA,general,https://floridapolitics.com/archives/783199-desantis-more-popular-trump-poll/,Alexander Vindman,38,Ashley Moody,45,-7,FALSE
72690b9b-5fcd-43cc-9f2e-8b5dd041b889,c8da8e9c-023d-43a9-8aaa-0f293384fa64,FL,NA,NA,U.S. Senate,University of North Florida,NA,NA,lv,768,2026-02-21,2026-03-02,NA,general,https://floridapolitics.com/archives/783199-desantis-more-popular-trump-poll/,Angie Nixon,38,Ashley Moody,46,-8,FALSE
0c1d5568-d122-4047-b18a-d2ae1f2bc8c1,5dc82ea2-102e-4d9b-9294-5b8b8f21170e,FL,NA,NA,U.S. Senate,Emerson College,NA,NA,lv,1125,2026-03-29,2026-03-31,NA,general,https://emersoncollegepolling.com/florida-2026-poll-donalds-leads-gop-primary-for-governor-republicans-outpace-democrats-in-florida-elections/,Alexander Vindman,38,Ashley Moody,45.9,-7.899999999999999,FALSE
0c1d5568-d122-4047-b18a-d2ae1f2bc8c1,746c97d1-eba9-4ed4-a466-8d54dad8b313,FL,NA,NA,U.S. Senate,Emerson College,NA,NA,lv,1125,2026-03-29,2026-03-31,NA,general,https://emersoncollegepolling.com/florida-2026-poll-donalds-leads-gop-primary-for-governor-republicans-outpace-democrats-in-florida-elections/,Hector Mujica,37.6,Ashley Moody,45.3,-7.699999999999996,FALSE
0c1d5568-d122-4047-b18a-d2ae1f2bc8c1,d0ee150b-1415-41f9-a7e9-002d2014ae36,FL,NA,NA,U.S. Senate,Emerson College,NA,NA,lv,1125,2026-03-29,2026-03-31,NA,general,https://emersoncollegepolling.com/florida-2026-poll-donalds-leads-gop-primary-for-governor-republicans-outpace-democrats-in-florida-elections/,Angie Nixon,36.3,Ashley Moody,47.3,-11,FALSE
6de9b68d-c895-4d9d-ae37-a4a63cc6e7da,47f32d3b-118b-48ee-8c55-ef116ecc0fd0,FL,NA,NA,U.S. Senate,MDW Communications,EDGE Communications,NA,lv,1834,2026-03-27,2026-04-03,NA,general,https://files.constantcontact.com/633ccf07901/581e6534-4e18-43a0-bffb-7cc7221a349a.pdf?rdr=true,Alexander Vindman,42.2,Ashley Moody,43.4,-1.1999999999999957,FALSE
cd9f4a7f-1185-4e27-89ae-9e8998e548b4,cc7b30bb-ba8d-4de4-8890-35bb5b6d84f3,FL,NA,NA,U.S. Senate,Public Policy Polling,NA,DEM,rv,574,2026-04-02,2026-04-03,NA,general,https://floridapolitics.com/archives/789481-alex-vindman-internal-poll-shows-him-within-striking-distance-of-ashley-moody/,Alexander Vindman,40,Ashley Moody,43,-3,TRUE
49b05a6f-e105-4f0b-8a6e-a05e9b0bbeae,33384df9-f039-4c7b-a83d-66f042c85e1a,FL,NA,NA,U.S. Senate,Echelon Insights,NetChoice,NA,lv,406,2026-04-03,2026-04-09,NA,general,https://netchoice.org/new-72-of-americans-want-regulators-to-focus-on-lowering-prices-ahead-of-midterms-not-punishing-success/,Alexander Vindman,43,Ashley Moody,50,-7,FALSE
e0c4d5f9-c97e-4b62-993b-32cda2a43ce8,5614f678-263b-4a6b-abbf-a73b3387b43f,FL,NA,NA,U.S. Senate,Stetson University Center for Public Opinion Research,NA,NA,lv,414,2026-03-25,2026-04-13,NA,general,https://www2.stetson.edu/today/2026/04/stetson-poll-republicans-lead-in-florida-2026-races-but-many-voters-still-undecided/,Angie Nixon,38,Ashley Moody,51,-13,FALSE
e0c4d5f9-c97e-4b62-993b-32cda2a43ce8,a7161be1-fb8c-407c-a9e6-a0e389ccaabb,FL,NA,NA,U.S. Senate,Stetson University Center for Public Opinion Research,NA,NA,lv,434,2026-03-25,2026-04-13,NA,general,https://www2.stetson.edu/today/2026/04/stetson-poll-republicans-lead-in-florida-2026-races-but-many-voters-still-undecided/,Alexander Vindman,42,Ashley Moody,49,-7,FALSE
fba38c00-600a-4853-8185-203913c2ab61,67976d67-df82-4948-b47d-19f0b2092d96,FL,NA,NA,U.S. Senate,Cherry Communications,Florida Chamber of Commerce,REP,lv,604,2026-05-01,2026-05-09,NA,general,https://floridapolitics.com/archives/796600-florida-chamber-poll-floridas-republican-tilt-holds-steady/,Alexander Vindman,40,Ashley Moody,48,-8,TRUE
d3c0332e-4eb3-40ce-9ca1-23424e5f5d79,59edfcda-3a7c-4e11-bf89-e8ca64fada72,FL,NA,NA,U.S. Senate,Change Research,Freedom Project USA,NA,lv,1593,2026-05-13,2026-05-16,NA,general,https://changeresearch.com/florida-governors-race-may-2026/,Alexander Vindman,47,Ashley Moody,45,2,FALSE
d3c0332e-4eb3-40ce-9ca1-23424e5f5d79,a231e157-877a-4f2d-b81a-c443270caa9f,FL,NA,NA,U.S. Senate,Change Research,Freedom Project USA,NA,rv,2070,2026-05-13,2026-05-16,NA,general,https://changeresearch.com/florida-governors-race-may-2026/,Alexander Vindman,41,Ashley Moody,46,-5,FALSE
82abb093-a035-4baf-8454-9e8414a28e65,289d7288-375d-472b-bda4-23dbe90ccbdf,FL,NA,NA,U.S. Senate,Global Strategy Group,NA,DEM,lv,1000,2026-05-18,2026-05-21,NA,general,https://floridapolitics.com/archives/798776-alex-vindman-campaign-polling-shows-him-within-striking-distance-of-ashley-moody/,Alexander Vindman,43,Ashley Moody,46,-3,TRUE
4d861c8b-85ec-4c48-b202-172e27f1f06d,044baf98-c239-43ce-9271-33d3a7a8458d,FL,NA,NA,U.S. Senate,Change Research,Freedom Project USA,NA,rv,1273,2026-06-11,2026-06-14,NA,general,https://changeresearch.com/wp-content/uploads/2026/06/Florida-June-Poll-Memo.pdf,Alexander Vindman,42,Ashley Moody,46,-4,FALSE
4d861c8b-85ec-4c48-b202-172e27f1f06d,c24d04dd-befe-4ea2-b56e-85b6ed151e12,FL,NA,NA,U.S. Senate,Change Research,Freedom Project USA,NA,lv,1015,2026-06-11,2026-06-14,NA,general,https://changeresearch.com/wp-content/uploads/2026/06/Florida-June-Poll-Memo.pdf,Alexander Vindman,46,Ashley Moody,46,0,FALSE
b7344ec9-d1d2-459e-a5ad-16965b6345e8,8a563a7e-5e38-413e-b8f5-36bac054a7b6,FL,NA,NA,U.S. Senate,University of North Florida,NA,NA,lv,848,2026-07-08,2026-07-17,NA,general,https://floridapolitics.com/archives/808426-unf-poll-jolly-donalds/,Angie Nixon,41.6,Ashley Moody,50,-8.399999999999999,FALSE
b7344ec9-d1d2-459e-a5ad-16965b6345e8,998b3518-be15-4f62-a6de-a2bb5b47e8d6,FL,NA,NA,U.S. Senate,University of North Florida,NA,NA,lv,848,2026-07-08,2026-07-17,NA,general,https://floridapolitics.com/archives/808426-unf-poll-jolly-donalds/,Alexander Vindman,40.2,Ashley Moody,49.9,-9.699999999999996,FALSE
9d8b464b-d0f1-4fa9-a1c2-f611d332cb71,667a2ccb-cdd5-4be2-9e6a-f8383bc38555,FL,NA,NA,U.S. Senate,Change Research,Freedom Project USA,NA,lv,1107,2026-09-07,2026-09-09,NA,general,https://changeresearch.com/research/2026/2026-09-10-an-emerging-florida-blue-wave,Angie Nixon,47,Ashley Moody,47,0,FALSE
7f4eca68-093c-447a-8a67-3560ea1e48ee,d866b029-e1d4-44e9-a76f-e6ec29ae8f3e,FL,NA,NA,U.S. Senate,Quantus Insights,NA,NA,lv,733,2026-09-08,2026-09-10,NA,general,https://quantusinsights.org/polling/f/new-quantus-polls-moody-leads-in-florida-flanagan-in-minnesota,Angie Nixon,43,Ashley Moody,50.4,-7.399999999999999,FALSE
1292c8da-3ce1-40f8-8e42-342d50715e67,2e467edb-7ce6-4dfe-80cd-9e749fcfac49,FL,NA,NA,U.S. Senate,St. Pete Polls,Florida Politics,NA,lv,913,2026-09-15,2026-09-17,NA,general,https://floridapolitics.com/archives/820638-poll-byron-donalds-44-david-jolly-43-in-dead-heat-race-for-florida-governor/,Angie Nixon,44.8,Ashley Moody,45.2,-0.4000000000000057,FALSE
3d0cc21f-86f0-5d6b-97a9-a9ed929600b5,36875564-2641-4cb0-9517-ee964a497e1d,GA,NA,NA,U.S. Senate,WPA Intelligence,Club for Growth,REP,lv,500,2025-01-14,2025-01-15,NA,general,https://www.politico.com/news/2025/01/16/kemp-ossoff-poll-georgia-senate-00198719,Jon Ossoff,44,Rich McCormick,33,11,TRUE
3d0cc21f-86f0-5d6b-97a9-a9ed929600b5,3b6d9630-1bdb-438d-8e1a-540071243047,GA,NA,NA,U.S. Senate,WPA Intelligence,Club for Growth,REP,lv,500,2025-01-14,2025-01-15,NA,general,https://www.politico.com/news/2025/01/16/kemp-ossoff-poll-georgia-senate-00198719,Jon Ossoff,45,Buddy Carter,32,13,TRUE
3d0cc21f-86f0-5d6b-97a9-a9ed929600b5,3d3be57e-bd52-472d-aa5f-16e01dda2ecf,GA,NA,NA,U.S. Senate,WPA Intelligence,Club for Growth,REP,lv,500,2025-01-14,2025-01-15,NA,general,https://www.politico.com/news/2025/01/16/kemp-ossoff-poll-georgia-senate-00198719,Jon Ossoff,46,Brad Raffensperger,32,14,TRUE
3d0cc21f-86f0-5d6b-97a9-a9ed929600b5,4aa6acb5-7b4c-49d6-b264-80252be38984,GA,NA,NA,U.S. Senate,WPA Intelligence,Club for Growth,REP,lv,500,2025-01-14,2025-01-15,NA,general,https://www.politico.com/news/2025/01/16/kemp-ossoff-poll-georgia-senate-00198719,Jon Ossoff,44,Mike Collins,34,10,TRUE
3d0cc21f-86f0-5d6b-97a9-a9ed929600b5,90f09295-62d2-4f21-a780-c8adb91a3279,GA,NA,NA,U.S. Senate,WPA Intelligence,Club for Growth,REP,lv,500,2025-01-14,2025-01-15,NA,general,https://www.politico.com/news/2025/01/16/kemp-ossoff-poll-georgia-senate-00198719,Jon Ossoff,47,John King,31,16,TRUE
3d0cc21f-86f0-5d6b-97a9-a9ed929600b5,d4dbbd51-98fa-4516-b54c-0959ce1ba59c,GA,NA,NA,U.S. Senate,WPA Intelligence,Club for Growth,REP,lv,500,2025-01-14,2025-01-15,NA,general,https://www.politico.com/news/2025/01/16/kemp-ossoff-poll-georgia-senate-00198719,Jon Ossoff,40,Brian Kemp,46,-6,TRUE
94664497-4ecc-5101-99f0-9312c1c742a5,834393ee-1c2f-471d-a34c-c5c08144dcc6,GA,NA,NA,U.S. Senate,The Tyson Group,NA,NA,lv,600,2025-01-30,2025-01-31,NA,general,https://dailycaller.com/2025/02/11/exclusive-early-polling-senate-race-democrats-kemp-offoff/,Jon Ossoff,42,Brian Kemp,49,-7,FALSE
94664497-4ecc-5101-99f0-9312c1c742a5,a97176fa-aa3f-474b-ab6b-451b521d4bff,GA,NA,NA,U.S. Senate,The Tyson Group,NA,NA,lv,600,2025-01-30,2025-01-31,NA,general,https://dailycaller.com/2025/02/11/exclusive-early-polling-senate-race-democrats-kemp-offoff/,Jon Ossoff,51,Marjorie Taylor Greene,39,12,FALSE
94664497-4ecc-5101-99f0-9312c1c742a5,acc935dc-d2d3-420f-896c-dc9b718d0a77,GA,NA,NA,U.S. Senate,The Tyson Group,NA,NA,lv,600,2025-01-30,2025-01-31,NA,general,https://dailycaller.com/2025/02/11/exclusive-early-polling-senate-race-democrats-kemp-offoff/,Jon Ossoff,47,Buddy Carter,39,8,FALSE
6b809f01-b50c-5e36-829e-2beeeeb8b6d7,cb7abc64-8167-46ea-b6f3-a9d108302296,GA,NA,NA,U.S. Senate,Quantus Insights,TrendingPolitics,REP,rv,800,2025-02-11,2025-02-13,NA,general,https://drive.google.com/file/d/1y1OMfSEOT4Y1_ABcW5Ap5cHAjyPr9kie/view,Jon Ossoff,44.5,Brian Kemp,48.3,-3.799999999999997,TRUE
4594c46a-f4c3-435f-9e7a-2fbfd4545209,895327cf-d35c-47fb-854a-d4d2a8799c18,GA,NA,NA,U.S. Senate,Cygnal Political,NA,NA,lv,600,2025-03-09,2025-03-10,NA,general,https://www.ajc.com/politics/politically-georgia/vote-to-block-transgender-bill-could-hurt-jon-ossoff-new-poll-finds/C4BYVU4YPNH7BDKLH3UUQUIVOM/,Jon Ossoff,43.7,Generic Republican,43.9,-0.19999999999999574,FALSE
88cf1205-1d9c-4264-8a4f-5464d6681ae6,6fadc041-9423-4f7e-aa18-49776d119e25,GA,NA,NA,U.S. Senate,University of Georgia,Atlanta Journal-Constitution,NA,rv,1000,2025-04-15,2025-04-24,NA,general,https://www.ajc.com/politics/trumps-support-sinks-in-georgia-as-economic-fears-rise/UVF4TQWIVNGBXCBNBPCWYX7YLI/,Jon Ossoff,50.9,John King,38.2,12.699999999999996,FALSE
88cf1205-1d9c-4264-8a4f-5464d6681ae6,78aff97a-6051-4cfc-b6a2-7ac15f3890ef,GA,NA,NA,U.S. Senate,University of Georgia,Atlanta Journal-Constitution,NA,rv,1000,2025-04-15,2025-04-24,NA,general,https://www.ajc.com/politics/trumps-support-sinks-in-georgia-as-economic-fears-rise/UVF4TQWIVNGBXCBNBPCWYX7YLI/,Jon Ossoff,48.4,Brad Raffensperger,38.8,9.600000000000001,FALSE
88cf1205-1d9c-4264-8a4f-5464d6681ae6,deb824b0-9c65-48f8-a7d2-68e5bb72c3a8,GA,NA,NA,U.S. Senate,University of Georgia,Atlanta Journal-Constitution,NA,rv,1000,2025-04-15,2025-04-24,NA,general,https://www.ajc.com/politics/trumps-support-sinks-in-georgia-as-economic-fears-rise/UVF4TQWIVNGBXCBNBPCWYX7YLI/,Jon Ossoff,45.7,Brian Kemp,49,-3.299999999999997,FALSE
88cf1205-1d9c-4264-8a4f-5464d6681ae6,e9642333-8646-4401-873f-43a1d81e5f14,GA,NA,NA,U.S. Senate,University of Georgia,Atlanta Journal-Constitution,NA,rv,1000,2025-04-15,2025-04-24,NA,general,https://www.ajc.com/politics/trumps-support-sinks-in-georgia-as-economic-fears-rise/UVF4TQWIVNGBXCBNBPCWYX7YLI/,Jon Ossoff,54.2,Marjorie Taylor Greene,37.3,16.900000000000006,FALSE
d58ed767-bc6f-4924-a6a9-fca28ac2e4f6,1205d8eb-6567-4b73-b888-3868850042fc,GA,NA,NA,U.S. Senate,Trafalgar Group,NA,REP,lv,1426,2025-04-24,2025-04-27,NA,general,https://www.thetrafalgargroup.org/news/ga-sen-2026-0429/,Jon Ossoff,47.5,Mike Collins,42.8,4.700000000000003,TRUE
d58ed767-bc6f-4924-a6a9-fca28ac2e4f6,9414dd9c-35ef-4ebc-92bf-d4b6c61cc50a,GA,NA,NA,U.S. Senate,Trafalgar Group,NA,REP,lv,1426,2025-04-24,2025-04-27,NA,general,https://www.thetrafalgargroup.org/news/ga-sen-2026-0429/,Jon Ossoff,48.3,Marjorie Taylor Greene,36.5,11.799999999999997,TRUE
d58ed767-bc6f-4924-a6a9-fca28ac2e4f6,baeacfc2-4def-4bd6-8bdd-d5818c6299a7,GA,NA,NA,U.S. Senate,Trafalgar Group,NA,REP,lv,1426,2025-04-24,2025-04-27,NA,general,https://www.thetrafalgargroup.org/news/ga-sen-2026-0429/,Jon Ossoff,46.4,Brad Raffensperger,37.5,8.899999999999999,TRUE
ee7a9f19-c33f-487e-bd2e-18ab99fd67a4,10815821-5b56-4632-b8e0-97ffb30d3d54,GA,NA,NA,U.S. Senate,Cygnal Political,Democracy Defense Project,NA,rv,800,2025-05-15,2025-05-17,NA,general,https://www.ajc.com/politics/2025/05/brad-raffensperger-for-senate-poll-shows-dead-heat-with-jon-ossoff/,Jon Ossoff,46.3,Kelly Loeffler,42.8,3.5,FALSE
ee7a9f19-c33f-487e-bd2e-18ab99fd67a4,1d8819b7-b2ca-457f-b308-d4f0a2bfd1ed,GA,NA,NA,U.S. Senate,Cygnal Political,Democracy Defense Project,NA,rv,800,2025-05-15,2025-05-17,NA,general,https://www.ajc.com/politics/2025/05/brad-raffensperger-for-senate-poll-shows-dead-heat-with-jon-ossoff/,Jon Ossoff,46,Buddy Carter,42.1,3.8999999999999986,FALSE
ee7a9f19-c33f-487e-bd2e-18ab99fd67a4,55e967b2-dc42-4ddc-9d2f-6c89b9d3cf0f,GA,NA,NA,U.S. Senate,Cygnal Political,Democracy Defense Project,NA,rv,800,2025-05-15,2025-05-17,NA,general,https://www.ajc.com/politics/2025/05/brad-raffensperger-for-senate-poll-shows-dead-heat-with-jon-ossoff/,Jon Ossoff,45.7,Mike Collins,43.3,2.4000000000000057,FALSE
ee7a9f19-c33f-487e-bd2e-18ab99fd67a4,7e6258c4-4b93-472e-bdb3-d351fbcdfa68,GA,NA,NA,U.S. Senate,Cygnal Political,Democracy Defense Project,NA,rv,800,2025-05-15,2025-05-17,NA,general,https://www.ajc.com/politics/2025/05/brad-raffensperger-for-senate-poll-shows-dead-heat-with-jon-ossoff/,Jon Ossoff,44.7,John King,42.1,2.6000000000000014,FALSE
ee7a9f19-c33f-487e-bd2e-18ab99fd67a4,bf2db0ed-f8aa-4056-ad25-5a0fcd0a5cfa,GA,NA,NA,U.S. Senate,Cygnal Political,Democracy Defense Project,NA,rv,800,2025-05-15,2025-05-17,NA,general,https://www.ajc.com/politics/2025/05/brad-raffensperger-for-senate-poll-shows-dead-heat-with-jon-ossoff/,Jon Ossoff,44.1,Brad Raffensperger,44.3,-0.19999999999999574,FALSE
813bd1f1-6548-48db-99c0-f776354028e1,1840d1e0-c1fb-4fde-a7be-4e3b2c96187f,GA,NA,NA,U.S. Senate,Cygnal Political,NA,REP,lv,610,2025-06-16,2025-06-18,NA,general,https://x.com/bluestein/status/1939633570688938308,Jon Ossoff,49.8,John King,40,9.799999999999997,TRUE
9cad2382-393f-45bb-8603-a0e7328c7393,177949d4-3053-4379-88de-81efb0053ac3,GA,NA,NA,U.S. Senate,TIPP Insights,League of American Workers,REP,lv,2395,2025-07-28,2025-08-01,NA,general,https://dailycaller.com/2025/08/07/mike-collins-georgia-senate-poll/,Jon Ossoff,45.16,Derek Dooley,42,3.1599999999999966,TRUE
9cad2382-393f-45bb-8603-a0e7328c7393,86b230ad-4a63-4956-81b4-4d4f074c1717,GA,NA,NA,U.S. Senate,TIPP Insights,League of American Workers,REP,lv,2395,2025-07-28,2025-08-01,NA,general,https://dailycaller.com/2025/08/07/mike-collins-georgia-senate-poll/,Jon Ossoff,45.12,Buddy Carter,43.43,1.6899999999999977,TRUE
9cad2382-393f-45bb-8603-a0e7328c7393,966884d0-665d-453f-93a1-f07524510afa,GA,NA,NA,U.S. Senate,TIPP Insights,League of American Workers,REP,rv,2956,2025-07-28,2025-08-01,NA,general,https://dailycaller.com/2025/08/07/mike-collins-georgia-senate-poll/,Jon Ossoff,43.62,Derek Dooley,38.95,4.669999999999995,TRUE
9cad2382-393f-45bb-8603-a0e7328c7393,a151bb68-71e9-4282-a6b7-1ff0e10ddcf0,GA,NA,NA,U.S. Senate,TIPP Insights,League of American Workers,REP,lv,2395,2025-07-28,2025-08-01,NA,general,https://dailycaller.com/2025/08/07/mike-collins-georgia-senate-poll/,Jon Ossoff,44.94,Mike Collins,44.1,0.8399999999999963,TRUE
9cad2382-393f-45bb-8603-a0e7328c7393,e0b698f5-05d9-4ee5-8319-15ca1fd75bbc,GA,NA,NA,U.S. Senate,TIPP Insights,League of American Workers,REP,rv,2956,2025-07-28,2025-08-01,NA,general,https://dailycaller.com/2025/08/07/mike-collins-georgia-senate-poll/,Jon Ossoff,43.51,Buddy Carter,40.34,3.1699999999999946,TRUE
9cad2382-393f-45bb-8603-a0e7328c7393,ebbed8cd-3f05-4de9-bd08-b136618da1f8,GA,NA,NA,U.S. Senate,TIPP Insights,League of American Workers,REP,rv,2956,2025-07-28,2025-08-01,NA,general,https://dailycaller.com/2025/08/07/mike-collins-georgia-senate-poll/,Jon Ossoff,43.5,Mike Collins,40.61,2.8900000000000006,TRUE
46ad4875-aab2-462d-a5e7-0b60d3965034,117d5347-ed91-469e-a15f-055245fdd2c9,GA,NA,NA,U.S. Senate,Quantus Insights,NA,NA,rv,624,2025-09-09,2025-09-12,NA,general,https://drive.google.com/file/d/1s_XyIo0Rre1TGtVisHKu9hW3S4yEvxRl/view,Jon Ossoff,40.2,Buddy Carter,37.1,3.1000000000000014,FALSE
46ad4875-aab2-462d-a5e7-0b60d3965034,66b21bed-b00e-4f38-93f6-eb533570dbbc,GA,NA,NA,U.S. Senate,Quantus Insights,NA,NA,rv,624,2025-09-09,2025-09-12,NA,general,https://drive.google.com/file/d/1s_XyIo0Rre1TGtVisHKu9hW3S4yEvxRl/view,Jon Ossoff,42.1,Derek Dooley,35.4,6.700000000000003,FALSE
46ad4875-aab2-462d-a5e7-0b60d3965034,ab985816-1761-4030-9272-80bab001053c,GA,NA,NA,U.S. Senate,Quantus Insights,NA,NA,rv,624,2025-09-09,2025-09-12,NA,general,https://drive.google.com/file/d/1s_XyIo0Rre1TGtVisHKu9hW3S4yEvxRl/view,Jon Ossoff,37.8,Mike Collins,37.7,0.09999999999999432,FALSE
7720f3fa-d9be-461e-a9ab-0ddb661a7672,87a33e31-b862-465c-b4c1-7c3605b39eab,GA,NA,NA,U.S. Senate,Emerson College,Nexstar,NA,lv,1000,2026-02-28,2026-03-02,NA,general,https://emersoncollegepolling.com/georgia-2026-poll-senator-ossoff-starts-re-election-near-50-and-outpaces-gop-field/,Jon Ossoff,48.9,Derek Dooley,41.4,7.5,FALSE
7720f3fa-d9be-461e-a9ab-0ddb661a7672,c5396d07-88c7-4c43-b4bc-6b798fb19871,GA,NA,NA,U.S. Senate,Emerson College,Nexstar,NA,lv,1000,2026-02-28,2026-03-02,NA,general,https://emersoncollegepolling.com/georgia-2026-poll-senator-ossoff-starts-re-election-near-50-and-outpaces-gop-field/,Jon Ossoff,47.7,Mike Collins,43.3,4.400000000000006,FALSE
7720f3fa-d9be-461e-a9ab-0ddb661a7672,ddf4500c-cff8-48f8-8292-1186dc45e8ad,GA,NA,NA,U.S. Senate,Emerson College,Nexstar,NA,lv,1000,2026-02-28,2026-03-02,NA,general,https://emersoncollegepolling.com/georgia-2026-poll-senator-ossoff-starts-re-election-near-50-and-outpaces-gop-field/,Jon Ossoff,47.1,Buddy Carter,43.7,3.3999999999999986,FALSE
e154d9f8-b73d-4cec-b9db-b5df7f368768,2b04c004-dedb-46be-8b39-5622ec0f004a,GA,NA,NA,U.S. Senate,Echelon Insights,NetChoice,NA,lv,407,2026-04-03,2026-04-09,NA,general,https://netchoice.org/new-72-of-americans-want-regulators-to-focus-on-lowering-prices-ahead-of-midterms-not-punishing-success/,Jon Ossoff,52,Buddy Carter,43,9,FALSE
e154d9f8-b73d-4cec-b9db-b5df7f368768,dac15d33-9fe5-4e6c-a841-6927f495fd52,GA,NA,NA,U.S. Senate,Echelon Insights,NetChoice,NA,lv,407,2026-04-03,2026-04-09,NA,general,https://netchoice.org/new-72-of-americans-want-regulators-to-focus-on-lowering-prices-ahead-of-midterms-not-punishing-success/,Jon Ossoff,51,Mike Collins,44,7,FALSE
218f0f52-9f5d-4b50-ae1d-bae3778ef88e,6a937898-d2f5-45be-9ad1-5d9675b8c578,GA,NA,NA,U.S. Senate,Beacon Research/Shaw & Company Research,Fox News,NA,rv,1002,2026-06-23,2026-06-27,NA,general,https://www.foxnews.com/politics/fox-news-poll-early-look-georgia-senate-race,Jon Ossoff,56,Mike Collins,43,13,FALSE
3eccfb66-aab7-475e-a672-bc7dd16272cc,8084018b-2e4c-461f-a069-38322cbf83c7,GA,NA,NA,U.S. Senate,Wick,NA,NA,lv,1175,2026-06-27,2026-06-30,NA,general,https://wick.io/research-georgia-election-survey-june-2026,Jon Ossoff,46.7,Mike Collins,42.9,3.8000000000000043,FALSE
ea64198b-578f-401b-9d11-1c8ea5c5c122,39830d1f-9dca-4db2-bd41-81a467cc9f07,GA,NA,NA,U.S. Senate,Fabrizio Ward/Impact Research,AARP,NA,lv,1060,2026-07-13,2026-07-16,NA,general,https://www.aarp.org/pri/topics/voter-research/politics/2026-midterm-election-poll-georgia/,Jon Ossoff,52,Mike Collins,43,9,FALSE
36116a64-5101-4c69-9a3d-f1d3c4c6a83d,c953f8f7-c3dd-4bd5-ac8b-230254a27ade,GA,NA,NA,U.S. Senate,InsiderAdvantage,James Magazine Online,NA,lv,800,2026-08-16,2026-08-17,NA,general,https://jamesmagazinega.com/2026/08/18/exclusive-jmo-insideradvantage-georgia-survey-ossoff-leads-jackson-lance-bottoms-tied/,Jon Ossoff,50.1,Mike Collins,42.6,7.5,FALSE
0e1449be-7a0f-4fc2-beb1-6d95675b7439,e4e8615f-9864-482a-9569-ad14a1ffb78d,GA,NA,NA,U.S. Senate,Trafalgar Group,NA,REP,lv,1091,2026-09-10,2026-09-12,NA,general,https://www.thetrafalgargroup.org/wp-content/uploads/2026/09/GA-General-Full-Report-0912.pdf,Jon Ossoff,49.4,Mike Collins,42.8,6.600000000000001,TRUE
d6876f4e-e4f8-4a30-8d1d-c425e4e597aa,3fdcf2d2-d867-46ba-a30f-f37464381098,GA,NA,NA,U.S. Senate,Quantus Insights,NA,NA,lv,645,2026-09-14,2026-09-16,NA,general,https://quantusinsights.org/f/ossoff-leads-collins-by-four-points-in-georgia-senate-race,Jon Ossoff,49,Mike Collins,44.9,4.100000000000001,FALSE
39375afc-d9f8-471e-82c0-adf6483528c2,237ae63f-f2c3-4f39-9288-b51673d913a9,IA,NA,NA,U.S. Senate,Public Policy Polling,Senate Majority PAC,DEM,rv,568,2025-06-02,2025-06-03,NA,general,https://www.publicpolicypolling.com/wp-content/uploads/2025/06/IowaPollJune2025.pdf,Generic Democrat,43,Joni Ernst,45,-2,TRUE
721758b1-a6cd-45d9-a764-99959b17c7a2,845eb3cb-3ed1-4b90-82f0-9a1c24cd2760,IA,NA,NA,U.S. Senate,Public Policy Polling,NA,DEM,rv,572,2025-08-18,2025-08-19,NA,general,https://littlevillagemag.com/new-poll-finds-sen-joni-ernst-struggling/,Zach Wahls,45,Joni Ernst,43,2,TRUE
721758b1-a6cd-45d9-a764-99959b17c7a2,8959451f-3f1c-4d73-94b8-0119e6201b60,IA,NA,NA,U.S. Senate,Public Policy Polling,NA,DEM,rv,572,2025-08-18,2025-08-19,NA,general,https://littlevillagemag.com/new-poll-finds-sen-joni-ernst-struggling/,Nathan Sage,42,Joni Ernst,44,-2,TRUE
721758b1-a6cd-45d9-a764-99959b17c7a2,a32107a6-060e-4ba7-b806-1bb78f64f7bc,IA,NA,NA,U.S. Senate,Public Policy Polling,NA,DEM,rv,572,2025-08-18,2025-08-19,NA,general,https://littlevillagemag.com/new-poll-finds-sen-joni-ernst-struggling/,Jackie Norris,43,Joni Ernst,44,-1,TRUE
721758b1-a6cd-45d9-a764-99959b17c7a2,c38af407-14ab-44e6-bdae-20a867bb57bf,IA,NA,NA,U.S. Senate,Public Policy Polling,NA,DEM,rv,572,2025-08-18,2025-08-19,NA,general,https://littlevillagemag.com/new-poll-finds-sen-joni-ernst-struggling/,Josh Turek,43,Joni Ernst,44,-1,TRUE
9a2b0ab0-8dd8-452c-8846-9a8d620d9d01,58b53098-3abf-4eb9-ac1d-a94af3ce758a,IA,NA,NA,U.S. Senate,Change Research,NA,NA,lv,1108,2026-01-08,2026-01-11,NA,general,https://x.com/Bencjacobs/status/2020894441196663099,Nathan Sage,41,Ashley Hinson,44,-3,FALSE
9a2b0ab0-8dd8-452c-8846-9a8d620d9d01,6ec04ca5-dcf5-43d6-8b9e-d05ad64cc56d,IA,NA,NA,U.S. Senate,Change Research,NA,NA,lv,1108,2026-01-08,2026-01-11,NA,general,https://x.com/Bencjacobs/status/2020894441196663099,Josh Turek,41,Ashley Hinson,44,-3,FALSE
9a2b0ab0-8dd8-452c-8846-9a8d620d9d01,8eeb3387-e0f7-4a91-86e8-88e51d643647,IA,NA,NA,U.S. Senate,Change Research,NA,NA,lv,1108,2026-01-08,2026-01-11,NA,general,https://x.com/Bencjacobs/status/2020894441196663099,Zach Wahls,41,Ashley Hinson,44,-3,FALSE
e6cb5ea0-a482-40b1-aa49-45f7eef8eb57,d60fe5ca-e54f-4c6c-ab04-e12326a540bb,IA,NA,NA,U.S. Senate,GBAO,ModSquad,DEM,lv,1200,2026-03-10,2026-03-16,NA,general,https://www.politico.com/newsletters/playbook/2026/04/13/what-dems-should-take-from-orbans-defeat-00868714?nname=playbook&nid=0000014f-1646-d88f-a1cf-5f46b7bd0000&nrid=4d735b47-a8a7-41f4-9c35-277919f359ed,Josh Turek,43,Ashley Hinson,47,-4,TRUE
e6cb5ea0-a482-40b1-aa49-45f7eef8eb57,fde0b38f-4979-402e-9bc3-6d3006b65575,IA,NA,NA,U.S. Senate,GBAO,ModSquad,DEM,lv,1200,2026-03-10,2026-03-16,NA,general,https://www.politico.com/newsletters/playbook/2026/04/13/what-dems-should-take-from-orbans-defeat-00868714?nname=playbook&nid=0000014f-1646-d88f-a1cf-5f46b7bd0000&nrid=4d735b47-a8a7-41f4-9c35-277919f359ed,Zach Wahls,44,Ashley Hinson,47,-3,TRUE
bfdc9478-9560-4666-9689-c10a7f491db2,b51ba24f-1617-4aad-ac3a-f461635f5d92,IA,NA,NA,U.S. Senate,Echelon Insights,NetChoice,NA,lv,377,2026-04-03,2026-04-09,NA,general,https://netchoice.org/new-72-of-americans-want-regulators-to-focus-on-lowering-prices-ahead-of-midterms-not-punishing-success/,Zach Wahls,46,Ashley Hinson,44,2,FALSE
bfdc9478-9560-4666-9689-c10a7f491db2,f87a8be6-8cc4-4211-aa23-2c199059a7db,IA,NA,NA,U.S. Senate,Echelon Insights,NetChoice,NA,lv,377,2026-04-03,2026-04-09,NA,general,https://netchoice.org/new-72-of-americans-want-regulators-to-focus-on-lowering-prices-ahead-of-midterms-not-punishing-success/,Josh Turek,46,Ashley Hinson,45,1,FALSE
f592df59-2938-4f60-9b35-8bb8c1797b2d,bde33656-d3b2-42a1-bb5c-baa71779a04f,IA,NA,NA,U.S. Senate,Public Policy Polling,Democratic Senatorial Campaign Committee,DEM,rv,557,2026-06-03,2026-06-04,NA,general,https://www.politico.com/newsletters/playbook/2026/06/08/ron-klain-picks-his-2028-horse-00953194?nname=playbook&nid=0000014f-1646-d88f-a1cf-5f46b7bd0000&nrid=0000014e-f10d-dd93-ad7f-f90de50d0003,Josh Turek,46,Ashley Hinson,46,0,TRUE
451d8bec-3834-470b-ac9a-1ba5e1a05a5b,60801fd4-c642-4197-bc3e-40911606462a,IA,NA,NA,U.S. Senate,Global Strategy Group,NA,DEM,lv,1000,2026-06-08,2026-06-11,NA,general,https://www.politico.com/newsletters/playbook/2026/06/22/the-next-geopolitical-crisis-00969509?,Generic Democrat,45,Generic Republican,47,-2,TRUE
451d8bec-3834-470b-ac9a-1ba5e1a05a5b,6e303674-d8f9-460d-a9d0-fe5d32c25fca,IA,NA,NA,U.S. Senate,Global Strategy Group,NA,DEM,lv,1000,2026-06-08,2026-06-11,NA,general,https://www.politico.com/newsletters/playbook/2026/06/22/the-next-geopolitical-crisis-00969509?,Josh Turek,47,Ashley Hinson,45,2,TRUE
24dd386f-3111-4c4a-9e7e-08d902516a53,32b82489-803b-47cd-9db4-490c9b50f4e3,IA,NA,NA,U.S. Senate,Cygnal Political,Iowans for Tax Relief Foundation,REP,lv,600,2026-06-16,2026-06-19,NA,general,https://taxrelief.org/itr-foundation-poll-shows-iowans-want-taxpayer-protection/,Josh Turek,44.2,Ashley Hinson,46,-1.7999999999999972,TRUE
0adcbad6-4f3a-4ede-9d94-ab1ffe58c64f,84bf212d-7be8-4243-aab1-d027880a9f3c,IA,NA,NA,U.S. Senate,The New York Times/Siena University,NA,NA,lv,600,2026-06-15,2026-06-27,NA,general,https://www.nytimes.com/interactive/2026/07/01/polls/times-siena-iowa-poll-crosstabs.html,Josh Turek,46.01,Ashley Hinson,48.48,-2.469999999999999,FALSE
29db67fd-4e3f-48b5-bc3e-a47216e0df73,dc054fad-9f8e-4157-83eb-a0d13ea3717d,IA,NA,NA,U.S. Senate,Beacon Research/Shaw & Company Research,Fox News,NA,rv,1003,2026-06-23,2026-06-27,NA,general,https://www.foxnews.com/politics/fox-news-poll-close-senate-contest-brewing-iowa,Josh Turek,50,Ashley Hinson,46,4,FALSE
c04eb984-be14-411e-8c39-84c047d5b0c2,1c0e0e0c-40ec-4a27-b4f9-aa5589d1ef33,IA,NA,NA,U.S. Senate,Emerson College,Nexstar,NA,lv,712,2026-08-02,2026-08-04,NA,general,https://emersoncollegepolling.com/iowa-2026-poll/,Josh Turek,44.98,Ashley Hinson,47.52,-2.5400000000000063,FALSE
bfa1e330-e1e0-4fb7-9be9-1ee513cb362e,ae0fa27a-89cf-4c5d-9285-460e5ec27a36,IA,NA,NA,U.S. Senate,Suffolk University,NA,NA,lv,500,2026-08-20,2026-08-23,NA,general,https://www.suffolk.edu/academics/research-at-suffolk/political-research-center/polls/other-states#collapse-August-26-2026-Iowa-Governor-and-US-Senate-General-Election,Josh Turek,40.8,Ashley Hinson,45.4,-4.600000000000001,FALSE
4a8cbf1d-25af-407c-afde-6ed939b8a7b8,8001aa00-3ab0-4387-b34a-2d3de2be4c9f,IA,NA,NA,U.S. Senate,Abacus Data,NA,NA,lv,323,2026-08-26,2026-08-28,NA,general,https://abacusdata.ca/the-trade-war-next-door-what-american-voters-think-about-tariffs-canada-and-the-battle-for-the-u-s-senate/,Josh Turek,48,Ashley Hinson,41,7,FALSE
4a8cbf1d-25af-407c-afde-6ed939b8a7b8,d47f0c55-f69c-491d-815d-5820c9922f41,IA,NA,NA,U.S. Senate,Abacus Data,NA,NA,rv,500,2026-08-26,2026-08-28,NA,general,https://abacusdata.ca/the-trade-war-next-door-what-american-voters-think-about-tariffs-canada-and-the-battle-for-the-u-s-senate/,Josh Turek,41,Ashley Hinson,36,5,FALSE
d2f6780d-b3b3-407a-87bf-11d8e07e30f2,406622f4-5c24-427d-91ca-e4dab2910d73,IA,NA,NA,U.S. Senate,Wedgewood Polls,NA,NA,lv,600,2026-08-27,2026-08-29,NA,general,https://drive.google.com/file/d/1db0gbhfCa_aNzU7yfM3dufl601cW1FbY/view?usp=drivesdk,Josh Turek,48,Ashley Hinson,50,-2,FALSE
da7271f6-a289-40b8-bd8f-dcf49de9142e,777346dd-ae6e-41e8-980f-7fdf5a60d48b,IA,NA,NA,U.S. Senate,Global Strategy Group,NA,DEM,lv,800,2026-08-27,2026-08-31,NA,general,https://www.semafor.com/article/09/09/2026/democratic-turek-holds-narrow-lead-in-iowa-senate-race-internal-polling-shows,Josh Turek,46,Ashley Hinson,42,4,TRUE
499bff96-0834-41dc-bc89-d2dd01eacac1,ffa6f33b-3f61-4b91-86d4-7727d0348e28,IA,NA,NA,U.S. Senate,Emerson College,Nexstar,NA,lv,750,2026-08-31,2026-09-01,NA,general,https://emersoncollegepolling.com/iowa-2026-poll-hinson-leads-turek/,Josh Turek,45.05,Ashley Hinson,49.47,-4.420000000000002,FALSE
35aeda0e-b9e6-4fcd-9284-7518c4b38581,2505328a-7d26-4a4c-a588-664e6deadfbd,IA,NA,NA,U.S. Senate,YouGov,NA,NA,rv,2166,2026-09-03,2026-09-08,NA,general,https://d3nkl3psvxxpe9.cloudfront.net/documents/iowa_election_20260903.pdf,Josh Turek,44,Ashley Hinson,43,1,FALSE
35aeda0e-b9e6-4fcd-9284-7518c4b38581,752a8d42-8ede-4847-afcc-9a51f9e491fc,IA,NA,NA,U.S. Senate,YouGov,NA,NA,lv,2127,2026-09-03,2026-09-08,NA,general,https://d3nkl3psvxxpe9.cloudfront.net/documents/iowa_election_20260903.pdf,Josh Turek,45,Ashley Hinson,43,2,FALSE
35aeda0e-b9e6-4fcd-9284-7518c4b38581,abf0ae01-602f-4d04-b8f3-f7277b41df6c,IA,NA,NA,U.S. Senate,YouGov,NA,NA,lv,2041,2026-09-03,2026-09-08,NA,general,https://d3nkl3psvxxpe9.cloudfront.net/documents/iowa_election_20260903.pdf,Josh Turek,47,Ashley Hinson,43,4,FALSE
3e3eb534-bebb-49dd-9c2a-0297381037f5,89ad2f64-2dc7-45a4-9e0d-72f74db5a7b0,IA,NA,NA,U.S. Senate,Cygnal Political,Iowans for Tax Relief Foundation,REP,lv,500,2026-09-09,2026-09-11,NA,general,https://itrfoundation.org/new-poll-iowa-voters-support-supermajority-requirement-to-raise-income-taxes/,Josh Turek,42.9,Ashley Hinson,42.9,0,TRUE
efaddaa3-267a-497a-9cc4-a840834841aa,989ad8cf-099e-4c7a-99e4-d21cd2173c49,IA,NA,NA,U.S. Senate,co/efficient,NA,NA,lv,831,2026-09-14,2026-09-16,NA,general,https://battlegrounds.coefficient.org/ia/,Generic Democrat,43,Generic Republican,48,-5,FALSE
efaddaa3-267a-497a-9cc4-a840834841aa,b5203d5a-6dcd-4a1d-b566-8e5fb30c3e4e,IA,NA,NA,U.S. Senate,co/efficient,NA,NA,lv,831,2026-09-14,2026-09-16,NA,general,https://battlegrounds.coefficient.org/ia/,Josh Turek,42,Ashley Hinson,46,-4,FALSE
2cefc24c-dab8-41e7-954c-c1e56215262b,a7a35d59-fc2f-4ee7-9670-dd18cbaad2e9,ID,NA,NA,U.S. Senate,The Bullfinch Group,NA,IND,rv,774,2026-05-29,2026-06-01,NA,general,https://www.thebullfinchgroup.com/post/for-immediate-release-independent-todd-achilles-surges-on-informed-ballot,David Roth,15,James Risch,41,-26,TRUE
2cefc24c-dab8-41e7-954c-c1e56215262b,b5b3436a-efa7-41d4-9a96-112e6d07da85,ID,NA,NA,U.S. Senate,The Bullfinch Group,NA,IND,rv,774,2026-05-29,2026-06-01,NA,general,https://www.thebullfinchgroup.com/post/for-immediate-release-independent-todd-achilles-surges-on-informed-ballot,David Roth,33,James Risch,50,-17,TRUE
c122ad52-5f1f-4e63-adb5-0e3e0218943e,daff86b9-af5f-4064-a641-19e32257bf81,ID,NA,NA,U.S. Senate,Peak Insights,NA,REP,lv,500,2026-06-06,2026-06-07,NA,general,https://senatorrisch.com/polling/,David Roth,15,James Risch,55,-40,TRUE
909a333a-6acb-47ed-9a65-5b475b941da2,bcf7bc7f-bd97-4037-9999-9536c18f1fab,ID,NA,NA,U.S. Senate,Change Research,NA,IND,lv,NA,2026-07-28,2026-07-30,NA,general,https://static1.squarespace.com/static/69781c4082a86d0a267710a0/t/6a74dd64f53c5d50f999296c/1786043748443/Release_Polling+Results_Final_8.6.26.pdf,David Roth,13,James Risch,42,-29,TRUE
1609f740-bfac-4e97-967a-7a4609268938,1a32bb7c-e772-4c09-98a4-cf324acd574b,KS,NA,NA,U.S. Senate,Tavern Research,NA,NA,lv,1013,2026-01-26,2026-01-28,NA,general,https://mailchi.mp/noahforkansas/041726icymi?e=eabd966005,Patrick Schmidt,46,Roger Marshall,54,-8,FALSE
1609f740-bfac-4e97-967a-7a4609268938,20a63636-0314-4308-9dcf-213dda869425,KS,NA,NA,U.S. Senate,Tavern Research,NA,NA,lv,1013,2026-01-26,2026-01-28,NA,general,https://mailchi.mp/noahforkansas/041726icymi?e=eabd966005,Noah Taylor,45,Roger Marshall,55,-10,FALSE
1609f740-bfac-4e97-967a-7a4609268938,608ac264-2cf0-473f-9077-4a4e42a05fc1,KS,NA,NA,U.S. Senate,Tavern Research,NA,NA,lv,1013,2026-01-26,2026-01-28,NA,general,https://mailchi.mp/noahforkansas/041726icymi?e=eabd966005,Adam Hamilton,46,Roger Marshall,54,-8,FALSE
1609f740-bfac-4e97-967a-7a4609268938,d0441e5f-a870-45fa-87e9-8fdb63ea8e1c,KS,NA,NA,U.S. Senate,Tavern Research,NA,NA,lv,1013,2026-01-26,2026-01-28,NA,general,https://mailchi.mp/noahforkansas/041726icymi?e=eabd966005,Generic Democrat,46,Roger Marshall,54,-8,FALSE
db1fc453-f2fa-46e8-a6cf-dc61581e548b,4fef14ea-5eb6-423e-8828-e4c07f234e69,KS,NA,NA,U.S. Senate,GQR,NA,DEM,lv,500,2026-04-23,2026-04-27,NA,general,https://x.com/JacobRubashkin/status/2052495746461471175?s=20,Patrick Schmidt,45,Roger Marshall,49,-4,TRUE
a5409ebe-3c9f-42c9-8e26-ffba5acadc68,4c09ee9b-2f3b-44e5-94b7-fa76d0755570,KS,NA,NA,U.S. Senate,GBAO,NA,DEM,lv,600,2026-07-08,2026-07-13,NA,general,https://www.politico.com/newsletters/playbook-pm/2026/08/07/the-gops-new-economic-anchor-01029005,Adam Hamilton,43,Roger Marshall,47,-4,TRUE
e7abad22-0e2d-47e8-8f87-76f63f3ea716,69641804-acc4-4e61-bb10-10f3f6995bcb,KS,NA,NA,U.S. Senate,Public Policy Polling,Senate Majority PAC,DEM,rv,NA,2026-08-07,2026-08-08,NA,general,https://static01.nyt.com/newsgraphics/documenttools/b727068b48546990/3bda8f92-full.pdf,Adam Hamilton,45,Roger Marshall,46,-1,TRUE
3a7ff75c-d551-4cbd-aadc-b455292f1ada,4e5cc697-380c-4c35-9625-27e4ff83d0bb,KS,NA,NA,U.S. Senate,Global Strategy Group,People Over Politics Action Fund,DEM,lv,800,2026-08-12,2026-08-16,NA,general,https://www.the-downballot.com/p/morning-digest-massachusetts-could,Adam Hamilton,44,Roger Marshall,43,1,TRUE
8f9d28d7-4b18-4a97-b827-bd29bb7d211a,6d56ec46-f347-4bdf-b651-ddf7ec3a41cd,KS,NA,NA,U.S. Senate,co/efficient,NA,NA,lv,915,2026-09-08,2026-09-10,NA,general,https://battlegrounds.coefficient.org/ks/,Adam Hamilton,44,Roger Marshall,49,-5,FALSE
8f9d28d7-4b18-4a97-b827-bd29bb7d211a,b18354c4-724c-4435-960a-b0b6fde5a694,KS,NA,NA,U.S. Senate,co/efficient,NA,NA,lv,915,2026-09-08,2026-09-10,NA,general,https://battlegrounds.coefficient.org/ks/,Generic Democrat,45,Generic Republican,51,-6,FALSE
8b579ddd-2169-412e-8ce9-074cc2643108,8c872235-9531-44b6-ad7e-48d891628dba,KS,NA,NA,U.S. Senate,Emerson College,Nexstar,NA,lv,750,2026-09-15,2026-09-16,NA,general,https://emersoncollegepolling.com/kansas-2026/,Adam Hamilton,44.75,Roger Marshall,43.3,1.4500000000000028,FALSE
0b7fff34-7e98-4953-92ba-f7035a5f7e8f,4af965d7-0b2e-4d75-8db3-acc353976585,KY,NA,NA,U.S. Senate,Public Policy Polling,NA,DEM,rv,650,2025-12-18,2025-12-19,NA,general,https://www.kentucky.com/news/politics-government/article314061118.html,Charles Booker,39,Daniel Cameron,46,-7,TRUE
0b7fff34-7e98-4953-92ba-f7035a5f7e8f,82a5994a-b26f-45b3-afb1-455e8ff90c61,KY,NA,NA,U.S. Senate,Public Policy Polling,NA,DEM,rv,648,2025-12-18,2025-12-19,NA,general,https://www.kentucky.com/news/politics-government/article314061118.html,Amy McGrath,35,Generic Republican,51,-16,TRUE
0b7fff34-7e98-4953-92ba-f7035a5f7e8f,a4daf9fd-c50a-4e06-b07e-796e108b3206,KY,NA,NA,U.S. Senate,Public Policy Polling,NA,DEM,rv,650,2025-12-18,2025-12-19,NA,general,https://www.kentucky.com/news/politics-government/article314061118.html,Charles Booker,40,Nate Morris,41,-1,TRUE
0b7fff34-7e98-4953-92ba-f7035a5f7e8f,b846453f-7232-4dbe-901b-0580780c39fc,KY,NA,NA,U.S. Senate,Public Policy Polling,NA,DEM,rv,650,2025-12-18,2025-12-19,NA,general,https://www.kentucky.com/news/politics-government/article314061118.html,Charles Booker,38,Andy Barr,49,-11,TRUE
0b7fff34-7e98-4953-92ba-f7035a5f7e8f,e6d3070e-e05a-4be6-936e-a56393d81726,KY,NA,NA,U.S. Senate,Public Policy Polling,NA,DEM,rv,649,2025-12-18,2025-12-19,NA,general,https://www.kentucky.com/news/politics-government/article314061118.html,Charles Booker,36,Generic Republican,50,-14,TRUE
8e8d7685-88cb-4337-ae68-848158d5d113,84c909b8-7800-40a9-ad74-0ddcd9d08ef8,KY,NA,NA,U.S. Senate,Global Strategy Group,NA,DEM,lv,600,2026-08-24,2026-08-27,NA,general,https://fox56news.com/news/kentucky/new-poll-shows-charles-booker-trailing-just-behind-andy-barr-in-race-for-senate/,Charles Booker,40,Andy Barr,49,-9,TRUE
1be76207-bfa8-40f6-aa1f-b0a835f069ea,c8f1ad3c-55a1-477a-ac95-85a0fa9be383,LA,NA,NA,U.S. Senate,Public Policy Polling,NA,DEM,rv,518,2026-07-21,2026-07-22,NA,primary,https://bayouprogressive.com/2026/08/new-poll-puts-jamie-davis-four-points-behind-julia-letlow-as-1-in-5-voters-remain-undecided/,James Davis,37,Julia Letlow,41,-4,TRUE
9e28ae65-9223-53c4-b97f-b3c086eb8593,af0be288-e84f-467c-9aed-9a299fb73f8d,MA,NA,NA,U.S. Senate,MassINC Polling Group,NA,NA,lv,582,2024-10-29,2024-11-01,NA,general,https://www.massincpolling.com/our-work/final-mpg-poll-of-massachusetts-voters-find-harris-warren-maintaining-commanding-leads,Ed Markey,34,Charles D. Baker,40,-6,FALSE
29d3584e-4df8-5947-9540-b9433f7bb0a1,aa762b68-9403-4ed3-b2c6-a169ebac11e3,MA,NA,NA,U.S. Senate,YouGov,UMass Amherst | WCVB-TV,NA,a,700,2025-02-14,2025-02-20,NA,general,https://www.umass.edu/news/article/housing-tops-list-concerns-massachusetts-voters-new-umass-amherstwcvb-poll-finds,Ed Markey,35,Charles D. Baker,33,2,FALSE
ca567a7a-3461-4a1f-b293-0446e1b77369,1cc071d1-3aff-4a93-afcb-73fad8b0c0b7,MA,NA,NA,U.S. Senate,SurveyUSA,MA Responsible Alliance,NA,rv,775,2025-02-28,2025-03-04,NA,general,https://www.surveyusa.com/client/PollReport.aspx?g=adc70fa6-00da-4a97-9b1a-7eb4844e0302,Ed Markey,45,John Deaton,26,19,FALSE
2c6268e3-dccd-438f-9b60-9f9ecdb3f9ae,353c9de0-0385-43c5-bbc3-ae5e879b367b,MA,NA,NA,U.S. Senate,Suffolk University,Boston Globe,NA,rv,500,2025-11-19,2025-11-23,NA,general,https://www.suffolk.edu/academics/research-at-suffolk/political-research-center/polls/massachusetts#collapse-November-25-2025-Massachusetts-Statewide-Issues-with-The-Boston-Globe,Seth Moulton,52,John Deaton,29,23,FALSE
2c6268e3-dccd-438f-9b60-9f9ecdb3f9ae,d68a7ce7-3bb1-4755-8d7b-736e9066c8ad,MA,NA,NA,U.S. Senate,Suffolk University,Boston Globe,NA,rv,500,2025-11-19,2025-11-23,NA,general,https://www.suffolk.edu/academics/research-at-suffolk/political-research-center/polls/massachusetts#collapse-November-25-2025-Massachusetts-Statewide-Issues-with-The-Boston-Globe,Ed Markey,54,John Deaton,31,23,FALSE
32777793-8991-4605-8ee2-872a809cb7bd,ad5236af-d427-4646-b5a8-ed124b62729b,MA,NA,NA,U.S. Senate,Cygnal Political,NA,REP,lv,800,2026-01-22,2026-01-25,NA,general,https://www.politico.com/newsletters/massachusetts-playbook/2026/02/19/senate-adds-healeys-higher-ed-bill-to-the-agenda-00787852,Ed Markey,54,John Deaton,30,24,TRUE
747b9db8-e140-45f5-b3ef-3ba1054bd8b1,650e9293-8613-4c65-acfd-f58a68a29795,MA,NA,NA,U.S. Senate,University of New Hampshire,NA,NA,lv,611,2026-02-12,2026-02-16,NA,general,https://scholars.unh.edu/survey_center_polls/931/,Seth Moulton,59,John Deaton,23,36,FALSE
747b9db8-e140-45f5-b3ef-3ba1054bd8b1,94006e38-da76-41a2-849c-d0a93e49614a,MA,NA,NA,U.S. Senate,University of New Hampshire,NA,NA,lv,616,2026-02-12,2026-02-16,NA,general,https://scholars.unh.edu/survey_center_polls/931/,Ed Markey,56,John Deaton,27,29,FALSE
d402ce3b-830d-4b62-a170-3c6f99f55879,4ccbfc9c-3eef-4c23-b334-c53afa089f3b,MA,NA,NA,U.S. Senate,University of New Hampshire,NA,NA,lv,603,2026-04-16,2026-04-20,NA,general,https://scholars.unh.edu/survey_center_polls/945/,Ed Markey,55,John Deaton,32,23,FALSE
d402ce3b-830d-4b62-a170-3c6f99f55879,f570c67e-0e6b-4fe2-90d9-dad763fd3bd9,MA,NA,NA,U.S. Senate,University of New Hampshire,NA,NA,lv,600,2026-04-16,2026-04-20,NA,general,https://scholars.unh.edu/survey_center_polls/945/,Seth Moulton,56,John Deaton,25,31,FALSE
47a39d12-58de-4b2d-914b-9a03d338c607,548114f1-da7b-4519-8f94-28ba4d366734,MA,NA,NA,U.S. Senate,Suffolk University,Boston Globe,NA,rv,500,2026-06-08,2026-06-12,NA,general,https://www.suffolk.edu/academics/research-at-suffolk/political-research-center/polls/massachusetts#collapse-June-16-2026-Massachusetts-Governor-and-US-Senate-with-The-Boston-Globe,Seth Moulton,53.8,John Deaton,26.2,27.599999999999998,FALSE
47a39d12-58de-4b2d-914b-9a03d338c607,adef2685-55ff-4160-b83c-bdd9c1a20338,MA,NA,NA,U.S. Senate,Suffolk University,Boston Globe,NA,rv,500,2026-06-08,2026-06-12,NA,general,https://www.suffolk.edu/academics/research-at-suffolk/political-research-center/polls/massachusetts#collapse-June-16-2026-Massachusetts-Governor-and-US-Senate-with-The-Boston-Globe,Ed Markey,55,John Deaton,29.8,25.2,FALSE
28aaca86-3405-459d-bde1-783a3c56eef3,b91ed6fd-97df-463a-a670-266fbe3ad4c2,MA,NA,NA,U.S. Senate,University of New Hampshire,NA,NA,lv,600,2026-06-18,2026-06-23,NA,general,https://scholars.unh.edu/survey_center_polls/973/,Seth Moulton,50,John Deaton,30,20,FALSE
28aaca86-3405-459d-bde1-783a3c56eef3,e1dd8e80-9fb0-4f83-8af4-0a3dfddbe0ef,MA,NA,NA,U.S. Senate,University of New Hampshire,NA,NA,lv,618,2026-06-18,2026-06-23,NA,general,https://scholars.unh.edu/survey_center_polls/973/,Ed Markey,50,John Deaton,34,16,FALSE
4b4746d6-4dad-447c-8659-d24dd5be4b13,347f596e-fc2b-425e-b896-0ddbdf31aa6b,MA,NA,NA,U.S. Senate,YouGov,UMass Amherst | WCVB-TV,NA,rv,800,2026-08-05,2026-08-12,NA,general,https://www.umass.edu/news/article/experience-trust-drive-bay-state-primary-voters-support-markey-over-moulton-new-umass,Seth Moulton,49,John Deaton,25,24,FALSE
4b4746d6-4dad-447c-8659-d24dd5be4b13,b2a251e9-3c43-4821-a338-f6e9229aead3,MA,NA,NA,U.S. Senate,YouGov,UMass Amherst | WCVB-TV,NA,rv,800,2026-08-05,2026-08-12,NA,general,https://www.umass.edu/news/article/experience-trust-drive-bay-state-primary-voters-support-markey-over-moulton-new-umass,Ed Markey,51,John Deaton,30,21,FALSE
c3730e7e-803e-4ba0-bc0f-f7ada8bd3fc2,341089bf-e324-430d-8db9-2b8b080481fe,MA,NA,NA,U.S. Senate,University of New Hampshire,7News,NA,lv,893,2026-08-20,2026-08-24,NA,general,https://scholars.unh.edu/survey_center_polls/989/,Seth Moulton,38,John Deaton,25,13,FALSE
c3730e7e-803e-4ba0-bc0f-f7ada8bd3fc2,4d38a24c-8f0c-4725-9e49-325ca5f32797,MA,NA,NA,U.S. Senate,University of New Hampshire,7News,NA,lv,906,2026-08-20,2026-08-24,NA,general,https://scholars.unh.edu/survey_center_polls/989/,Ed Markey,49,John Deaton,30,19,FALSE
5aee4b52-8287-4385-ae50-de34900fb9ac,6794f33e-e9a9-40b1-bddd-7d6193816c05,ME,NA,NA,U.S. Senate,Upswing Research,NA,DEM,lv,600,2025-03-21,2025-03-25,NA,general,https://x.com/NenoNicolosio/status/1955659960748290197,Jordan Wood,42,Susan Collins,43,-1,TRUE
44968742-8516-466f-906e-85dfe3e195a9,95f29866-50f1-40b4-ba5d-17823acdd20e,ME,NA,NA,U.S. Senate,Public Policy Polling,NA,DEM,rv,642,2025-09-08,2025-09-09,NA,general,https://s3.documentcloud.org/documents/26100765/me-sen-public-policy-polling-d-for-dan-kleban-sept-2025.pdf?utm_source=substack&utm_medium=email,Dan Kleban,44,Susan Collins,35,9,TRUE
b5100979-2740-4faa-bf28-7177a120bbce,1cfae712-e955-446d-82fe-86c8d3e957df,ME,NA,NA,U.S. Senate,Zenith Research,More Perfect Union,NA,lv,501,2025-10-07,2025-10-10,NA,general,https://substack.perfectunion.us/p/poll-platner-best-positioned-maine,Graham Platner,38,Susan Collins,38,0,FALSE
b5100979-2740-4faa-bf28-7177a120bbce,abb50f20-fb96-4aa8-80c6-da922a58cb66,ME,NA,NA,U.S. Senate,Zenith Research,More Perfect Union,NA,lv,501,2025-10-07,2025-10-10,NA,general,https://substack.perfectunion.us/p/poll-platner-best-positioned-maine,Janet Mills,42,Susan Collins,37,5,FALSE
07f68eff-7e26-4d5d-a77f-1194be2dbd43,13612c74-1d74-48ff-b0d9-a8e3b6bed0e1,ME,NA,NA,U.S. Senate,Maine People's Resource Center,NA,NA,rv,783,2025-10-26,2025-10-29,NA,general,https://mainepeoplesalliance.org/poll-majority-of-voters-disapprove-of-collins-on-shutdown/,Janet Mills,41.7,Susan Collins,45.8,-4.099999999999994,FALSE
07f68eff-7e26-4d5d-a77f-1194be2dbd43,317e3600-2ac9-4995-81da-9eb1269fc1eb,ME,NA,NA,U.S. Senate,Maine People's Resource Center,NA,NA,rv,783,2025-10-26,2025-10-29,NA,general,https://mainepeoplesalliance.org/poll-majority-of-voters-disapprove-of-collins-on-shutdown/,Graham Platner,44.8,Susan Collins,40.9,3.8999999999999986,FALSE
0c313589-1867-4fc7-a570-e124dc20fd0f,96796342-cd84-4958-83ac-f672b1e44c3b,ME,NA,NA,U.S. Senate,Cygnal Political,Plymouth Union Public Advocacy,NA,lv,600,2025-11-10,2025-11-11,NA,general,https://pup-advocacy.com/wp-content/uploads/2025/11/ME-HC-Tax-Credit-Poll-Memo-3.pdf,Generic Democrat,49,Susan Collins,41,8,FALSE
2acdb89c-0b1e-44ea-9b77-f6bb833e2766,290b5458-a07d-4dd3-8c7d-e2f4e51ad270,ME,NA,NA,U.S. Senate,Pan Atlantic SMS Group,NA,NA,lv,820,2025-11-29,2025-12-07,NA,general,https://www.newscentermaine.com/article/news/politics/maine-politics/mills-platner-maine-us-senate-race-susan-collins-pan-atlantic-research-poll/97-78602517-3f27-4144-bf7b-894bb2366fc5,Janet Mills,43,Susan Collins,43,0,FALSE
2acdb89c-0b1e-44ea-9b77-f6bb833e2766,e42e01cc-6fcd-445e-b504-596cd28a9f1a,ME,NA,NA,U.S. Senate,Pan Atlantic SMS Group,NA,NA,lv,820,2025-11-29,2025-12-07,NA,general,https://www.newscentermaine.com/article/news/politics/maine-politics/mills-platner-maine-us-senate-race-susan-collins-pan-atlantic-research-poll/97-78602517-3f27-4144-bf7b-894bb2366fc5,Graham Platner,43,Susan Collins,42,1,FALSE
701549bc-b2f6-46ff-82cc-b85549b7bc2e,771a43ab-0381-41cc-91d4-b78f2f976e46,ME,NA,NA,U.S. Senate,Workbench Strategy,NA,DEM,lv,900,2025-12-11,2025-12-16,NA,general,https://x.com/grahamformaine/status/2011157211050074612,Graham Platner,50.4,Susan Collins,49.6,0.7999999999999972,TRUE
701549bc-b2f6-46ff-82cc-b85549b7bc2e,f25d0a29-8143-4bf3-aad2-4494199aee64,ME,NA,NA,U.S. Senate,Workbench Strategy,NA,DEM,lv,900,2025-12-11,2025-12-16,NA,general,https://x.com/grahamformaine/status/2011157211050074612,Janet Mills,48.6,Susan Collins,51.4,-2.799999999999997,TRUE
23d4dab6-450d-401f-98a1-cb40e23c57d0,a25afe57-b128-45cf-990e-980a2819b1ed,ME,NA,NA,U.S. Senate,"Fabrizio, Lee & Associates",Pine Tree Results,REP,lv,800,2026-01-20,2026-01-24,NA,general,https://subscriber.politicopro.com/f/?id=0000019c-2aaf-d647-addc-abef0b310000,Janet Mills,44,Susan Collins,45,-1,TRUE
23d4dab6-450d-401f-98a1-cb40e23c57d0,c29108b0-eb2e-4d7b-8b6b-f1b700226657,ME,NA,NA,U.S. Senate,"Fabrizio, Lee & Associates",Pine Tree Results,REP,lv,800,2026-01-20,2026-01-24,NA,general,https://subscriber.politicopro.com/f/?id=0000019c-2aaf-d647-addc-abef0b310000,Graham Platner,44,Susan Collins,45,-1,TRUE
bee4c333-68db-4b75-99ff-9e09ce897299,0766a3cf-a203-42f0-9a74-435c26865ea9,ME,NA,NA,U.S. Senate,University of New Hampshire,NA,NA,lv,1097,2026-02-12,2026-02-16,NA,general,https://scholars.unh.edu/survey_center_polls/930/,Janet Mills,41,Susan Collins,40,1,FALSE
bee4c333-68db-4b75-99ff-9e09ce897299,0e6a292f-26af-46b4-93e8-129accbf1779,ME,NA,NA,U.S. Senate,University of New Hampshire,NA,NA,lv,1105,2026-02-12,2026-02-16,NA,general,https://scholars.unh.edu/survey_center_polls/930/,Graham Platner,49,Susan Collins,38,11,FALSE
472d778a-24cc-484c-bf35-30b2de78c5b1,83063c18-fec0-4a8b-a1f6-c6b0dae36d1a,ME,NA,NA,U.S. Senate,Pan Atlantic SMS Group,NA,NA,lv,810,2026-02-13,2026-03-02,NA,general,https://hs-21701012.f.hubspotstarter.net/hubfs/21701012/20260304%2068th%20Omnibus%20Poll%20March%202026.pdf?utm_medium=email&_hsenc=p2ANqtz-8Smdd7JAYw6nBcKm1gfTX5TzCqm0rgKMxcZRco0jyjJhxQiJcRLcVhwNLu29zTOsV3FCNkzssQ0i1ZVFuKVQ_UUvqzVQ&_hsmi=406936398&utm_content=406936398&utm_source=hs_email,Janet Mills,44,Susan Collins,44,0,FALSE
472d778a-24cc-484c-bf35-30b2de78c5b1,8f44a0a4-78f3-4762-9197-0c966554fe6b,ME,NA,NA,U.S. Senate,Pan Atlantic SMS Group,NA,NA,lv,810,2026-02-13,2026-03-02,NA,general,https://hs-21701012.f.hubspotstarter.net/hubfs/21701012/20260304%2068th%20Omnibus%20Poll%20March%202026.pdf?utm_medium=email&_hsenc=p2ANqtz-8Smdd7JAYw6nBcKm1gfTX5TzCqm0rgKMxcZRco0jyjJhxQiJcRLcVhwNLu29zTOsV3FCNkzssQ0i1ZVFuKVQ_UUvqzVQ&_hsmi=406936398&utm_content=406936398&utm_source=hs_email,Graham Platner,44,Susan Collins,40,4,FALSE
3f93eb53-de86-4b13-a99b-bc6f52b4d504,3ef133f6-9912-4a26-82a5-a053258a67eb,ME,NA,NA,U.S. Senate,Quantus Insights,NA,NA,lv,800,2026-03-03,2026-03-05,NA,general,https://quantusinsights.org/f/maine-senate-2026-collins-faces-uncertain-path-to-re-election,Janet Mills,43,Susan Collins,44.6,-1.6000000000000014,FALSE
3f93eb53-de86-4b13-a99b-bc6f52b4d504,70b39abf-3b37-4f67-87c5-ef902c730fa7,ME,NA,NA,U.S. Senate,Quantus Insights,NA,NA,lv,800,2026-03-03,2026-03-05,NA,general,https://quantusinsights.org/f/maine-senate-2026-collins-faces-uncertain-path-to-re-election,Graham Platner,48.6,Susan Collins,41.8,6.800000000000004,FALSE
75c19443-5507-4ead-b1ea-2dc8c5adf836,937b200e-f45f-443d-aa42-006452bc6e65,ME,NA,NA,U.S. Senate,OnMessage Inc.,Insurance Watchdog Coalition,NA,lv,600,2026-03-03,2026-03-08,NA,general,https://www.politico.com/newsletters/playbook/2026/03/11/the-white-house-pain-threshold-00822448,Janet Mills,42,Susan Collins,42,0,FALSE
75c19443-5507-4ead-b1ea-2dc8c5adf836,f6252114-87d9-4405-902b-b4762673c7de,ME,NA,NA,U.S. Senate,OnMessage Inc.,Insurance Watchdog Coalition,NA,lv,600,2026-03-03,2026-03-08,NA,general,https://www.politico.com/newsletters/playbook/2026/03/11/the-white-house-pain-threshold-00822448,Graham Platner,44,Susan Collins,42,2,FALSE
75d5f8bb-0e43-46ea-85f4-64709da26763,015450d2-8ffb-4199-96a5-85fa50c010d8,ME,NA,NA,U.S. Senate,Emerson College,NA,NA,lv,1075,2026-03-21,2026-03-23,NA,general,https://emersoncollegepolling.com/maine-2026-poll-platner-leads-gov-mills-democrats-lead-sen-collins-in-maine/,Janet Mills,46.2,Susan Collins,42.5,3.700000000000003,FALSE
75d5f8bb-0e43-46ea-85f4-64709da26763,473511dc-32e0-4faa-acf1-0a7a98b238b7,ME,NA,NA,U.S. Senate,Emerson College,NA,NA,lv,1075,2026-03-21,2026-03-23,NA,general,https://emersoncollegepolling.com/maine-2026-poll-platner-leads-gov-mills-democrats-lead-sen-collins-in-maine/,Graham Platner,47.8,Susan Collins,40.6,7.199999999999996,FALSE
aa477250-005b-48ed-9b69-46af9f7611e8,3ae37a28-07b9-49e6-9447-32b43a0ed489,ME,NA,NA,U.S. Senate,Maine People's Resource Center,NA,NA,lv,1167,2026-03-20,2026-03-31,NA,general,https://static.notus.org/0b/9f/97515a054eaa89882d18ab798388/poll.pdf,Graham Platner,48.3,Susan Collins,39.3,9,FALSE
aa477250-005b-48ed-9b69-46af9f7611e8,e3412c19-7c32-438b-bbeb-3d9f78456cac,ME,NA,NA,U.S. Senate,Maine People's Resource Center,NA,NA,lv,1167,2026-03-20,2026-03-31,NA,general,https://static.notus.org/0b/9f/97515a054eaa89882d18ab798388/poll.pdf,Janet Mills,41.9,Susan Collins,45,-3.1000000000000014,FALSE
3b22cd8f-d6b6-40ac-8081-858b036bdb3a,401d6fa4-580c-4945-af93-16b10672fa8a,ME,NA,NA,U.S. Senate,Echelon Insights,NetChoice,NA,lv,378,2026-04-03,2026-04-09,NA,general,https://netchoice.org/new-72-of-americans-want-regulators-to-focus-on-lowering-prices-ahead-of-midterms-not-punishing-success/,Janet Mills,48,Susan Collins,46,2,FALSE
3b22cd8f-d6b6-40ac-8081-858b036bdb3a,7ad7f52f-9faa-4887-a5ae-3cf2eb5378ea,ME,NA,NA,U.S. Senate,Echelon Insights,NetChoice,NA,lv,378,2026-04-03,2026-04-09,NA,general,https://netchoice.org/new-72-of-americans-want-regulators-to-focus-on-lowering-prices-ahead-of-midterms-not-punishing-success/,Graham Platner,51,Susan Collins,45,6,FALSE
09a21c73-2dcf-4c37-8c14-fa62361b2c7e,726f59dd-305d-4271-89ac-64f7efdc0cd9,ME,NA,NA,U.S. Senate,Pan Atlantic SMS Group,NA,DEM,lv,827,2026-05-08,2026-05-18,NA,general,https://panatlanticresearch.com/omnibus?_hsenc=p2ANqtz--mveNzLZvrz2o4YuEa_SKLf2ii0MZZVGozgzHfLpMabnQ90q1oovMYUV0sTsyHjLApBbjAh9JT-pWPxeqioipHBuJpTA&_hsmi=419719216&utm_content=419719216,Graham Platner,48,Susan Collins,41,7,TRUE
7bac6163-a4b1-4378-872d-9e3247a9f447,f08730e9-3f4a-4224-a477-ddd18788bd20,ME,NA,NA,U.S. Senate,University of New Hampshire,NA,NA,lv,1250,2026-05-21,2026-05-25,NA,general,https://scholars.unh.edu/survey_center_polls/960/,Graham Platner,51,Susan Collins,42,9,FALSE
e6d59634-97b2-42cb-8244-7fc90f926784,1bad2937-e35c-4904-be2f-20065fab568e,ME,NA,NA,U.S. Senate,University of Massachusetts Lowell Center for Public Opinion/YouGov,NA,NA,lv,650,2026-05-13,2026-05-26,NA,general,https://www.uml.edu/Research/public-opinion/polls/default.aspx,Graham Platner,48,Susan Collins,43,5,FALSE
85d3f37d-3223-465e-8238-2007aa57b45b,3912c052-0bf7-4207-be46-a7e7daf24b37,ME,NA,NA,U.S. Senate,"Fabrizio, Lee & Associates",Pine Tree Results,REP,lv,800,2026-06-01,2026-06-03,NA,general,https://www.politico.com/f/?id=0000019e-95c1-d71f-a5df-97e7612c0000&nname=playbook&nid=0000014f-1646-d88f-a1cf-5f46b7bd0000&nrid=28dd2567-1dde-421b-a770-8c29b8ac0ac9,Graham Platner,46,Susan Collins,46,0,TRUE
8b7b391c-981b-485f-89fa-35ace0cf3903,09175536-f642-40a1-8cc2-ed5b75541d2b,ME,NA,NA,U.S. Senate,Public Policy Polling,NA,DEM,rv,670,2026-06-02,2026-06-03,NA,general,https://drive.google.com/file/d/1sKlb0NNxUIQWQghegeCBjVyOgHhAepGk/view,Graham Platner,49,Susan Collins,45,4,TRUE
2e2c0413-91b8-44b6-b805-5e2f8bc934a1,c93adfe9-7cb2-47c0-9998-17e4908ce176,ME,NA,NA,U.S. Senate,Tavern Research,NA,NA,lv,1642,2026-06-05,2026-06-08,NA,general,https://www.tavernresearch.com/research-and-writings/maine-senate-platner-primary-mills-generic-gap,Janet Mills,52,Susan Collins,48,4,FALSE
2e2c0413-91b8-44b6-b805-5e2f8bc934a1,e2b538ea-d9c4-4113-b29e-4a6c755e6b05,ME,NA,NA,U.S. Senate,Tavern Research,NA,NA,lv,1642,2026-06-05,2026-06-08,NA,general,https://www.tavernresearch.com/research-and-writings/maine-senate-platner-primary-mills-generic-gap,Graham Platner,51,Susan Collins,49,2,FALSE
2e2c0413-91b8-44b6-b805-5e2f8bc934a1,ea03d589-5fef-4b45-981a-6dba56066ff0,ME,NA,NA,U.S. Senate,Tavern Research,NA,NA,lv,1642,2026-06-05,2026-06-08,NA,general,https://www.tavernresearch.com/research-and-writings/maine-senate-platner-primary-mills-generic-gap,Generic Democrat,55,Susan Collins,45,10,FALSE
1dc1cc06-a65f-46f1-a53b-c11769d634dd,4ce5c41d-2c5b-4a2f-9b4e-a67860fad72d,ME,NA,NA,U.S. Senate,Quantus Insights,NA,NA,lv,870,2026-06-09,2026-06-11,NA,general,https://quantusinsights.org/f/maine-senate-race-narrows-to-toss-up-as-collins-closes-gap,Graham Platner,46,Susan Collins,45,1,FALSE
6539644e-fc58-4f80-9d89-ed3a81a98bc6,59aedcbe-d7a7-4508-8b74-c6e181e9378f,ME,NA,NA,U.S. Senate,Wick,2Way,NA,lv,1008,2026-06-11,2026-06-14,NA,general,https://wickhq.ai/blog-maine-2026-senate-race-poll,Graham Platner,47.6,Susan Collins,45.4,2.200000000000003,FALSE
67b56c94-89a5-47e0-ace0-551879438390,db4fb828-b688-4fa2-b8d5-207dfc1b5ec6,ME,NA,NA,U.S. Senate,The New York Times/Siena University,Portland Press Herald,NA,lv,608,2026-06-19,2026-06-26,NA,general,https://www.nytimes.com/2026/06/29/us/politics/collins-platner-maine-senate-poll.html,Graham Platner,49.2,Susan Collins,47.02,2.1799999999999997,FALSE
ae1179f5-1fe6-4bf7-8b9c-77cc2c2407a1,3d02d386-c3d3-4ab7-b558-0c59ee42754e,ME,NA,NA,U.S. Senate,Beacon Research/Shaw & Company Research,Fox News,NA,rv,1003,2026-06-23,2026-06-27,NA,general,https://www.foxnews.com/politics/fox-news-poll-maine-senate-race-tight-concerns-about-both-candidates,Graham Platner,47,Susan Collins,50,-3,FALSE
4017c7ce-c6f0-479c-b778-dcb8097a7766,a2bc3752-94f5-4993-b283-e91a6158d4fd,ME,NA,NA,U.S. Senate,Tavern Research,NA,NA,lv,1074,2026-07-03,2026-07-06,NA,general,https://242750075.fs1.hubspotusercontent-na2.net/hubfs/242750075/Toplines%20-%20Maine%20Senate%2007062026.pdf,Graham Platner,52,Susan Collins,48,4,FALSE
f151442b-b6f2-4e67-88fe-f982cd4677c1,149490e0-bac2-4af0-a750-b6c838046576,ME,NA,NA,U.S. Senate,Wedgewood Polls,NA,NA,lv,405,2026-07-04,2026-07-06,NA,general,https://drive.google.com/file/d/1D7onbq7aV59X8lq2-YatdLNakqqCYTnB/view,Janet Mills,47,Susan Collins,47,0,FALSE
f151442b-b6f2-4e67-88fe-f982cd4677c1,890faf44-8988-43da-9122-a527f9babc9c,ME,NA,NA,U.S. Senate,Wedgewood Polls,NA,NA,lv,405,2026-07-04,2026-07-06,NA,general,https://drive.google.com/file/d/1D7onbq7aV59X8lq2-YatdLNakqqCYTnB/view,Troy Jackson,48,Susan Collins,43,5,FALSE
f151442b-b6f2-4e67-88fe-f982cd4677c1,dc285c36-db73-4cda-b916-393c593b5604,ME,NA,NA,U.S. Senate,Wedgewood Polls,NA,NA,lv,405,2026-07-04,2026-07-06,NA,general,https://drive.google.com/file/d/1D7onbq7aV59X8lq2-YatdLNakqqCYTnB/view,Graham Platner,46,Susan Collins,50,-4,FALSE
089a174b-74ee-4363-9ca1-60d01ed22eba,168b661b-ec16-440c-9e58-251e4eabca00,ME,NA,NA,U.S. Senate,Public Policy Polling,NA,DEM,rv,785,2026-07-07,2026-07-07,NA,general,https://www.politico.com/news/2026/07/08/graham-platner-polls-replacements-senate-00990664,Graham Platner,42,Susan Collins,47,-5,TRUE
089a174b-74ee-4363-9ca1-60d01ed22eba,6a9176e4-60f0-487a-ad9f-47cf4d25dfb0,ME,NA,NA,U.S. Senate,Public Policy Polling,NA,DEM,rv,785,2026-07-07,2026-07-07,NA,general,https://www.politico.com/news/2026/07/08/graham-platner-polls-replacements-senate-00990664,Nirav Shah,45,Susan Collins,45,0,TRUE
089a174b-74ee-4363-9ca1-60d01ed22eba,8a5276f7-6a91-49e5-a18e-291266fa6f1d,ME,NA,NA,U.S. Senate,Public Policy Polling,NA,DEM,rv,785,2026-07-07,2026-07-07,NA,general,https://www.politico.com/news/2026/07/08/graham-platner-polls-replacements-senate-00990664,Troy Jackson,49,Susan Collins,44,5,TRUE
089a174b-74ee-4363-9ca1-60d01ed22eba,aab1f236-0259-4f8b-9a86-27c7f0655062,ME,NA,NA,U.S. Senate,Public Policy Polling,NA,DEM,rv,785,2026-07-07,2026-07-07,NA,general,https://www.politico.com/news/2026/07/08/graham-platner-polls-replacements-senate-00990664,Janet Mills,37,Susan Collins,48,-11,TRUE
089a174b-74ee-4363-9ca1-60d01ed22eba,b443f4b1-f528-48ce-91ef-a8fbe8bac673,ME,NA,NA,U.S. Senate,Public Policy Polling,NA,DEM,rv,785,2026-07-07,2026-07-07,NA,general,https://www.politico.com/news/2026/07/08/graham-platner-polls-replacements-senate-00990664,Jordan Wood,38,Susan Collins,47,-9,TRUE
089a174b-74ee-4363-9ca1-60d01ed22eba,c3b2afe5-fdd3-4e83-af3c-b04cfc3e2a4d,ME,NA,NA,U.S. Senate,Public Policy Polling,NA,DEM,rv,785,2026-07-07,2026-07-07,NA,general,https://www.politico.com/news/2026/07/08/graham-platner-polls-replacements-senate-00990664,Shenna Bellows,47,Susan Collins,47,0,TRUE
f1a66eab-67e9-4c28-bb4b-7bc27b8c131d,326658d3-de32-4245-9dbe-6432bb58c64a,ME,NA,NA,U.S. Senate,University of New Hampshire,NA,NA,lv,1178,2026-07-15,2026-07-20,NA,general,https://scholars.unh.edu/survey_center_polls/981/,Troy Jackson,49,Susan Collins,46,3,FALSE
78ae7aa1-0e53-4035-a797-21143b2303e0,967a3d73-372e-4d9c-8324-c321dd3dd3cc,ME,NA,NA,U.S. Senate,Hart Research Associates,Senate Majority PAC,DEM,lv,802,2026-07-27,2026-08-01,NA,general,https://drive.google.com/file/d/1c_Oz7n375ncOkmMWPs8DJTKcBD3Gke4-/view,Troy Jackson,49,Susan Collins,45,4,TRUE
5b686156-9822-45bb-a17c-ad5d38d09f37,a7679919-eab7-426b-b45a-67f3b750ba5a,ME,NA,NA,U.S. Senate,Beacon Research/Shaw & Company Research,Fox News,NA,rv,1000,2026-08-06,2026-08-10,NA,general,https://www.foxnews.com/politics/fox-news-poll-new-matchup-same-result-maine-senate-race-stays-locked,Troy Jackson,48,Susan Collins,46,2,FALSE
41f7d42d-ab2a-4fb0-abe5-2d64da737526,572a935b-975f-4fc3-83ff-8d7399d7c3ef,ME,NA,NA,U.S. Senate,Abacus Data,NA,NA,lv,327,2026-08-26,2026-08-28,NA,general,https://abacusdata.ca/the-trade-war-next-door-what-american-voters-think-about-tariffs-canada-and-the-battle-for-the-u-s-senate/,Troy Jackson,50,Susan Collins,42,8,FALSE
41f7d42d-ab2a-4fb0-abe5-2d64da737526,99325e6b-f54d-4abd-8312-83fb5f34f77e,ME,NA,NA,U.S. Senate,Abacus Data,NA,NA,rv,499,2026-08-26,2026-08-28,NA,general,https://abacusdata.ca/the-trade-war-next-door-what-american-voters-think-about-tariffs-canada-and-the-battle-for-the-u-s-senate/,Troy Jackson,40,Susan Collins,40,0,FALSE
be77c821-d548-48e3-94dc-b9a31cd171ef,e6b1a8a4-bfb6-4f6f-871a-cdca35beb2b4,ME,NA,NA,U.S. Senate,CNN/SSRS,NA,NA,lv,880,2026-08-31,2026-09-06,NA,general,https://www.cnn.com/2026/09/09/politics/cnn-polls-maine-senate-michigan-senate-abdul-el-sayed-susan-collins,Troy Jackson,48,Susan Collins,45,3,FALSE
169a8eb8-b9e5-4288-a307-319244670cc9,14ef4296-9791-4c45-a13f-4ddbc261654d,ME,NA,NA,U.S. Senate,YouGov,NA,NA,lv,1335,2026-09-02,2026-09-08,NA,general,https://d3nkl3psvxxpe9.cloudfront.net/documents/ttw_me_20260902.pdf,Troy Jackson,48,Susan Collins,44,4,FALSE
169a8eb8-b9e5-4288-a307-319244670cc9,49bf2f36-2a06-4b22-a5b3-c1501c5b0ff7,ME,NA,NA,U.S. Senate,YouGov,NA,NA,rv,1378,2026-09-02,2026-09-08,NA,general,https://d3nkl3psvxxpe9.cloudfront.net/documents/ttw_me_20260902.pdf,Troy Jackson,46,Susan Collins,44,2,FALSE
9dedd226-93bf-4881-9d16-8c5d9f6a4d06,a1f97ee7-f4a3-461c-9e46-803a0590525d,ME,NA,NA,U.S. Senate,Quantus Insights,NA,NA,lv,621,2026-09-14,2026-09-15,NA,general,https://quantusinsights.org/f/quantus-survey-collins-and-jackson-even-in-maine-senate-race,Troy Jackson,47.4,Susan Collins,47.6,-0.20000000000000284,FALSE
2ed1c72b-17c8-4799-9a38-7367695df329,62bf14db-c6c2-4c29-a050-5bd25280eb75,MI,NA,NA,U.S. Senate,Target Insyght,MIRS News Service,NA,rv,600,2025-03-03,2025-03-06,NA,general,https://mirs-uploads.s3.us-east-2.amazonaws.com/1818-Freq%20Target%20Insyght%20Statewide%2003072025.pdf,Pete Buttigieg,46,Mike Rogers,44,2,FALSE
2ed1c72b-17c8-4799-9a38-7367695df329,bfc4f441-9870-47f2-8057-5a17e74a5cd8,MI,NA,NA,U.S. Senate,Target Insyght,MIRS News Service,NA,rv,600,2025-03-03,2025-03-06,NA,general,https://mirs-uploads.s3.us-east-2.amazonaws.com/1818-Freq%20Target%20Insyght%20Statewide%2003072025.pdf,Haley Stevens,35,Mike Rogers,41,-6,FALSE
2ed1c72b-17c8-4799-9a38-7367695df329,cc621385-8d82-42f6-9fa2-3696e15414f9,MI,NA,NA,U.S. Senate,Target Insyght,MIRS News Service,NA,rv,600,2025-03-03,2025-03-06,NA,general,https://mirs-uploads.s3.us-east-2.amazonaws.com/1818-Freq%20Target%20Insyght%20Statewide%2003072025.pdf,Gretchen Whitmer,42,Mike Rogers,41,1,FALSE
4a00a654-caa2-47c4-99ed-f35d446ec88b,04ec511b-42b6-408b-8c4f-17a809d7d875,MI,NA,NA,U.S. Senate,"Glengariff Group, Inc.",Detroit Regional Chamber,NA,rv,600,2025-05-05,2025-05-08,NA,general,https://www.detroitchamber.com/wp-content/uploads/2025/05/Detroit-Regional-Chamber_Glengariff-Group_May-2025-Political-Survey-Report.pdf,Haley Stevens,45.1,Bill Huizenga,39.1,6,FALSE
4a00a654-caa2-47c4-99ed-f35d446ec88b,33062a62-98f3-4881-a86e-381bd09f32ca,MI,NA,NA,U.S. Senate,"Glengariff Group, Inc.",Detroit Regional Chamber,NA,rv,600,2025-05-05,2025-05-08,NA,general,https://www.detroitchamber.com/wp-content/uploads/2025/05/Detroit-Regional-Chamber_Glengariff-Group_May-2025-Political-Survey-Report.pdf,Haley Stevens,45.2,Mike Rogers,43.8,1.4000000000000057,FALSE
4a00a654-caa2-47c4-99ed-f35d446ec88b,707c5d96-2afd-4491-90e3-1eb32333cb74,MI,NA,NA,U.S. Senate,"Glengariff Group, Inc.",Detroit Regional Chamber,NA,rv,600,2025-05-05,2025-05-08,NA,general,https://www.detroitchamber.com/wp-content/uploads/2025/05/Detroit-Regional-Chamber_Glengariff-Group_May-2025-Political-Survey-Report.pdf,Mallory McMorrow,41.6,Mike Rogers,45.9,-4.299999999999997,FALSE
4a00a654-caa2-47c4-99ed-f35d446ec88b,88702173-ffbd-4c83-8ccb-783735af872b,MI,NA,NA,U.S. Senate,"Glengariff Group, Inc.",Detroit Regional Chamber,NA,rv,600,2025-05-05,2025-05-08,NA,general,https://www.detroitchamber.com/wp-content/uploads/2025/05/Detroit-Regional-Chamber_Glengariff-Group_May-2025-Political-Survey-Report.pdf,Abdul El-Sayed,40.5,Bill Huizenga,41,-0.5,FALSE
4a00a654-caa2-47c4-99ed-f35d446ec88b,c2ae1bc7-f55d-4e7e-9223-0bf3f5413934,MI,NA,NA,U.S. Senate,"Glengariff Group, Inc.",Detroit Regional Chamber,NA,rv,600,2025-05-05,2025-05-08,NA,general,https://www.detroitchamber.com/wp-content/uploads/2025/05/Detroit-Regional-Chamber_Glengariff-Group_May-2025-Political-Survey-Report.pdf,Abdul El-Sayed,40.8,Mike Rogers,46.9,-6.100000000000001,FALSE
4a00a654-caa2-47c4-99ed-f35d446ec88b,c2f69d0a-9870-4210-89ae-ce6ea9006519,MI,NA,NA,U.S. Senate,"Glengariff Group, Inc.",Detroit Regional Chamber,NA,rv,600,2025-05-05,2025-05-08,NA,general,https://www.detroitchamber.com/wp-content/uploads/2025/05/Detroit-Regional-Chamber_Glengariff-Group_May-2025-Political-Survey-Report.pdf,Mallory McMorrow,41.4,Bill Huizenga,40.5,0.8999999999999986,FALSE
056c5919-461b-4fd7-bb50-e04c47588d89,2e684b07-925d-4455-ac65-cf75899fa878,MI,NA,NA,U.S. Senate,"Normington, Petts & Associates",Yes Michigan,DEM,lv,700,2025-06-12,2025-06-16,NA,general,https://www.politico.com/f/?id=00000197-e30f-da98-a3b7-fb0fd50f0000,Mallory McMorrow,44,Mike Rogers,48,-4,TRUE
056c5919-461b-4fd7-bb50-e04c47588d89,395f5f7f-4340-4201-b3f1-e61d494b5e31,MI,NA,NA,U.S. Senate,"Normington, Petts & Associates",Yes Michigan,DEM,lv,700,2025-06-12,2025-06-16,NA,general,https://www.politico.com/f/?id=00000197-e30f-da98-a3b7-fb0fd50f0000,Haley Stevens,47,Mike Rogers,45,2,TRUE
87756c91-078b-4414-b782-ae65c23e4e14,06830259-d394-49e4-9a5f-694e4deabe54,MI,NA,NA,U.S. Senate,Rosetta Stone,NA,NA,lv,637,2025-10-23,2025-10-25,NA,general,https://x.com/IAPolls2022/status/1986533537747472500,Haley Stevens,40,Mike Rogers,47,-7,FALSE
87756c91-078b-4414-b782-ae65c23e4e14,445639fc-dd4f-4eb5-b1f3-95bc73f8d4ec,MI,NA,NA,U.S. Senate,Rosetta Stone,NA,NA,lv,637,2025-10-23,2025-10-25,NA,general,https://x.com/IAPolls2022/status/1986533537747472500,Abdul El-Sayed,31,Mike Rogers,45,-14,FALSE
87756c91-078b-4414-b782-ae65c23e4e14,e04222a5-4912-45a7-82f1-0887926442dc,MI,NA,NA,U.S. Senate,Rosetta Stone,NA,NA,lv,637,2025-10-23,2025-10-25,NA,general,https://x.com/IAPolls2022/status/1986533537747472500,Mallory McMorrow,39,Mike Rogers,46,-7,FALSE
a6499282-cd16-4daa-badb-f81d769f5087,46fa349f-a3fb-499f-ad61-bb6120ed0e44,MI,NA,NA,U.S. Senate,EPIC-MRA,ABC 12,NA,lv,600,2025-11-06,2025-11-11,NA,general,https://www.abc12.com/news/politics/exclusive-poll-shows-tight-races-for-michigan-governor-senate-races/article_7b0cec7f-87c6-4084-9b07-0f393f2a0816.html,Haley Stevens,44,Mike Rogers,42,2,FALSE
a6499282-cd16-4daa-badb-f81d769f5087,f5cc2a65-9e44-4e90-ab9a-96985d9e6cdf,MI,NA,NA,U.S. Senate,EPIC-MRA,ABC 12,NA,lv,600,2025-11-06,2025-11-11,NA,general,https://www.abc12.com/news/politics/exclusive-poll-shows-tight-races-for-michigan-governor-senate-races/article_7b0cec7f-87c6-4084-9b07-0f393f2a0816.html,Mallory McMorrow,43,Mike Rogers,42,1,FALSE
f5b58ace-3cac-4876-a31f-7422705bbdfb,2f9fd7ae-8613-4bd5-af39-5fb28c9e3f9e,MI,NA,NA,U.S. Senate,Mitchell Research & Communications,MIRS News Service,NA,lv,616,2025-11-18,2025-11-21,NA,general,https://mirs-polls.s3.us-east-2.amazonaws.com/c7ba70f28c3812c553cbf07db509f469.pdf,Haley Stevens,40,Mike Rogers,42,-2,FALSE
f5b58ace-3cac-4876-a31f-7422705bbdfb,8a4acbb1-d54d-4bcb-be6f-6ad98ea8892e,MI,NA,NA,U.S. Senate,Mitchell Research & Communications,MIRS News Service,NA,lv,616,2025-11-18,2025-11-21,NA,general,https://mirs-polls.s3.us-east-2.amazonaws.com/c7ba70f28c3812c553cbf07db509f469.pdf,Mallory McMorrow,38,Mike Rogers,44,-6,FALSE
f5b58ace-3cac-4876-a31f-7422705bbdfb,8bd9d18a-fdaa-44a2-9762-fe63ded1d8ac,MI,NA,NA,U.S. Senate,Mitchell Research & Communications,MIRS News Service,NA,lv,616,2025-11-18,2025-11-21,NA,general,https://mirs-polls.s3.us-east-2.amazonaws.com/c7ba70f28c3812c553cbf07db509f469.pdf,Abdul El-Sayed,38,Mike Rogers,41,-3,FALSE
28660620-44e6-4e18-999f-6b06d90e282b,4ea5a71d-cfac-4f2d-ba45-e09cf7eb6f70,MI,NA,NA,U.S. Senate,"Glengariff Group, Inc.",Detroit News | WDIV-TV,NA,lv,600,2026-01-02,2026-01-06,NA,general,https://www.detroitnews.com/story/news/politics/2026/01/13/michigan-race-for-governor-polling-john-james-jocelyn-benson-mike-duggan/88134923007/,Abdul El-Sayed,41.6,Mike Rogers,48,-6.399999999999999,FALSE
28660620-44e6-4e18-999f-6b06d90e282b,8f05026e-e11f-4012-a338-299de6bedfa5,MI,NA,NA,U.S. Senate,"Glengariff Group, Inc.",Detroit News | WDIV-TV,NA,lv,600,2026-01-02,2026-01-06,NA,general,https://www.detroitnews.com/story/news/politics/2026/01/13/michigan-race-for-governor-polling-john-james-jocelyn-benson-mike-duggan/88134923007/,Mallory McMorrow,42.4,Mike Rogers,45.7,-3.3000000000000043,FALSE
28660620-44e6-4e18-999f-6b06d90e282b,a002fb8b-49a3-4576-b3ac-5974505b42cc,MI,NA,NA,U.S. Senate,"Glengariff Group, Inc.",Detroit News | WDIV-TV,NA,lv,600,2026-01-02,2026-01-06,NA,general,https://www.detroitnews.com/story/news/politics/2026/01/13/michigan-race-for-governor-polling-john-james-jocelyn-benson-mike-duggan/88134923007/,Haley Stevens,43.7,Mike Rogers,44.1,-0.3999999999999986,FALSE
ad15c7d5-e8e0-4525-b45a-3fc93cc72455,12ec82eb-9253-4506-9258-a29a12c544f8,MI,NA,NA,U.S. Senate,Emerson College,Nexstar,NA,lv,1000,2026-01-24,2026-01-25,NA,general,https://emersoncollegepolling.com/michigan-2026-poll-crowded-democratic-senate-primary-remains-wide-open/,Mallory McMorrow,45.7,Mike Rogers,42.6,3.1000000000000014,FALSE
ad15c7d5-e8e0-4525-b45a-3fc93cc72455,89453556-f586-4446-83e8-fa1852440d4b,MI,NA,NA,U.S. Senate,Emerson College,Nexstar,NA,lv,1000,2026-01-24,2026-01-25,NA,general,https://emersoncollegepolling.com/michigan-2026-poll-crowded-democratic-senate-primary-remains-wide-open/,Haley Stevens,47.3,Mike Rogers,41.6,5.699999999999996,FALSE
ad15c7d5-e8e0-4525-b45a-3fc93cc72455,c4a9a39c-02fd-4449-81cb-68d713b33103,MI,NA,NA,U.S. Senate,Emerson College,Nexstar,NA,lv,1000,2026-01-24,2026-01-25,NA,general,https://emersoncollegepolling.com/michigan-2026-poll-crowded-democratic-senate-primary-remains-wide-open/,Abdul El-Sayed,42.5,Mike Rogers,42.8,-0.29999999999999716,FALSE
1a46e29b-fef9-46bd-910c-0dc101930ec8,1af96744-a1ae-425b-92bb-cd89641281f6,MI,NA,NA,U.S. Senate,"Glengariff Group, Inc.",Detroit Regional Chamber,NA,lv,600,2026-04-28,2026-05-01,NA,general,https://www.detroitchamber.com/chamber-poll-voters-views-on-candidates-2026-election/,Abdul El-Sayed,39.8,Mike Rogers,44.7,-4.900000000000006,FALSE
1a46e29b-fef9-46bd-910c-0dc101930ec8,8ed7cea6-72a2-4c8e-bbd3-e1db2ea8f1cc,MI,NA,NA,U.S. Senate,"Glengariff Group, Inc.",Detroit Regional Chamber,NA,lv,600,2026-04-28,2026-05-01,NA,general,https://www.detroitchamber.com/chamber-poll-voters-views-on-candidates-2026-election/,Haley Stevens,41.5,Mike Rogers,43.8,-2.299999999999997,FALSE
1a46e29b-fef9-46bd-910c-0dc101930ec8,be6f8a76-0f8e-41de-8cbc-39cbe8dd9d5c,MI,NA,NA,U.S. Senate,"Glengariff Group, Inc.",Detroit Regional Chamber,NA,lv,600,2026-04-28,2026-05-01,NA,general,https://www.detroitchamber.com/chamber-poll-voters-views-on-candidates-2026-election/,Mallory McMorrow,40.7,Mike Rogers,42.8,-2.0999999999999943,FALSE
26ee4caa-20a1-4547-8faa-12fd3976299a,bc3bf23b-340f-441d-99be-a5553e53f2a4,MI,NA,NA,U.S. Senate,Mitchell Research & Communications,MIRS News Service,NA,lv,607,2026-05-01,2026-05-07,NA,general,https://www.dropbox.com/scl/fi/852uovvc2zfsqrnphdn9q/MIRS-MITCHELL-DEM-Primary-Press-Release-5-11-26-150PM_A.docx?rlkey=v522wmle6zvzlajt6m6nfoj78&e=1&st=l7aslgpl&dl=0,Abdul El-Sayed,41,Mike Rogers,42,-1,FALSE
26ee4caa-20a1-4547-8faa-12fd3976299a,c94db2ed-152e-481e-ad89-45fb6ef2db0f,MI,NA,NA,U.S. Senate,Mitchell Research & Communications,MIRS News Service,NA,lv,606,2026-05-01,2026-05-07,NA,general,https://www.dropbox.com/scl/fi/852uovvc2zfsqrnphdn9q/MIRS-MITCHELL-DEM-Primary-Press-Release-5-11-26-150PM_A.docx?rlkey=v522wmle6zvzlajt6m6nfoj78&e=1&st=l7aslgpl&dl=0,Mallory McMorrow,41,Mike Rogers,43,-2,FALSE
26ee4caa-20a1-4547-8faa-12fd3976299a,d3d0d3f1-5ecc-46bf-a8e3-a0be53e2f035,MI,NA,NA,U.S. Senate,Mitchell Research & Communications,MIRS News Service,NA,lv,606,2026-05-01,2026-05-07,NA,general,https://www.dropbox.com/scl/fi/852uovvc2zfsqrnphdn9q/MIRS-MITCHELL-DEM-Primary-Press-Release-5-11-26-150PM_A.docx?rlkey=v522wmle6zvzlajt6m6nfoj78&e=1&st=l7aslgpl&dl=0,Haley Stevens,39,Mike Rogers,42,-3,FALSE
4edb8181-1463-4c6b-b48d-17951e1158d0,0b9242a3-8c22-475b-a64d-edea143786d2,MI,NA,NA,U.S. Senate,TIPP Insights,League of American Workers,REP,lv,1163,2026-05-20,2026-05-23,NA,general,https://tippinsights.com/league-of-american-workers-survey-michigan/,Haley Stevens,47.84,Mike Rogers,40.99,6.850000000000001,TRUE
4edb8181-1463-4c6b-b48d-17951e1158d0,12e20038-9490-49cb-987c-808f22073a71,MI,NA,NA,U.S. Senate,TIPP Insights,League of American Workers,REP,rv,1456,2026-05-20,2026-05-23,NA,general,https://tippinsights.com/league-of-american-workers-survey-michigan/,Abdul El-Sayed,39.77,Mike Rogers,39.65,0.12000000000000455,TRUE
4edb8181-1463-4c6b-b48d-17951e1158d0,4e57a172-4867-4b0c-a8ff-534bcf7ad2b3,MI,NA,NA,U.S. Senate,TIPP Insights,League of American Workers,REP,rv,1456,2026-05-20,2026-05-23,NA,general,https://tippinsights.com/league-of-american-workers-survey-michigan/,Mallory McMorrow,42.26,Mike Rogers,38.57,3.6899999999999977,TRUE
4edb8181-1463-4c6b-b48d-17951e1158d0,521f4949-6872-4760-a27b-be28e43e685f,MI,NA,NA,U.S. Senate,TIPP Insights,League of American Workers,REP,lv,1163,2026-05-20,2026-05-23,NA,general,https://tippinsights.com/league-of-american-workers-survey-michigan/,Abdul El-Sayed,43.43,Mike Rogers,42.14,1.2899999999999991,TRUE
4edb8181-1463-4c6b-b48d-17951e1158d0,71969919-2d37-415e-8ff5-e5f37ce006dd,MI,NA,NA,U.S. Senate,TIPP Insights,League of American Workers,REP,lv,1163,2026-05-20,2026-05-23,NA,general,https://tippinsights.com/league-of-american-workers-survey-michigan/,Mallory McMorrow,45.16,Mike Rogers,41.6,3.559999999999995,TRUE
4edb8181-1463-4c6b-b48d-17951e1158d0,8641969d-bfcf-4367-93b8-d7ae2d45694b,MI,NA,NA,U.S. Senate,TIPP Insights,League of American Workers,REP,rv,1456,2026-05-20,2026-05-23,NA,general,https://tippinsights.com/league-of-american-workers-survey-michigan/,Haley Stevens,44.96,Mike Rogers,38.38,6.579999999999998,TRUE
171c2baa-929a-4545-9980-55d6685168c3,5f052c26-a02a-4b4e-ae3d-602c65d4a3cf,MI,NA,NA,U.S. Senate,Tulchin Research,Fighting for Michigan PAC,DEM,lv,500,2026-06-02,2026-06-04,NA,general,https://drive.google.com/file/d/15KbOIW_L4iGdkgIbMWDr2m80N0ZUr3d3/view,Abdul El-Sayed,46,Mike Rogers,41,5,TRUE
65ba6cdf-2251-4329-92db-d3957baf9616,8ae31109-fb64-4170-bc7e-8d1bfa1649aa,MI,NA,NA,U.S. Senate,Mitchell Research & Communications,MIRS News Service,NA,lv,827,2026-06-11,2026-06-13,NA,general,https://www.freep.com/story/news/politics/2026/06/16/john-james-mike-cox-michigan-gop-primary-governor/90569723007/,Mallory McMorrow,41,Mike Rogers,47,-6,FALSE
65ba6cdf-2251-4329-92db-d3957baf9616,a9984f8e-74e9-4c75-9911-ccf3e5834660,MI,NA,NA,U.S. Senate,Mitchell Research & Communications,MIRS News Service,NA,lv,827,2026-06-11,2026-06-13,NA,general,https://www.freep.com/story/news/politics/2026/06/16/john-james-mike-cox-michigan-gop-primary-governor/90569723007/,Haley Stevens,41,Mike Rogers,45,-4,FALSE
65ba6cdf-2251-4329-92db-d3957baf9616,ed5f68e0-b54c-418e-86ac-153f2736598f,MI,NA,NA,U.S. Senate,Mitchell Research & Communications,MIRS News Service,NA,lv,827,2026-06-11,2026-06-13,NA,general,https://www.freep.com/story/news/politics/2026/06/16/john-james-mike-cox-michigan-gop-primary-governor/90569723007/,Abdul El-Sayed,47,Mike Rogers,42,5,FALSE
71938f8f-5729-4080-8138-466f03f51516,4391a621-ae2c-4545-9a8a-1b1ffcfc36fb,MI,NA,NA,U.S. Senate,Zenith Research,Common Defense,DEM,lv,602,2026-06-11,2026-06-14,NA,general,https://drive.google.com/file/d/1tC6hr1QiRdiegnxdJjAf0WkOE-XfZwEI/view,Haley Stevens,43,Mike Rogers,42,1,TRUE
71938f8f-5729-4080-8138-466f03f51516,d3369289-6e9f-4f8a-97a6-957108d9f468,MI,NA,NA,U.S. Senate,Zenith Research,Common Defense,DEM,lv,602,2026-06-11,2026-06-14,NA,general,https://drive.google.com/file/d/1tC6hr1QiRdiegnxdJjAf0WkOE-XfZwEI/view,Abdul El-Sayed,45,Mike Rogers,42,3,TRUE
71938f8f-5729-4080-8138-466f03f51516,e0a24dac-31bc-46ed-944f-05976befe709,MI,NA,NA,U.S. Senate,Zenith Research,Common Defense,DEM,lv,602,2026-06-11,2026-06-14,NA,general,https://drive.google.com/file/d/1tC6hr1QiRdiegnxdJjAf0WkOE-XfZwEI/view,Mallory McMorrow,44,Mike Rogers,42,2,TRUE
007278d5-49cd-4aa2-9400-8c95c5fc50c5,071b6561-2fc5-4c00-98dd-4119da46c8d9,MI,NA,NA,U.S. Senate,Data for Progress,Working Families Party PAC,DEM,lv,709,2026-06-15,2026-06-22,NA,general,https://workingfamilies.org/wp-content/uploads/2026/07/DFP-__-WFP-Michigan-Senate-Race-Memorandum.pdf,Haley Stevens,45,Mike Rogers,46,-1,TRUE
007278d5-49cd-4aa2-9400-8c95c5fc50c5,5afce063-c336-43c7-b41b-5766cd1221de,MI,NA,NA,U.S. Senate,Data for Progress,Working Families Party PAC,DEM,lv,709,2026-06-15,2026-06-22,NA,general,https://workingfamilies.org/wp-content/uploads/2026/07/DFP-__-WFP-Michigan-Senate-Race-Memorandum.pdf,Abdul El-Sayed,47,Mike Rogers,46,1,TRUE
ac22743d-7975-4bd3-981b-d39a2d3c9051,07e7dc30-9b55-4a7f-adeb-1170d9ba273d,MI,NA,NA,U.S. Senate,Wedgewood Polls,NA,NA,lv,602,2026-06-25,2026-06-28,NA,general,https://sites.google.com/view/wedgewood-polls/polls,Haley Stevens,46,Mike Rogers,46,0,FALSE
ac22743d-7975-4bd3-981b-d39a2d3c9051,230a61fa-f0dc-4ae2-ae20-c37a82e58831,MI,NA,NA,U.S. Senate,Wedgewood Polls,NA,NA,lv,602,2026-06-25,2026-06-28,NA,general,https://sites.google.com/view/wedgewood-polls/polls,Abdul El-Sayed,49,Mike Rogers,44,5,FALSE
ac22743d-7975-4bd3-981b-d39a2d3c9051,341cbb97-6509-4031-9e3d-c23248b247ce,MI,NA,NA,U.S. Senate,Wedgewood Polls,NA,NA,lv,602,2026-06-25,2026-06-28,NA,general,https://sites.google.com/view/wedgewood-polls/polls,Mallory McMorrow,41,Mike Rogers,48,-7,FALSE
edf376a8-2e75-4c89-bb0d-665392aae970,bd063820-a527-4554-8eee-49508bb75d62,MI,NA,NA,U.S. Senate,Quantus Insights,NA,NA,lv,947,2026-06-29,2026-06-30,NA,general,https://quantusinsights.org/f/michigan-senate-el-sayed-leads-primary-fall-race-remains-tight,Abdul El-Sayed,45.2,Mike Rogers,44.1,1.1000000000000014,FALSE
edf376a8-2e75-4c89-bb0d-665392aae970,e19645ee-cc7c-4427-9a79-1bb5e8ba56b1,MI,NA,NA,U.S. Senate,Quantus Insights,NA,NA,lv,947,2026-06-29,2026-06-30,NA,general,https://quantusinsights.org/f/michigan-senate-el-sayed-leads-primary-fall-race-remains-tight,Haley Stevens,45.1,Mike Rogers,43.7,1.3999999999999986,FALSE
edf376a8-2e75-4c89-bb0d-665392aae970,fa0c7a0e-3617-4377-ad46-61f454aba525,MI,NA,NA,U.S. Senate,Quantus Insights,NA,NA,lv,947,2026-06-29,2026-06-30,NA,general,https://quantusinsights.org/f/michigan-senate-el-sayed-leads-primary-fall-race-remains-tight,Mallory McMorrow,44.4,Mike Rogers,45.3,-0.8999999999999986,FALSE
d0deaf86-1535-4335-ada2-900774ec77ff,146ef3ed-7a69-4518-8303-4a08cd36757c,MI,NA,NA,U.S. Senate,"Glengariff Group, Inc.",Business Leaders for Michigan | Michigan Education Association,NA,lv,600,2026-07-22,2026-07-24,NA,general,https://mea.org/latest-statewide-poll-7-2026/,Abdul El-Sayed,38.7,Mike Rogers,49,-10.299999999999997,FALSE
d0deaf86-1535-4335-ada2-900774ec77ff,44aaf98d-e5db-43d2-acc7-91d5a817c2a2,MI,NA,NA,U.S. Senate,"Glengariff Group, Inc.",Business Leaders for Michigan | Michigan Education Association,NA,lv,600,2026-07-22,2026-07-24,NA,general,https://mea.org/latest-statewide-poll-7-2026/,Haley Stevens,45.5,Mike Rogers,44.7,0.7999999999999972,FALSE
5f5e2ec2-6e7a-4e71-96ac-92c616d4e483,b55a6a75-c8bc-4604-964f-7f167a59592d,MI,NA,NA,U.S. Senate,Mitchell Research & Communications,NA,NA,lv,672,2026-07-28,2026-07-29,NA,general,https://static1.squarespace.com/static/5f14ae6fb2a20e01e9c6d608/t/6a6d26262f442f133d15fa49/1785538087149/MITCHELL+MI+Poll+Nov+Electio+Press+Release+7-31-2026+305PM_A.pdf,Haley Stevens,43,Mike Rogers,46,-3,FALSE
5f5e2ec2-6e7a-4e71-96ac-92c616d4e483,cf4285a8-8e3e-456c-bef5-bd23700e8d6c,MI,NA,NA,U.S. Senate,Mitchell Research & Communications,NA,NA,lv,672,2026-07-28,2026-07-29,NA,general,https://static1.squarespace.com/static/5f14ae6fb2a20e01e9c6d608/t/6a6d26262f442f133d15fa49/1785538087149/MITCHELL+MI+Poll+Nov+Electio+Press+Release+7-31-2026+305PM_A.pdf,Abdul El-Sayed,45,Mike Rogers,45,0,FALSE
9ec2f9a9-0863-406a-a902-74ee03bb6eb1,13a86133-b651-4c7a-9be4-0480e288bd10,MI,NA,NA,U.S. Senate,SoCal Strategies,Red Eagle Politics,REP,lv,640,2026-07-28,2026-07-30,NA,general,https://socalstrategies.substack.com/p/abdul-el-sayed-holds-17-point-primary/,Haley Stevens,44,Mike Rogers,40,4,TRUE
9ec2f9a9-0863-406a-a902-74ee03bb6eb1,d8312a21-8745-4e31-b6ec-abb6b577b28d,MI,NA,NA,U.S. Senate,SoCal Strategies,Red Eagle Politics,REP,lv,640,2026-07-28,2026-07-30,NA,general,https://socalstrategies.substack.com/p/abdul-el-sayed-holds-17-point-primary/,Abdul El-Sayed,41,Mike Rogers,42,-1,TRUE
3afa5b29-7ae9-4aed-af2d-e167993c6e14,03eeb77c-b944-4dbb-9993-38929171c53b,MI,NA,NA,U.S. Senate,EPIC-MRA,MIRS News Service,NA,lv,600,2026-07-24,2026-07-31,NA,general,https://x.com/MIRSnews/status/2083770042475516025,Abdul El-Sayed,43,Mike Rogers,46,-3,FALSE
3afa5b29-7ae9-4aed-af2d-e167993c6e14,4f0f41af-538d-4b64-8c1f-fea467a5410c,MI,NA,NA,U.S. Senate,EPIC-MRA,MIRS News Service,NA,lv,600,2026-07-24,2026-07-31,NA,general,https://x.com/MIRSnews/status/2083770042475516025,Haley Stevens,44,Mike Rogers,42,2,FALSE
0c516519-3aea-459d-9426-a392a78944fe,d88de28d-b814-46bc-ad3c-49f4ef549eaf,MI,NA,NA,U.S. Senate,Beacon Research/Shaw & Company Research,Fox News,NA,rv,1006,2026-08-06,2026-08-10,NA,general,https://www.foxnews.com/politics/fox-news-poll-senate-battle-looms-michigan,Abdul El-Sayed,47,Mike Rogers,51,-4,FALSE
14255922-dac9-4587-b040-83dc51519dbb,4289b1bf-6375-4222-89f7-200e3210facd,MI,NA,NA,U.S. Senate,TIPP Insights,League of American Workers,REP,lv,1215,2026-08-06,2026-08-10,NA,general,https://tippinsights.com/league-of-american-workers-survey-michigan-2/,Abdul El-Sayed,45.44,Mike Rogers,42.27,3.1699999999999946,TRUE
14255922-dac9-4587-b040-83dc51519dbb,c7a832f8-e168-430c-b02a-a6618ee958fe,MI,NA,NA,U.S. Senate,TIPP Insights,League of American Workers,REP,rv,1528,2026-08-06,2026-08-10,NA,general,https://tippinsights.com/league-of-american-workers-survey-michigan-2/,Abdul El-Sayed,42.55,Mike Rogers,39.19,3.3599999999999994,TRUE
e517b345-e0c8-4715-b717-8e68b58495f6,5ae72580-b6be-4edb-8937-4fbe603ae73e,MI,NA,NA,U.S. Senate,GBAO,Senate Majority PAC,DEM,lv,800,2026-08-06,2026-08-10,NA,general,https://www.politico.com/newsletters/playbook/2026/08/15/what-burritos-tell-us-about-capitalism-01038859,Abdul El-Sayed,50,Mike Rogers,44,6,TRUE
1f396a28-8df3-4095-b0a7-9525b1598b40,412a3974-2ec3-48b0-a5b8-4e48aca0e73d,MI,NA,NA,U.S. Senate,Fabrizio Ward/Impact Research,AARP,NA,lv,877,2026-08-09,2026-08-11,NA,general,https://www.aarp.org/pri/topics/voter-research/politics/2026-midterm-election-poll-michigan/?CMP=RDRCT-PRI-POLT,Abdul El-Sayed,48,Mike Rogers,47,1,FALSE
996caa91-bee6-4be5-b8ef-71eb7a1186a7,05461b36-d6da-401e-8412-ebef9609aa5d,MI,NA,NA,U.S. Senate,"Susquehanna Polling & Research, Inc.",NA,NA,rv,800,2026-08-11,2026-08-17,NA,general,https://static01.nyt.com/newsgraphics/documenttools/43c767b477fe30ae/4748b92f-full.pdf,Abdul El-Sayed,46,Mike Rogers,39,7,FALSE
a4d89b12-868f-490b-9fd9-d4f2ec4ab6e4,36bdec9f-45aa-47ca-877b-8a87f260f619,MI,NA,NA,U.S. Senate,Michigan State University Institute for Public Policy and Social Research/YouGov,NA,NA,lv,779,2026-08-10,2026-08-20,NA,general,https://ippsr.msu.edu/news/msu-poll-shows-democrats-lead-republicans-coalesce-behind-rogers,Abdul El-Sayed,50,Mike Rogers,45,5,FALSE
a4d89b12-868f-490b-9fd9-d4f2ec4ab6e4,83cf6993-6e26-44d3-b967-50c3e537d6bd,MI,NA,NA,U.S. Senate,Michigan State University Institute for Public Policy and Social Research/YouGov,NA,NA,rv,913,2026-08-10,2026-08-20,NA,general,https://ippsr.msu.edu/news/msu-poll-shows-democrats-lead-republicans-coalesce-behind-rogers,Abdul El-Sayed,48,Mike Rogers,44,4,FALSE
96710969-8ac8-4a68-bf76-d1e3bd0f8e0e,9516ecc4-0910-43e9-a0e9-fca02391bc39,MI,NA,NA,U.S. Senate,Abacus Data,NA,NA,rv,500,2026-08-26,2026-08-28,NA,general,https://abacusdata.ca/the-trade-war-next-door-what-american-voters-think-about-tariffs-canada-and-the-battle-for-the-u-s-senate/,Abdul El-Sayed,41,Mike Rogers,35,6,FALSE
96710969-8ac8-4a68-bf76-d1e3bd0f8e0e,f6ddcdac-2d1e-481f-90c9-8a02e3fa5de3,MI,NA,NA,U.S. Senate,Abacus Data,NA,NA,lv,332,2026-08-26,2026-08-28,NA,general,https://abacusdata.ca/the-trade-war-next-door-what-american-voters-think-about-tariffs-canada-and-the-battle-for-the-u-s-senate/,Abdul El-Sayed,47,Mike Rogers,42,5,FALSE
ea8378f5-9ac1-4205-b36e-314fbba935b7,0f028862-9bab-4b3f-bbbc-558fac09fbee,MI,NA,NA,U.S. Senate,EPIC-MRA,NA,NA,lv,600,2026-08-22,2026-08-28,NA,general,https://talkingpointsmemo.com/edblog/time-to-relax-about-whether-abdul-el-sayed-can-win-michigan,Abdul El-Sayed,47,Mike Rogers,43,4,FALSE
c8ab1cb2-330b-45e6-9cab-19dd200ac99a,54a4f963-5071-4949-b00c-e9d040a4fdfb,MI,NA,NA,U.S. Senate,"Glengariff Group, Inc.",Detroit News | WDIV-TV,NA,lv,600,2026-08-31,2026-09-03,NA,general,https://www.detroitnews.com/story/news/politics/2026/09/08/michigan-senate-poll-mike-rogers-abdul-el-sayed/91653231007/,Abdul El-Sayed,44.4,Mike Rogers,45.8,-1.3999999999999986,FALSE
eac7129e-98df-459f-99ca-9c818ecd162a,c21ee2b3-26fc-40ef-b501-7438b67e1ed7,MI,NA,NA,U.S. Senate,CNN/SSRS,NA,NA,lv,843,2026-08-31,2026-09-06,NA,general,https://www.cnn.com/2026/09/09/politics/cnn-polls-maine-senate-michigan-senate-abdul-el-sayed-susan-collins,Abdul El-Sayed,47,Mike Rogers,44,3,FALSE
9da96e59-1c19-436a-9355-2e4c6ff8b5f7,f11a343c-9178-4bc1-b7a5-4229b4bb11d6,MI,NA,NA,U.S. Senate,Trafalgar Group,NA,REP,lv,1079,2026-09-07,2026-09-09,NA,general,https://www.thetrafalgargroup.org/news/mi-sen-general-0910/,Abdul El-Sayed,46.3,Mike Rogers,44.8,1.5,TRUE
39a97beb-dff8-42e4-ba27-456ffbd2ac88,8e44bf3b-8d26-4680-824a-1eed6973b30a,MI,NA,NA,U.S. Senate,Emerson College,Nexstar,NA,lv,1000,2026-09-12,2026-09-14,NA,general,https://emersoncollegepolling.com/michigan-2026-poll-el-sayed-and-rogers-locked-in-close-election/,Abdul El-Sayed,48.19,Mike Rogers,45.72,2.469999999999999,FALSE
f02c3dba-1905-4371-a2db-f33b476c5179,a8d8c4a0-39eb-4a5a-bded-a1cafded86db,MI,NA,NA,U.S. Senate,The Washington Post/George Mason University Schar School of Policy and Government,NA,NA,lv,803,2026-09-10,2026-09-14,NA,general,https://www.washingtonpost.com/documents/08fa9b5e-43ac-456c-a706-4c33ec6506dc.pdf?itid=lk_inline_manual_2,Abdul El-Sayed,48,Mike Rogers,45,3,FALSE
bb987f0d-aae5-46bd-9cd9-a37dc9ed0e83,96335354-f900-4424-a33d-0b597848b6b0,MI,NA,NA,U.S. Senate,InsiderAdvantage,NA,NA,lv,1200,2026-09-16,2026-09-17,NA,general,https://insideradvantage.com/mi-top-line-tabs/,Abdul El-Sayed,46.6,Mike Rogers,44.7,1.8999999999999986,FALSE
9c14f96f-6faa-4fb6-8f49-471a1e8b3a47,488527ac-52a4-4212-b0bd-f1cd6959518c,MN,NA,NA,U.S. Senate,Impact Research,NA,DEM,lv,604,2025-07-08,2025-07-11,NA,general,https://x.com/NenoNicolosio/status/2000509589566210355,Angie Craig,49,Michele Tafoya,45,4,TRUE
9c14f96f-6faa-4fb6-8f49-471a1e8b3a47,dace3e48-c465-4f2e-84c9-0cb249886ac6,MN,NA,NA,U.S. Senate,Impact Research,NA,DEM,lv,604,2025-07-08,2025-07-11,NA,general,https://x.com/NenoNicolosio/status/2000509589566210355,Peggy Flanagan,48,Michele Tafoya,45,3,TRUE
fc2fd45e-d709-4a74-97c0-95c14d5b67a0,03d6cb02-3d07-44b2-b55b-e28b1ca6c8bf,MN,NA,NA,U.S. Senate,Public Policy Polling,GQR,NA,lv,1015,2025-09-15,2025-09-16,NA,general,https://www.scribd.com/document/930902898/Flanagan-Senate-Poll-Memo-September-2025,Peggy Flanagan,46,Generic Republican,44,2,FALSE
fc2fd45e-d709-4a74-97c0-95c14d5b67a0,18a67da7-b333-4423-95b0-fb724e0682ab,MN,NA,NA,U.S. Senate,Public Policy Polling,GQR,NA,lv,1015,2025-09-15,2025-09-16,NA,general,https://www.scribd.com/document/930902898/Flanagan-Senate-Poll-Memo-September-2025,Angie Craig,47,Generic Republican,43,4,FALSE
bafbd131-89f2-4a74-ac51-2ac4798b40e4,190a0a32-a256-4bf5-a822-68b8cedd0c53,MN,NA,NA,U.S. Senate,Emerson College,NA,NA,lv,1000,2026-02-06,2026-02-08,NA,general,https://emersoncollegepolling.com/minnesota-2026-poll-democrats-lead-gop-as-voters-cite-threats-to-democracy/,Peggy Flanagan,47.1,Michele Tafoya,40.6,6.5,FALSE
bafbd131-89f2-4a74-ac51-2ac4798b40e4,71b6aacd-e523-42c9-a30d-918fa76425b1,MN,NA,NA,U.S. Senate,Emerson College,NA,NA,lv,1000,2026-02-06,2026-02-08,NA,general,https://emersoncollegepolling.com/minnesota-2026-poll-democrats-lead-gop-as-voters-cite-threats-to-democracy/,Angie Craig,46.6,Michele Tafoya,40.2,6.399999999999999,FALSE
fa307c88-2b80-406c-ab51-898ff492fe17,b3730f67-bb0c-481b-9f8e-77ccea4ec595,MN,NA,NA,U.S. Senate,Impact Research,NA,DEM,lv,808,2026-05-26,2026-05-28,NA,general,https://x.com/NenoNicolosio/status/2062572053346111489?s=20,Peggy Flanagan,51,Michele Tafoya,44,7,TRUE
fa307c88-2b80-406c-ab51-898ff492fe17,d5ae07f6-6ca9-45f7-be63-0ede7f747d37,MN,NA,NA,U.S. Senate,Impact Research,NA,DEM,lv,808,2026-05-26,2026-05-28,NA,general,https://x.com/NenoNicolosio/status/2062572053346111489?s=20,Angie Craig,51,Michele Tafoya,44,7,TRUE
b8ceed2d-4813-4108-a300-24a6dc39d81b,d0491698-0ce1-4692-ae51-0b542122a627,MN,NA,NA,U.S. Senate,"Mason-Dixon Polling & Research, Inc.",KARE-TV | Minneapolis Star Tribune | U. of Minnesota Hubbard School of Journalism and Mass Communication,NA,lv,800,2026-06-08,2026-06-10,NA,general,https://www.startribune.com/minnesota-poll-klobuchar-leads-all-gop-candidates-for-governor/601850018,Generic Democrat,49,Generic Republican,41,8,FALSE
e5722003-c9f2-4014-9b05-6062607faa9f,fffa6378-d2a3-4959-93e9-9904d3d981e9,MN,NA,NA,U.S. Senate,SurveyUSA,KSTP-TV Minneapolis,NA,lv,661,2026-08-13,2026-08-17,NA,general,https://kstp.com/kstp-news/top-news/kstp-surveyusa-poll-early-frontrunners-in-governor-and-senate-races-ag-a-toss-up/,Peggy Flanagan,46,Michele Tafoya,41,5,FALSE
eb8ad355-6d1e-479b-b7b1-5b54db88b965,115e31d1-cbfb-4510-9be1-5d203dfde57c,MN,NA,NA,U.S. Senate,TIPP Insights,League of American Workers,REP,rv,1494,2026-08-31,2026-09-02,NA,general,https://www.dailysignal.com/2026/09/08/senator-tafoya-minnesota-polling-dead-heat/,Peggy Flanagan,39.99,Michele Tafoya,37.98,2.010000000000005,TRUE
eb8ad355-6d1e-479b-b7b1-5b54db88b965,d272749d-17c4-4b48-bf56-11420fa2e5fd,MN,NA,NA,U.S. Senate,TIPP Insights,League of American Workers,REP,lv,1192,2026-08-31,2026-09-02,NA,general,https://www.dailysignal.com/2026/09/08/senator-tafoya-minnesota-polling-dead-heat/,Peggy Flanagan,43.96,Michele Tafoya,41.86,2.1000000000000014,TRUE
cbda5f15-c2a1-4102-8b12-76064418a417,039378a4-d82a-4e95-9b6e-8db15ad77efb,MN,NA,NA,U.S. Senate,Quantus Insights,NA,NA,lv,720,2026-09-08,2026-09-10,NA,general,https://quantusinsights.org/polling/f/new-quantus-polls-moody-leads-in-florida-flanagan-in-minnesota,Peggy Flanagan,48.9,Michele Tafoya,45.4,3.5,FALSE
2618d7e3-4071-4897-85b9-d877fdfbc2c7,96118869-e711-4f82-ba55-b204080d3b1b,MN,NA,NA,U.S. Senate,SurveyUSA,KSTP-TV Minneapolis,NA,lv,654,2026-09-09,2026-09-14,NA,general,https://kstp.com/kstp-news/top-news/kstp-surveyusa-poll-governor-senate-races-tightening-days-before-early-voting-starts-in-minnesota/,Peggy Flanagan,42,Michele Tafoya,42,0,FALSE
6dc1e5c8-81c7-4fdc-aaee-f5d0ba3bd532,60860089-c099-4f91-bd98-2b29d23be46f,MN,NA,NA,U.S. Senate,co/efficient,NA,NA,lv,833,2026-09-14,2026-09-15,NA,general,https://battlegrounds.coefficient.org/mn/,Generic Democrat,46,Generic Republican,47,-1,FALSE
6dc1e5c8-81c7-4fdc-aaee-f5d0ba3bd532,7cb10566-fc15-4ee1-b91a-a9165f03b272,MN,NA,NA,U.S. Senate,co/efficient,NA,NA,lv,833,2026-09-14,2026-09-15,NA,general,https://battlegrounds.coefficient.org/mn/,Peggy Flanagan,43,Michele Tafoya,42,1,FALSE
bb2c7efc-df3d-4cee-aef5-0db1bb547945,e3fd7c79-721a-4f62-88d0-525e86d0c44c,MS,NA,NA,U.S. Senate,Impact Research,SPLC Action Fund,DEM,lv,500,2026-04-08,2026-04-12,NA,general,https://www.splcactionfund.org/wp-content/uploads/sites/2/2026/04/2026-04-IMPACT-Baseline-MS-Statewide-Senate-GE-Bench-Apr-2026.pdf,Scott Colom,39,Cindy Hyde-Smith,42,-3,TRUE
f1934772-c44e-47bc-8e72-4f1226f44b5f,855a90ba-f477-4081-ac1c-fd075011f02a,MS,NA,NA,U.S. Senate,Data for Progress,Way to Lead PAC,DEM,lv,1018,2026-08-05,2026-08-15,NA,general,https://chartingthewayforward.substack.com/p/research-release-fresh-polling-from,Scott Colom,41,Cindy Hyde-Smith,47,-6,TRUE
f1934772-c44e-47bc-8e72-4f1226f44b5f,be3f1651-26ac-4ecd-a71b-b011bdc73c36,MS,NA,NA,U.S. Senate,Data for Progress,Way to Lead PAC,DEM,lv,1018,2026-08-05,2026-08-15,NA,general,https://chartingthewayforward.substack.com/p/research-release-fresh-polling-from,Scott Colom,38,Cindy Hyde-Smith,44,-6,TRUE
a4cdceed-7a8c-4b70-9ad1-d62e948b6530,9cd666e6-32a9-43f6-b972-e448eb36ce3f,MT,NA,NA,U.S. Senate,yes. every kid. foundation.,NA,NA,rv,500,2026-01-23,2026-01-26,NA,general,https://yeseverykidfoundation.org/montana-voters-want-more-education-freedom/,Reilly Neill,19,Steve Daines,43,-24,FALSE
1454464f-c38a-44fc-96d8-bb09d7f9ae0c,d22cc3aa-6909-4a1c-9825-d2f04d653909,MT,NA,NA,U.S. Senate,American Pulse Research & Polling,NA,NA,lv,607,2026-02-14,2026-02-18,NA,general,https://www.kulr8.com/elections/first-daines-in-command-for-us-senate-in-first-poll-featuring-an-independent/article_f61f7e4d-ef2f-52ae-bffc-ab6319495ff7.html,Seth Bodnar,40,Steve Daines,53.9,-13.899999999999999,FALSE
1454464f-c38a-44fc-96d8-bb09d7f9ae0c,f50edf0b-456c-4ce2-ae1d-460fc851c14f,MT,NA,NA,U.S. Senate,American Pulse Research & Polling,NA,NA,lv,607,2026-02-14,2026-02-18,NA,general,https://www.kulr8.com/elections/first-daines-in-command-for-us-senate-in-first-poll-featuring-an-independent/article_f61f7e4d-ef2f-52ae-bffc-ab6319495ff7.html,Reilly Neill,25.1,Steve Daines,51.7,-26.6,FALSE
13612ecb-8f27-4a3c-942e-c134fd7cbf66,24edf953-4cc3-49d3-99f6-f86ac43ad3b6,MT,NA,NA,U.S. Senate,Tavern Research,Contours Inc.,IND,lv,607,2026-05-13,2026-05-18,NA,general,https://www.tavernresearch.com/research-and-writings/montana-senate-bodnar-ballot-split,Reilly Neill,24,Kurt Alme,46,-22,TRUE
13612ecb-8f27-4a3c-942e-c134fd7cbf66,46194340-bb65-4720-b787-88af59758d82,MT,NA,NA,U.S. Senate,Tavern Research,Contours Inc.,IND,lv,607,2026-05-13,2026-05-18,NA,general,https://www.tavernresearch.com/research-and-writings/montana-senate-bodnar-ballot-split,Generic Democrat,44,Kurt Alme,56,-12,TRUE
13612ecb-8f27-4a3c-942e-c134fd7cbf66,982e0e7d-1a7a-4fbe-afdf-f2153952b2d9,MT,NA,NA,U.S. Senate,Tavern Research,Contours Inc.,IND,lv,607,2026-05-13,2026-05-18,NA,general,https://www.tavernresearch.com/research-and-writings/montana-senate-bodnar-ballot-split,Reilly Neill,42,Kurt Alme,58,-16,TRUE
bf714d68-2d8d-416f-909e-af5f1c6bf6b1,e23d9283-05b9-4f6a-b444-42cd8af98bd6,MT,NA,NA,U.S. Senate,Public Opinion Strategies,The Political Company,REP,lv,500,2026-06-08,2026-06-11,NA,general,https://www.semafor.com/article/06/18/2026/divided-montana-senate-field-helps-republicans,Alani Bankhead,25,Kurt Alme,44,-19,TRUE
19633ac9-910b-4625-a33a-4febf87202dc,014a6a86-269d-4a74-93d6-d3155ed17142,MT,NA,NA,U.S. Senate,Hart Research Associates,The Majority Institute,DEM,lv,800,2026-06-18,2026-06-24,NA,general,https://www.mtfreedompac.org/press-releases,Alani Bankhead,43,Kurt Alme,49,-6,TRUE
19633ac9-910b-4625-a33a-4febf87202dc,f5058302-07b2-443b-a323-6c73076cc1c6,MT,NA,NA,U.S. Senate,Hart Research Associates,The Majority Institute,DEM,lv,800,2026-06-18,2026-06-24,NA,general,https://www.mtfreedompac.org/press-releases,Alani Bankhead,22,Kurt Alme,47,-25,TRUE
bb82054e-a9e9-44d5-8fdd-ccdb1e0a7995,17fbe398-d16b-4eed-a9f5-9295ff80eda0,MT,NA,NA,U.S. Senate,GrayHouse,NA,NA,lv,500,2026-06-23,2026-06-24,NA,general,https://www.insideelections.com/news/article/montana-senate-new-poll-confirms-gop-edge,Alani Bankhead,25,Kurt Alme,41,-16,FALSE
b64dae86-2bac-42be-8751-548507ec6e6f,809e04bf-68e6-4fee-80d2-a942eafb52fb,MT,NA,NA,U.S. Senate,The Bullfinch Group,Independent Center | Independent Leadership Council,NA,lv,793,2026-07-13,2026-07-16,NA,general,https://independentcentervoice.com/insights/july-2026-statewide-survey-montana-s-u-s-senate-race,Alani Bankhead,22,Kurt Alme,36,-14,FALSE
9e530405-00f6-4cb2-83ea-92238cc55b27,01ff653b-5895-4c5c-a089-817eea68551a,MT,NA,NA,U.S. Senate,GQR,Contours Inc.,IND,lv,500,2026-07-23,2026-07-26,NA,general,https://www.gelliottmorris.com/p/2026-07-28-exclusive-independent-leads-democrat-against-republican-montana,Alani Bankhead,44,Kurt Alme,52,-8,TRUE
9e530405-00f6-4cb2-83ea-92238cc55b27,88ec0646-9e29-4c04-93dd-b8ca7cfa927f,MT,NA,NA,U.S. Senate,GQR,Contours Inc.,IND,lv,500,2026-07-23,2026-07-26,NA,general,https://www.gelliottmorris.com/p/2026-07-28-exclusive-independent-leads-democrat-against-republican-montana,Alani Bankhead,40,Kurt Alme,44,-4,TRUE
9e530405-00f6-4cb2-83ea-92238cc55b27,e94a6049-bf80-4426-b04e-345eff037a82,MT,NA,NA,U.S. Senate,GQR,Contours Inc.,IND,lv,500,2026-07-23,2026-07-26,NA,general,https://www.gelliottmorris.com/p/2026-07-28-exclusive-independent-leads-democrat-against-republican-montana,Alani Bankhead,22,Kurt Alme,41,-19,TRUE
cbca9de0-6789-419b-93ad-b72364c3dfea,617ed755-cfa4-4c12-b495-3b684f9036bf,MT,NA,NA,U.S. Senate,Hart Research Associates,Forward Montana,IND,lv,800,2026-08-01,2026-08-04,NA,general,https://forwardmontana.org/results-of-new-polling-on-the-montana-u-s-senate-election/,Alani Bankhead,15,Kurt Alme,45,-30,TRUE
cbca9de0-6789-419b-93ad-b72364c3dfea,7190813f-810c-4084-8aad-b6c39bfb1a08,MT,NA,NA,U.S. Senate,Hart Research Associates,Forward Montana,IND,lv,800,2026-08-01,2026-08-04,NA,general,https://forwardmontana.org/results-of-new-polling-on-the-montana-u-s-senate-election/,Alani Bankhead,38,Kurt Alme,52,-14,TRUE
8e8910b5-5bcb-4f44-bb67-c6b9e2b7a942,f691def6-0d95-4a8d-abd2-1bd9532947c3,MT,NA,NA,U.S. Senate,Peak Insights,NA,REP,lv,600,2026-08-23,2026-08-25,NA,general,https://www.semafor.com/article/09/08/2026/republican-exploits-divided-field-in-montana-senate-race,Alani Bankhead,19,Kurt Alme,44,-25,TRUE
b611f1b0-7ca1-49c8-9c2d-29140802d492,3e2533f4-2968-4e87-902c-49cbd0be9100,MT,NA,NA,U.S. Senate,Rutgers-Eagleton,Montana Free Press,NA,rv,845,2026-08-27,2026-09-07,NA,general,https://montanafreepress.org/2026/09/11/alme-holds-an-8-point-lead-over-bodnar-in-senate-race/,Alani Bankhead,16,Kurt Alme,38,-22,FALSE
e0d850c2-a12e-48c5-ac86-e4ed1aafda05,af41084a-5007-45ca-976d-4492c56e0fb8,MT,NA,NA,U.S. Senate,Quantus Insights,NA,NA,lv,625,2026-09-14,2026-09-15,NA,general,https://quantusinsights.org/f/latest-survey-alme-leads-as-montana%E2%80%99s-senate-opposition-splits,Alani Bankhead,24.4,Kurt Alme,45.3,-20.9,FALSE
24848e76-9a63-59b3-a881-a7a9add7cd32,5d0dbd15-7abf-4ff4-93c4-bd400e254d98,NC,NA,NA,U.S. Senate,Victory Insights,NA,NA,lv,800,2024-11-26,2024-11-29,NA,general,https://irp.cdn-website.com/07e08705/files/uploaded/PollReport_NC-2026_12-2-24.pdf,Roy Cooper,45.1,Thom Tillis,44.1,1,FALSE
24848e76-9a63-59b3-a881-a7a9add7cd32,b236878e-cbd7-46fd-819a-98a1499b51bb,NC,NA,NA,U.S. Senate,Victory Insights,NA,NA,lv,800,2024-11-26,2024-11-29,NA,general,https://irp.cdn-website.com/07e08705/files/uploaded/PollReport_NC-2026_12-2-24.pdf,Roy Cooper,45.5,Lara Trump,44.3,1.2000000000000028,FALSE
475bec54-489d-4cd6-acc6-1effe6738652,402866b6-ada1-436b-b014-042e1bbfcaab,NC,NA,NA,U.S. Senate,Public Policy Polling,NA,NA,rv,662,2025-03-04,2025-03-05,NA,general,https://www.publicpolicypolling.com/polls/thom-tillis-has-a-25-approval-rating/,Roy Cooper,47,Thom Tillis,43,4,FALSE
1f2d4e0d-a5e0-44fa-9125-d865b1b3e98b,86bf164c-66c5-48c5-ab86-dffe75f8f61f,NC,NA,NA,U.S. Senate,Change Research,Carolina Forward,DEM,lv,867,2025-03-31,2025-04-04,NA,general,https://carolinaforward.org/blog/april-2025-poll/,Roy Cooper,48,Thom Tillis,45,3,TRUE
667b6c9d-261b-488d-ab92-bffab687463f,32afcb45-fb0d-47f3-8867-9c49df314474,NC,NA,NA,U.S. Senate,Emerson College,NA,NA,rv,1000,2025-07-28,2025-07-30,NA,general,https://emersoncollegepolling.com/north-carolina-2026-poll-cooper-starts-us-senate-race-with-six-point-lead-and-clear-name-recognition-advantage-over-whatley/,Roy Cooper,46.7,Michael Whatley,41.4,5.300000000000004,FALSE
b30fc9ac-94ed-4f2b-82ef-daf8685636ce,d1b9e1f9-021f-4fc5-9114-b5018945735a,NC,NA,NA,U.S. Senate,Victory Insights,NA,NA,lv,600,2025-07-28,2025-07-30,NA,general,https://irp.cdn-website.com/07e08705/files/uploaded/PollSummary_NC-US-Senate_07-31-2025.pdf,Roy Cooper,44.4,Michael Whatley,43.5,0.8999999999999986,FALSE
ac767c3a-36bf-4615-81d8-871500f8d4e5,ecbac7f2-5b2d-4975-89ef-9190dffa386c,NC,NA,NA,U.S. Senate,Harper Polling,Carolina Journal,NA,lv,600,2025-08-11,2025-08-12,NA,general,https://www.carolinajournal.com/polls/august-2025-cooper-shows-early-lead-on-whatley-in-us-senate-race/,Roy Cooper,47.3,Michael Whatley,39.1,8.199999999999996,FALSE
36fb875b-82e7-4b6d-bb73-d54ddfbd84be,11a85c1e-e652-491c-bc0c-47a811b8354b,NC,NA,NA,U.S. Senate,Change Research,Carolina Forward,DEM,lv,855,2025-09-02,2025-09-08,NA,general,https://carolinaforward.org/blog/the-september-carolina-forward-poll/,Roy Cooper,48,Michael Whatley,41,7,TRUE
d6e9f7d4-5473-4c58-9b56-58db42092ad2,637bb7f2-3cda-4e22-8d47-04369b4131c7,NC,NA,NA,U.S. Senate,Harper Polling,Carolina Journal,NA,lv,600,2025-09-14,2025-09-15,NA,general,https://www.carolinajournal.com/wp-content/uploads/2025/09/H23315-CJ-NC-Sept25-Toplines.pdf,Roy Cooper,46.1,Michael Whatley,41.9,4.200000000000003,FALSE
16d84a0b-d452-486a-ad67-bf1270a19b6c,975f88ff-666b-4375-ba73-dc53ea5b439b,NC,NA,NA,U.S. Senate,Harper Polling,Carolina Journal,NA,lv,600,2025-11-09,2025-11-10,NA,general,https://www.carolinajournal.com/polls/november-2025-cooper-maintains-lead-in-senate-race/,Roy Cooper,48.1,Don Brown,38,10.100000000000001,FALSE
16d84a0b-d452-486a-ad67-bf1270a19b6c,9a34367c-f285-40be-b406-bd26e171ef20,NC,NA,NA,U.S. Senate,Harper Polling,Carolina Journal,NA,lv,600,2025-11-09,2025-11-10,NA,general,https://www.carolinajournal.com/polls/november-2025-cooper-maintains-lead-in-senate-race/,Roy Cooper,47.3,Michael Whatley,38.6,8.699999999999996,FALSE
e556e0f6-57b0-4389-ad0a-43949e8103e3,37fd703c-0d5b-4e83-9530-fcbb8f402233,NC,NA,NA,U.S. Senate,Change Research,Carolina Forward,DEM,lv,1105,2026-01-05,2026-01-07,NA,general,https://carolinaforward.org/blog/the-january-carolina-forward-poll/,Roy Cooper,47,Michael Whatley,42,5,TRUE
840ed27c-1672-416a-b784-f55f12b4bc4e,15842e7b-8753-417d-b1f1-39e7a5f095af,NC,NA,NA,U.S. Senate,TIPP Insights,League of American Workers,REP,rv,1512,2026-01-12,2026-01-15,NA,general,https://www.dailysignal.com/2026/01/19/exclusive-economy-remains-gops-biggest-vulnerability-in-north-carolina-new-poll-shows/,Roy Cooper,48.4,Michael Whatley,24.2,24.2,TRUE
392456df-676f-485b-9887-b0b0c1565c50,2a1152e8-7fc9-464b-9756-f098c4c9f3a2,NC,NA,NA,U.S. Senate,Change Research,Gary Pearce | Sam Hunt,DEM,rv,1069,2026-01-31,2026-02-04,NA,general,https://changeresearch.com/north-carolina-voters-february-2026/,Roy Cooper,50,Michael Whatley,40,10,TRUE
853ccd90-0763-41b2-b469-bcc02ef6752e,01f8da74-b3fc-4c3d-ae01-e818a50b50ef,NC,NA,NA,U.S. Senate,Public Policy Polling,NA,NA,rv,556,2026-03-13,2026-03-14,NA,general,https://www.publicpolicypolling.com/polls/north-carolina-is-always-close/,Roy Cooper,47,Michael Whatley,44,3,FALSE
513a5db1-b469-448f-91b9-915ea882aa6d,a9b37e1a-ce4a-4687-9199-14367cae6262,NC,NA,NA,U.S. Senate,YouGov,Catawba College Center for N.C. Politics & Public Service,NA,lv,872,2026-03-09,2026-03-18,NA,general,https://www.catawba.edu/news/all-news/2026/yougov-24/,Roy Cooper,48,Michael Whatley,34,14,FALSE
fc1e0141-3430-4588-a4fe-ea86a30bea64,c377240a-3512-4d1d-94fa-2f1b97f8e1a2,NC,NA,NA,U.S. Senate,Harper Polling,Carolina Journal,NA,lv,600,2026-03-22,2026-03-23,NA,general,https://www.carolinajournal.com/polls/march-2026-roy-cooper-leads-michael-whatley-in-senate-race-by-nearly-8-points/,Roy Cooper,48.9,Michael Whatley,41.1,7.799999999999997,FALSE
c0fcba01-5063-4e27-8510-929b048c6aa3,b48a2ad3-e381-4cfe-b90b-66f4b4c667f2,NC,NA,NA,U.S. Senate,Quantus Insights,NA,NA,lv,987,2026-03-31,2026-04-01,NA,general,https://quantusinsights.org/f/north-carolina-2026-democrats-hold-early-edge,Roy Cooper,48.6,Michael Whatley,43.8,4.800000000000004,FALSE
6c46d010-b8cb-4466-9b1b-d8dd12613bab,5c55d559-97d9-46be-a955-56e7d615e12c,NC,NA,NA,U.S. Senate,High Point University,NA,NA,rv,800,2026-03-26,2026-04-06,NA,general,https://www.highpoint.edu/blog/2026/04/hpu-poll-120-north-carolina-likely-voters-weigh-in-on-u-s-senate-north-carolina-supreme-court-races/,Roy Cooper,49,Michael Whatley,39,10,FALSE
6c46d010-b8cb-4466-9b1b-d8dd12613bab,dbc0a2d9-82e1-4764-bbde-810b1749d07f,NC,NA,NA,U.S. Senate,High Point University,NA,NA,lv,703,2026-03-26,2026-04-06,NA,general,https://www.highpoint.edu/blog/2026/04/hpu-poll-120-north-carolina-likely-voters-weigh-in-on-u-s-senate-north-carolina-supreme-court-races/,Roy Cooper,50,Michael Whatley,42,8,FALSE
17eb9dd9-8dc0-4319-80c9-638fe7b99c58,896a1508-da3c-4407-8933-7ed19349e0df,NC,NA,NA,U.S. Senate,Opinion Diagnostics,NA,NA,rv,830,2026-04-21,2026-04-24,NA,general,https://www.wral.com/news/nccapitol/cooper-leads-whatley-in-us-senate-race-new-nc-polls-april-2026/,Roy Cooper,50.4,Michael Whatley,41.4,9,FALSE
419d2158-916b-4df7-a656-28a6a005e069,68eaa481-4b18-4372-b7e8-fbf2cd992bd2,NC,NA,NA,U.S. Senate,Opinion Diagnostics,NA,NA,rv,830,2026-04-21,2026-04-24,NA,general,https://www.wral.com/news/nccapitol/cooper-leads-whatley-in-us-senate-race-new-nc-polls-april-2026/,Roy Cooper,50.4,Michael Whatley,41.4,9,FALSE
1759647c-7327-4a19-9985-8ebc9ca0bc2b,0ab95e7c-7d37-46a1-a94f-8a36edf7bca5,NC,NA,NA,U.S. Senate,Change Research,Carolina Forward,DEM,lv,957,2026-05-04,2026-05-08,NA,general,https://carolinaforward.org/blog/the-may-2026-carolina-forward-poll/,Roy Cooper,49.29,Michael Whatley,42.42,6.8699999999999974,TRUE
d9cf448e-160f-4950-adf4-1e4d5d837fd8,0bba8072-be13-449d-a806-8329f49d4544,NC,NA,NA,U.S. Senate,Harper Polling,Carolina Journal,NA,lv,600,2026-05-10,2026-05-11,NA,general,https://www.carolinajournal.com/polls/may-2026-coopers-lead-over-whatley-in-senate-race-widens/,Roy Cooper,49.8,Michael Whatley,38.7,11.099999999999994,FALSE
f6e3156e-154f-44b2-9274-6aa47b65ae00,bf413149-da03-4a4c-b422-3114709c5391,NC,NA,NA,U.S. Senate,YouGov,Catawba College Center for N.C. Politics & Public Service,NA,lv,905,2026-06-01,2026-06-10,NA,general,https://www.catawba.edu/news/all-news/2026/yougovsurvey27/,Roy Cooper,47.73,Michael Whatley,34.03,13.699999999999996,FALSE
089fc166-61e3-41b2-bd4e-45650b667195,35913006-b9c2-4e37-8af6-153975315467,NC,NA,NA,U.S. Senate,The New York Times/Siena University,NA,NA,lv,601,2026-06-15,2026-06-27,NA,general,https://www.nytimes.com/interactive/2026/07/01/polls/times-siena-north-carolina-poll-crosstabs.html,Roy Cooper,50,Michael Whatley,43.19,6.810000000000002,FALSE
f744b6a4-6d46-4db9-81f4-136e1d25501c,ad8fee45-528c-4374-8e65-912b08c75218,NC,NA,NA,U.S. Senate,Public Policy Polling,NA,NA,rv,759,2026-07-10,2026-07-11,NA,general,https://www.publicpolicypolling.com/polls/cooper-leads-but-whatley-has-a-path/,Roy Cooper,48,Michael Whatley,44,4,FALSE
1b36b4be-bc6d-49c7-88f3-16ad6a375eab,b3ecdc99-293e-4afc-aa69-4e56ddede1ac,NC,NA,NA,U.S. Senate,Beacon Research/Shaw & Company Research,Fox News,NA,rv,1005,2026-07-23,2026-07-27,NA,general,https://www.foxnews.com/politics/fox-news-poll-democratic-enthusiasm-shapes-north-carolina-senate-race,Roy Cooper,53,Michael Whatley,44,9,FALSE
191941d8-cdb5-47c1-84e5-fc2cbded9a42,317b595b-28a9-4d57-b58b-33a4f4cba705,NC,NA,NA,U.S. Senate,YouGov,Elon University,NA,a,800,2026-07-23,2026-07-31,NA,general,https://eloncdn.blob.core.windows.net/eu3/sites/819/2026/08/Elon-Poll-1-fall-2026-NR-V3-8-12-26.pdf,Roy Cooper,47,Michael Whatley,33,14,FALSE
191941d8-cdb5-47c1-84e5-fc2cbded9a42,b6963b65-ecfa-448c-9eaa-4f24551a339f,NC,NA,NA,U.S. Senate,YouGov,Elon University,NA,lv,466,2026-07-23,2026-07-31,NA,general,https://eloncdn.blob.core.windows.net/eu3/sites/819/2026/08/Elon-Poll-1-fall-2026-NR-V3-8-12-26.pdf,Roy Cooper,53,Michael Whatley,42,11,FALSE
191941d8-cdb5-47c1-84e5-fc2cbded9a42,e2811068-e4d5-46ec-9b9e-efcfe0ebc687,NC,NA,NA,U.S. Senate,YouGov,Elon University,NA,rv,717,2026-07-23,2026-07-31,NA,general,https://eloncdn.blob.core.windows.net/eu3/sites/819/2026/08/Elon-Poll-1-fall-2026-NR-V3-8-12-26.pdf,Roy Cooper,51,Michael Whatley,35,16,FALSE
395cdcdb-42c7-4ce3-b9b2-fd3595517f13,a7e63a80-485c-45cc-af57-26220446170a,NC,NA,NA,U.S. Senate,Change Research,Gary Pearce | Sam Hunt,DEM,rv,967,2026-07-29,2026-08-01,NA,general,https://garypearcenc.substack.com/p/cooper-up-by-9-trump-still-slumps,Roy Cooper,50,Michael Whatley,41,9,TRUE
e0b6f1e1-439e-4c29-8868-a65772d11702,26b3d4b5-dc08-48b4-98a9-62dbfa3b7273,NC,NA,NA,U.S. Senate,Change Research,Carolina Forward,DEM,lv,915,2026-08-03,2026-08-06,NA,general,https://carolinaforward.org/news/the-august-2026-carolina-forward-poll/,Roy Cooper,50.05,Michael Whatley,42.93,7.1199999999999974,TRUE
beb4de30-0917-49b6-8d55-5dd12d34da46,2ae8b07d-b652-4d44-9495-bf347c9afde7,NC,NA,NA,U.S. Senate,Harper Polling,Carolina Journal,NA,lv,600,2026-08-09,2026-08-10,NA,general,https://www.carolinajournal.com/polls/august-2026-coopers-lead-over-whatley-grows-to-12-5-points/,Roy Cooper,51.5,Michael Whatley,39,12.5,FALSE
f6b07086-4cb6-46d6-9b3b-19e75f3c66d7,9d3c5cf2-17c3-4478-956c-f9497382fe2d,NC,NA,NA,U.S. Senate,High Point University,NA,NA,lv,660,2026-08-03,2026-08-12,NA,general,https://www.highpoint.edu/blog/2026/08/hpu-poll-126-majority-of-north-carolina-voters-say-country-headed-in-wrong-direction/,Roy Cooper,50,Michael Whatley,45,5,FALSE
f6b07086-4cb6-46d6-9b3b-19e75f3c66d7,f32d40d7-fad7-493a-9722-da2bc2fdd9b8,NC,NA,NA,U.S. Senate,High Point University,NA,NA,rv,800,2026-08-03,2026-08-12,NA,general,https://www.highpoint.edu/blog/2026/08/hpu-poll-126-majority-of-north-carolina-voters-say-country-headed-in-wrong-direction/,Roy Cooper,48,Michael Whatley,41,7,FALSE
60831a1c-80bb-4818-aae3-68ff8da9d86d,0c123e60-3e78-4411-ab6c-feeb417bb0f7,NC,NA,NA,U.S. Senate,YouGov,Elon University,NA,a,800,2026-08-21,2026-08-31,NA,general,https://eloncdn.blob.core.windows.net/eu3/sites/819/2026/09/Elon-University-Poll-NR-9-10-26.pdf,Roy Cooper,39,Michael Whatley,29,10,FALSE
60831a1c-80bb-4818-aae3-68ff8da9d86d,1ed879e1-e108-483e-b055-cf56ea4d5feb,NC,NA,NA,U.S. Senate,YouGov,Elon University,NA,rv,677,2026-08-21,2026-08-31,NA,general,https://eloncdn.blob.core.windows.net/eu3/sites/819/2026/09/Elon-University-Poll-NR-9-10-26.pdf,Roy Cooper,49,Michael Whatley,36,13,FALSE
60831a1c-80bb-4818-aae3-68ff8da9d86d,945f46e5-101e-4128-abd8-22a3b2774e9a,NC,NA,NA,U.S. Senate,YouGov,Elon University,NA,lv,565,2026-08-21,2026-08-31,NA,general,https://eloncdn.blob.core.windows.net/eu3/sites/819/2026/09/Elon-University-Poll-NR-9-10-26.pdf,Roy Cooper,49,Michael Whatley,38,11,FALSE
b89871e7-49f8-4591-9507-da2e48fc92cf,7f3db0e5-cb98-42fa-9967-e3af2cf35eb6,NC,NA,NA,U.S. Senate,East Carolina University Center for Survey Research,NA,NA,lv,675,2026-08-31,2026-09-03,NA,general,https://surveyresearch-ecu.reportablenews.com/pr/ecu-poll-cooper-leads-whatley-by-7-points,Roy Cooper,51.7,Michael Whatley,43.6,8.100000000000001,FALSE
9aa00d2f-5663-4994-9428-45a42bacb098,9146c7ad-f9cd-4225-8627-22bf045d0687,NC,NA,NA,U.S. Senate,Trafalgar Group,NA,REP,lv,1084,2026-09-08,2026-09-10,NA,general,https://www.thetrafalgargroup.org/wp-content/uploads/2026/09/NC-Gen-Sen-Poll-Full-Report-0911.pdf,Roy Cooper,48.2,Michael Whatley,42.3,5.900000000000006,TRUE
c34d03cc-ae09-401a-881a-e5d201d48245,87e2b7dd-d5ed-4191-be22-b9ae3adc1b2e,NC,NA,NA,U.S. Senate,Harper Polling,Carolina Journal,NA,lv,608,2026-09-13,2026-09-15,NA,general,https://www.carolinajournal.com/polls/september-2026-roy-coopers-lead-grows-to-15-points-in-nc-senate-race/,Roy Cooper,49.2,Michael Whatley,34.1,15.100000000000001,FALSE
45f311bf-7b92-4f5d-a776-790a211fe758,6ba14866-f5ac-4e7a-af91-3a76d9386328,NC,NA,NA,U.S. Senate,InsiderAdvantage,NA,NA,lv,1200,2026-09-16,2026-09-17,NA,general,https://insideradvantage.com/nc-top-line-tabs/,Roy Cooper,48.4,Michael Whatley,42.5,5.899999999999999,FALSE
9efb685a-2477-4ec2-8818-14084a35948b,f399e2ed-6a1b-4511-a2f4-d570b22d7b1d,NE,NA,NA,U.S. Senate,Change Research,NA,DEM,lv,524,2025-03-28,2025-04-01,NA,general,https://nebraskapublicmedia.org/es/news/news-articles/senate-candidate-dan-osborn-hits-campaign-trail-with-populist-blue-collar-message/,Dan Osborn,45,Pete Ricketts,46,-1,TRUE
c4d67e47-34a9-42af-a5b7-65ad7a7ec824,527e1310-bdfa-4e96-87ff-b5554f0e38b7,NE,NA,NA,U.S. Senate,Impact Research,NA,DEM,lv,600,2026-02-02,2026-02-05,NA,general,https://omaha.com/news/state-regional/government-politics/article_d133be6b-85f6-4773-a16c-0edeb903c3e4.html,Dan Osborn,47,Pete Ricketts,48,-1,TRUE
cc32f509-8940-4dc1-a883-3b2cb93bda47,086f483e-7cf4-49a6-8f17-7a967d67cafd,NE,NA,NA,U.S. Senate,Tavern Research,Contours Inc.,IND,lv,1165,2026-05-08,2026-05-11,NA,general,https://www.tavernresearch.com/research-and-writings/nebraska-senate-poll,William J. Forbes,34,Pete Ricketts,50,-16,TRUE
cc32f509-8940-4dc1-a883-3b2cb93bda47,71bc7bda-a349-4426-9a6b-64036c31c5a6,NE,NA,NA,U.S. Senate,Tavern Research,Contours Inc.,IND,lv,1165,2026-05-08,2026-05-11,NA,general,https://www.tavernresearch.com/research-and-writings/nebraska-senate-poll,Dan Osborn,47,Pete Ricketts,42,5,TRUE
cc32f509-8940-4dc1-a883-3b2cb93bda47,c026ac52-98fa-413a-83e4-d5bf1fb6617b,NE,NA,NA,U.S. Senate,Tavern Research,Contours Inc.,IND,lv,1165,2026-05-08,2026-05-11,NA,general,https://www.tavernresearch.com/research-and-writings/nebraska-senate-poll,Cindy Burbank,39,Pete Ricketts,48,-9,TRUE
cc32f509-8940-4dc1-a883-3b2cb93bda47,ef172f1e-5092-4e0b-8420-16827eb85d55,NE,NA,NA,U.S. Senate,Tavern Research,Contours Inc.,IND,lv,1165,2026-05-08,2026-05-11,NA,general,https://www.tavernresearch.com/research-and-writings/nebraska-senate-poll,Generic Democrat,42,Pete Ricketts,49,-7,TRUE
f057f5b3-bf14-4228-b266-cff675d04677,1f9e45b4-61ec-452b-ae00-664c41b33762,NE,NA,NA,U.S. Senate,Impact Research,NA,DEM,lv,600,2026-08-09,2026-08-13,NA,general,https://omaha.com/news/state-regional/government-politics/article_666083f7-4e07-45ae-a534-adbb42b64734.html#tncms-source=login,Dan Osborn,47,Pete Ricketts,47,0,TRUE
bb94417f-3a6e-4bd8-9e2d-29ba8c451b23,33fcc82a-db80-4118-a852-bf049ff83467,NE,NA,NA,U.S. Senate,SurveyUSA,"Grant Forbes, LLC",NA,lv,503,2026-09-08,2026-09-13,NA,general,https://results.surveyusa.com/client/PollReport.aspx?g=d94236a7-5861-4b7f-9d81-d5a81ab786cc,Dan Osborn,46,Pete Ricketts,42,4,FALSE
175b2a29-7562-4d01-9d62-b361af5cdc32,c45840ae-5917-4916-ae5c-987ec7866d95,NE,NA,NA,U.S. Senate,Wedgewood Polls,NA,NA,lv,500,2026-09-14,2026-09-16,NA,general,https://drive.google.com/file/d/1KBEbm4P_yziCxsZdgMhTzJ3p5UwtN7X5/view,Dan Osborn,48,Pete Ricketts,52,-4,FALSE
7baaa8e1-ecf8-5806-902f-7ca98b0c7412,1ca96454-d54b-4312-a1c8-82c3f11dad66,NH,NA,NA,U.S. Senate,Praecones Analytica,New Hampshire Journal,NA,rv,626,2025-02-26,2025-03-01,NA,general,https://nhjournal.com/exclusive-poll-age-issue-dogs-shaheen-trails-sununu-by-9-points/,Jeanne Shaheen,58.9,Frank Edelblut,41.1,17.799999999999997,FALSE
7baaa8e1-ecf8-5806-902f-7ca98b0c7412,68ec24b0-7e32-47a1-95e6-c289ef758621,NH,NA,NA,U.S. Senate,Praecones Analytica,New Hampshire Journal,NA,rv,626,2025-02-26,2025-03-01,NA,general,https://nhjournal.com/exclusive-poll-age-issue-dogs-shaheen-trails-sununu-by-9-points/,Jeanne Shaheen,45.6,Chris Sununu,54.4,-8.799999999999997,FALSE
7baaa8e1-ecf8-5806-902f-7ca98b0c7412,75096361-da00-41f8-b02f-ba8720473d23,NH,NA,NA,U.S. Senate,Praecones Analytica,New Hampshire Journal,NA,rv,626,2025-02-26,2025-03-01,NA,general,https://nhjournal.com/exclusive-poll-age-issue-dogs-shaheen-trails-sununu-by-9-points/,Jeanne Shaheen,55.1,Scott Brown,44.9,10.200000000000003,FALSE
2f286e9d-0343-4d30-bd6c-4c3b549e3265,44d87583-bc65-49d5-b654-b5b56dbc438d,NH,NA,NA,U.S. Senate,Quantus Insights,TrendingPolitics,REP,rv,650,2025-03-17,2025-03-19,NA,general,https://quantusinsights.org/f/sununu-leads-pappas-in-hypothetical-new-hampshire-senate-matchup,Chris Pappas,44,Chris Sununu,53,-9,TRUE
0d1b4016-4ff9-4cc6-abb6-a0e96683189c,5718dda0-cdb3-41d6-bbae-86fb50fe5d23,NH,NA,NA,U.S. Senate,St. Anselm,NA,NA,rv,1776,2025-08-26,2025-08-27,NA,general,https://www.wmur.com/article/poll-pappas-republicans-senate-race-9325/65974049,Chris Pappas,48,Dan Innis,30,18,FALSE
0d1b4016-4ff9-4cc6-abb6-a0e96683189c,964ff7f7-a7a3-4314-ae5d-1e5ca94de5e4,NH,NA,NA,U.S. Senate,St. Anselm,NA,NA,rv,1776,2025-08-26,2025-08-27,NA,general,https://www.wmur.com/article/poll-pappas-republicans-senate-race-9325/65974049,Chris Pappas,48,Scott Brown,37,11,FALSE
fbae8ab4-91e8-45c6-8740-61ebdf4a2ad6,b71d2162-853b-403e-81d2-bc4c8e15bf88,NH,NA,NA,U.S. Senate,1892 Polling,One Nation,REP,lv,500,2025-09-02,2025-09-04,NA,general,https://punchbowl.news/nhsen_poll2memo_d2b_090625/,Chris Pappas,45,John Sununu,43,2,TRUE
cbb19403-422b-4623-948b-f91fa51eda99,05b663e8-1b87-43ef-bd5d-55ef9715435f,NH,NA,NA,U.S. Senate,co/efficient,NA,NA,lv,904,2025-09-10,2025-09-12,NA,general,https://coefficient.org/wp-content/uploads/2025/09/NH-U.S.-Senate-General-Election-2026.pdf,Chris Pappas,48,Generic Republican,42,6,FALSE
cbb19403-422b-4623-948b-f91fa51eda99,c3ca885a-197f-4b11-becf-b661d5d67527,NH,NA,NA,U.S. Senate,co/efficient,NA,NA,lv,904,2025-09-10,2025-09-12,NA,general,https://coefficient.org/wp-content/uploads/2025/09/NH-U.S.-Senate-General-Election-2026.pdf,Chris Pappas,49,Dan Innis,37,12,FALSE
cbb19403-422b-4623-948b-f91fa51eda99,c4eff1fc-fac8-4d29-b398-6cb53c381186,NH,NA,NA,U.S. Senate,co/efficient,NA,NA,lv,904,2025-09-10,2025-09-12,NA,general,https://coefficient.org/wp-content/uploads/2025/09/NH-U.S.-Senate-General-Election-2026.pdf,Chris Pappas,46,John Sununu,43,3,FALSE
cbb19403-422b-4623-948b-f91fa51eda99,d2f698a9-41f4-40d5-bef1-5228e7f80754,NH,NA,NA,U.S. Senate,co/efficient,NA,NA,lv,904,2025-09-10,2025-09-12,NA,general,https://coefficient.org/wp-content/uploads/2025/09/NH-U.S.-Senate-General-Election-2026.pdf,Chris Pappas,50,Scott Brown,40,10,FALSE
88470d41-7365-473e-990d-13285f72b5a9,0f057e63-d11c-4381-ac98-ed56e5733b86,NH,NA,NA,U.S. Senate,University of New Hampshire,NA,NA,lv,1225,2025-09-17,2025-09-23,NA,general,https://scholars.unh.edu/survey_center_polls/888/,Chris Pappas,49,Chris Sununu,43,6,FALSE
88470d41-7365-473e-990d-13285f72b5a9,4246ae88-3970-4efc-8756-20789361e188,NH,NA,NA,U.S. Senate,University of New Hampshire,NA,NA,lv,1213,2025-09-17,2025-09-23,NA,general,https://scholars.unh.edu/survey_center_polls/888/,Chris Pappas,52,Scott Brown,37,15,FALSE
e88447b9-f7d0-4b4f-8e64-299d1b347ab3,40809766-eda7-4d5f-b5e7-2271bd5dc7d0,NH,NA,NA,U.S. Senate,co/efficient,NA,NA,lv,1034,2025-10-09,2025-10-13,NA,general,https://coefficient.org/new-hampshire-us-senate-2026-general-election/,Chris Pappas,45,John Sununu,42,3,FALSE
e88447b9-f7d0-4b4f-8e64-299d1b347ab3,cb29170b-6e85-40fc-bd46-626dad6cfdda,NH,NA,NA,U.S. Senate,co/efficient,NA,NA,lv,1034,2025-10-09,2025-10-13,NA,general,https://coefficient.org/new-hampshire-us-senate-2026-general-election/,Chris Pappas,49,Scott Brown,39,10,FALSE
c324b6c3-914d-4fbd-b735-c519ccee91bf,2d8aa108-3742-4587-b6b7-298e80742e2b,NH,NA,NA,U.S. Senate,St. Anselm,NA,NA,rv,2212,2025-11-18,2025-11-19,NA,general,https://www.anselm.edu/about/anselmian-hub/news/new-poll-saint-anselm-college-survey-shows-declining-optimism-democracy-dominant-issue-and-early-partisan-divides-ahead-2026,Chris Pappas,44,Scott Brown,36,8,FALSE
c324b6c3-914d-4fbd-b735-c519ccee91bf,a71e7862-e85a-4945-8355-6099cd065d42,NH,NA,NA,U.S. Senate,St. Anselm,NA,NA,rv,2212,2025-11-18,2025-11-19,NA,general,https://www.anselm.edu/about/anselmian-hub/news/new-poll-saint-anselm-college-survey-shows-declining-optimism-democracy-dominant-issue-and-early-partisan-divides-ahead-2026,Chris Pappas,44,John Sununu,41,3,FALSE
66c43a54-fa87-4831-b7d6-89f03928e7fe,70276ec2-1929-4ed3-8867-249602870233,NH,NA,NA,U.S. Senate,Guidant Polling and Strategy,One Nation,REP,lv,600,2025-12-09,2025-12-11,NA,general,https://www.politico.com/newsletters/playbook/2026/01/06/5-years-ago-today-00712185,Chris Pappas,49,Scott Brown,38,11,TRUE
66c43a54-fa87-4831-b7d6-89f03928e7fe,f9297c52-74f4-4b92-85c1-cc1d1a1f222d,NH,NA,NA,U.S. Senate,Guidant Polling and Strategy,One Nation,REP,lv,600,2025-12-09,2025-12-11,NA,general,https://www.politico.com/newsletters/playbook/2026/01/06/5-years-ago-today-00712185,Chris Pappas,47,John Sununu,44,3,TRUE
3067d655-e84a-4bc7-b9a5-3c35ad8b499d,5e5e204e-b16e-4f38-aeaa-f4c46bc6ee41,NH,NA,NA,U.S. Senate,Praecones Analytica,New Hampshire Journal,NA,rv,603,2025-12-26,2025-12-28,NA,general,https://nhjournal.com/exclusive-trump-underwater-ayotte-still-afloat-in-new-nhjournal-poll/,Chris Pappas,42.3,John Sununu,35.6,6.699999999999996,FALSE
3067d655-e84a-4bc7-b9a5-3c35ad8b499d,5f4c7006-11db-4495-836d-6f40db955563,NH,NA,NA,U.S. Senate,Praecones Analytica,New Hampshire Journal,NA,rv,603,2025-12-26,2025-12-28,NA,general,https://nhjournal.com/exclusive-trump-underwater-ayotte-still-afloat-in-new-nhjournal-poll/,Chris Pappas,45.8,Scott Brown,28,17.799999999999997,FALSE
595a8c5c-ca0e-46db-b6f7-75559cf68bbc,2516a125-c680-4014-a430-f949f7f9d7b9,NH,NA,NA,U.S. Senate,University of New Hampshire,NA,NA,lv,2017,2026-01-15,2026-01-19,NA,general,https://scholars.unh.edu/survey_center_polls/922/,Chris Pappas,52,Scott Brown,42,10,FALSE
595a8c5c-ca0e-46db-b6f7-75559cf68bbc,f3e78298-8730-48ed-8e78-2aa24e5da901,NH,NA,NA,U.S. Senate,University of New Hampshire,NA,NA,lv,2038,2026-01-15,2026-01-19,NA,general,https://scholars.unh.edu/survey_center_polls/922/,Chris Pappas,50,John Sununu,45,5,FALSE
302e9979-627b-4b96-8d16-f9779504f5d2,e3018a44-df2a-4f87-b173-5448ea1a08aa,NH,NA,NA,U.S. Senate,yes. every kid. foundation.,NA,NA,lv,563,2026-01-28,2026-01-29,NA,general,https://yeseverykid.com/new-hampshire-voters-support-expanded-public-school-access/,Chris Pappas,45,John Sununu,41,4,FALSE
34dd8f45-0aed-4e65-bb57-a284d358ecf6,0b1514bf-9a75-41e8-bfc0-e84970bf54dd,NH,NA,NA,U.S. Senate,St. Anselm,NA,NA,rv,1491,2026-03-16,2026-03-18,NA,general,https://www.anselm.edu/about/anselmian-hub/news/new-poll-saint-anselm-college-survey-shows-democrats-gaining-ground-republicans-face-political-headwinds,Chris Pappas,46,Chris Sununu,43,3,FALSE
34dd8f45-0aed-4e65-bb57-a284d358ecf6,f322f8ae-8896-4d80-875e-9d6a15621b00,NH,NA,NA,U.S. Senate,St. Anselm,NA,NA,rv,1491,2026-03-16,2026-03-18,NA,general,https://www.anselm.edu/about/anselmian-hub/news/new-poll-saint-anselm-college-survey-shows-democrats-gaining-ground-republicans-face-political-headwinds,Chris Pappas,47,Scott Brown,38,9,FALSE
9fc132c3-d608-47c4-b60f-9ecca73edf49,2c1a4e53-3107-4e3c-a2e4-4ba6138fe517,NH,NA,NA,U.S. Senate,Emerson College,NA,NA,lv,1100,2026-03-21,2026-03-23,NA,general,https://emersoncollegepolling.com/new-hampshire-2026-sununu-leads-gop-nomination-ties-pappas-for-senate/,Chris Pappas,45.4,John Sununu,43.7,1.6999999999999957,FALSE
9fc132c3-d608-47c4-b60f-9ecca73edf49,50c5481c-c5d5-4a00-8697-47dbeb21e111,NH,NA,NA,U.S. Senate,Emerson College,NA,NA,lv,1100,2026-03-21,2026-03-23,NA,general,https://emersoncollegepolling.com/new-hampshire-2026-sununu-leads-gop-nomination-ties-pappas-for-senate/,Chris Pappas,47.8,Scott Brown,39.3,8.5,FALSE
cab70212-715f-4ec9-9b3b-dfc28a274f09,d5534549-d26e-453f-8573-5cbdc68dca90,NH,NA,NA,U.S. Senate,University of New Hampshire,NA,NA,lv,1115,2026-04-17,2026-04-21,NA,general,https://scholars.unh.edu/survey_center_polls/944/,Chris Pappas,52,Scott Brown,38,14,FALSE
cab70212-715f-4ec9-9b3b-dfc28a274f09,fadfd178-3aad-420c-ad67-c357dd9a5887,NH,NA,NA,U.S. Senate,University of New Hampshire,NA,NA,lv,1130,2026-04-17,2026-04-21,NA,general,https://scholars.unh.edu/survey_center_polls/944/,Chris Pappas,49,John Sununu,42,7,FALSE
efcc0bd7-9216-4651-8c14-726b8f5916bb,37c0e05a-83e3-4dc2-b5fe-7911ae2bd5b8,NH,NA,NA,U.S. Senate,University of New Hampshire,NA,NA,lv,1980,2026-06-18,2026-06-23,NA,general,https://scholars.unh.edu/survey_center_polls/974/,Chris Pappas,52,Scott Brown,38,14,FALSE
efcc0bd7-9216-4651-8c14-726b8f5916bb,c578051e-d6fd-42fd-8cee-635829b4b2cf,NH,NA,NA,U.S. Senate,University of New Hampshire,NA,NA,lv,2157,2026-06-18,2026-06-23,NA,general,https://scholars.unh.edu/survey_center_polls/974/,Chris Pappas,47,John Sununu,44,3,FALSE
323ff676-e8d3-44aa-a932-d8cb8fbc0695,21af2ff5-90b7-4dd3-9e70-d27aeac21624,NH,NA,NA,U.S. Senate,St. Anselm,NA,NA,rv,1614,2026-06-24,2026-06-25,NA,general,https://www.anselm.edu/about/anselmian-hub/news/saint-anselm-college-survey-center-june-poll-finds-democrats-expand-generic-ballot-lead,Chris Pappas,48,Scott Brown,36,12,FALSE
323ff676-e8d3-44aa-a932-d8cb8fbc0695,c2d6421c-b0fd-44ba-b87b-2f2fbbccb557,NH,NA,NA,U.S. Senate,St. Anselm,NA,NA,rv,1614,2026-06-24,2026-06-25,NA,general,https://www.anselm.edu/about/anselmian-hub/news/saint-anselm-college-survey-center-june-poll-finds-democrats-expand-generic-ballot-lead,Chris Pappas,47,John Sununu,41,6,FALSE
81a561d0-30fb-49a1-b168-19f24d658d06,088db433-5228-4575-bbde-15d87f03f767,NH,NA,NA,U.S. Senate,Peak Insights,NRSC,REP,lv,500,2026-06-24,2026-06-27,NA,general,https://www.nrsc.org/wp-content/uploads/2026/07/new-hampshire-poll.pdf,Chris Pappas,43,John Sununu,42,1,TRUE
ceea1397-da26-4ef3-8b12-629a82c88d6c,60f2274f-352e-4570-a8f3-9075c389dc16,NH,NA,NA,U.S. Senate,St. Anselm,NA,NA,lv,1411,2026-08-17,2026-08-18,NA,general,https://www.anselm.edu/about/anselmian-hub/news/new-saint-anselm-college-poll-finds-republicans-facing-midterm-headwinds-democratic-lead-widens,Chris Pappas,49,Scott Brown,37,12,FALSE
ceea1397-da26-4ef3-8b12-629a82c88d6c,be5a893d-e479-4bcf-ba2b-aeffcb50bbd2,NH,NA,NA,U.S. Senate,St. Anselm,NA,NA,lv,1411,2026-08-17,2026-08-18,NA,general,https://www.anselm.edu/about/anselmian-hub/news/new-saint-anselm-college-poll-finds-republicans-facing-midterm-headwinds-democratic-lead-widens,Chris Pappas,48,John Sununu,41,7,FALSE
da531189-726e-4fe8-af41-495962027a60,17d2b78c-834b-4b29-aa51-98f4dbcaf37d,NH,NA,NA,U.S. Senate,University of New Hampshire,7News,NA,lv,1846,2026-08-20,2026-08-24,NA,general,https://scholars.unh.edu/survey_center_polls/988/,Chris Pappas,45,Scott Brown,40,5,FALSE
da531189-726e-4fe8-af41-495962027a60,b40bb97c-487e-4e89-8f73-b291b4291331,NH,NA,NA,U.S. Senate,University of New Hampshire,7News,NA,lv,1846,2026-08-20,2026-08-24,NA,general,https://scholars.unh.edu/survey_center_polls/988/,Chris Pappas,43,John Sununu,45,-2,FALSE
a7102e62-abb1-46c2-a128-21e53a60375c,c75b4bc8-eda8-4398-8de1-d68c16b85e36,NH,NA,NA,U.S. Senate,"Fabrizio, Lee & Associates",National Republican Senatorial Committee,REP,lv,600,2026-08-27,2026-08-30,NA,general,https://www.unionleader.com/news/politics/voters/national-senate-gop-poll-sununu-vs-pappas-is-a-dead-heat/article_4c03176f-b04f-4a9a-b85f-ce15695fc83c.html,Chris Pappas,36,John Sununu,37,-1,TRUE
d07181b1-c252-41b9-9cb7-6714cf8bab4a,6088aea8-be34-49b7-8845-de9c4354899b,NH,NA,NA,U.S. Senate,co/efficient,NA,NA,lv,958,2026-09-09,2026-09-11,NA,general,https://battlegrounds.coefficient.org/nh/,Chris Pappas,46,John Sununu,46,0,FALSE
d07181b1-c252-41b9-9cb7-6714cf8bab4a,82970aa1-9f31-4ec0-8dee-3c3bb44f8cca,NH,NA,NA,U.S. Senate,co/efficient,NA,NA,lv,958,2026-09-09,2026-09-11,NA,general,https://battlegrounds.coefficient.org/nh/,Generic Democrat,46,Generic Republican,46,0,FALSE
455c3365-5ec1-4a4d-b7f3-e230b9c3fc64,0b88de69-f360-443a-bb14-c0a037c1e3d6,NH,NA,NA,U.S. Senate,InsiderAdvantage,NA,NA,lv,1200,2026-09-16,2026-09-18,NA,general,https://insideradvantage.com/insideradvantage-national-u-s-senate-surveys-n-c-cooper-48-whatley-43-mi-elsayed-47-rogers-45-nh-pappas-48-sununu-40/,Chris Pappas,48,John Sununu,40,8,FALSE
361a1729-e7e4-48e0-b0d8-5ef49ee4f5eb,afa5f143-eb40-4d1e-9c54-ef8376aeae57,NM,NA,NA,U.S. Senate,Research & Polling Inc.,Albuquerque Journal,NA,lv,516,2026-08-21,2026-08-28,NA,general,https://www.abqjournal.com/news/journal-poll-haaland-leads-hull-by-closer-than-expected-margin-in-new-mexicos-race-for-governor/3111874,Ben Ray Luján,53,Larry Marker,38,15,FALSE
af7801de-ff24-4caa-b87b-bb753ab9d473,48ec10e4-937a-4647-82f7-7280701be2e2,OH,NA,NA,U.S. Senate,Bowling Green State University Democracy and Public Policy Research Network/YouGov,NA,NA,rv,800,2025-02-14,2025-02-21,NA,general,https://scholarworks.bgsu.edu/cgi/viewcontent.cgi?article=1007&context=depo,Sherrod Brown,41,Jon Husted,47,-6,FALSE
af7801de-ff24-4caa-b87b-bb753ab9d473,9942aa41-c638-4cc9-bc22-0c95a46fdda9,OH,NA,NA,U.S. Senate,Bowling Green State University Democracy and Public Policy Research Network/YouGov,NA,NA,rv,800,2025-02-14,2025-02-21,NA,general,https://scholarworks.bgsu.edu/cgi/viewcontent.cgi?article=1007&context=depo,Tim Ryan,38,Jon Husted,45,-7,FALSE
36ad1b65-797e-4b91-b5cb-1efc70a55299,99b81846-a505-4526-af93-4bbd01628123,OH,NA,NA,U.S. Senate,Bowling Green State University Democracy and Public Policy Research Network/YouGov,NA,NA,rv,800,2025-04-18,2025-04-24,NA,general,https://scholarworks.bgsu.edu/cgi/viewcontent.cgi?article=1009&context=depo,Sherrod Brown,46,Jon Husted,49,-3,FALSE
36ad1b65-797e-4b91-b5cb-1efc70a55299,d32089bf-ac91-4932-a215-61985ef2c7bc,OH,NA,NA,U.S. Senate,Bowling Green State University Democracy and Public Policy Research Network/YouGov,NA,NA,rv,800,2025-04-18,2025-04-24,NA,general,https://scholarworks.bgsu.edu/cgi/viewcontent.cgi?article=1009&context=depo,Tim Ryan,44,Jon Husted,50,-6,FALSE
4876645d-d0af-47b2-8e22-02fdee4faf0c,d55f06f8-ab1d-4863-b269-179c12c97406,OH,NA,NA,U.S. Senate,Emerson College,NA,NA,rv,1000,2025-08-18,2025-08-19,NA,general,https://emersoncollegepolling.com/ohio-2026/,Sherrod Brown,43.7,Jon Husted,49.5,-5.799999999999997,FALSE
684724e8-ac36-4d8b-8d84-ba6fbd786ca7,c6c1cd9d-fbfd-4324-a674-2baa2388ead8,OH,NA,NA,U.S. Senate,Bowling Green State University Democracy and Public Policy Research Network/YouGov,NA,NA,rv,800,2025-10-02,2025-10-14,NA,general,https://scholarworks.bgsu.edu/cgi/viewcontent.cgi?article=1013&context=depo,Sherrod Brown,49,Jon Husted,48,1,FALSE
ab841ffd-0c5c-4a2a-a036-3949bb4e6d67,61897505-ee55-49c6-bfcd-311ad248259e,OH,NA,NA,U.S. Senate,Emerson College,NA,NA,rv,850,2025-12-06,2025-12-08,NA,general,https://emersoncollegepolling.com/ohio-2026-poll-democrats-make-gains-in-races-for-governor-and-us-senate/,Sherrod Brown,46.3,Jon Husted,48.8,-2.5,FALSE
750c2f24-a09b-4b31-bbc0-91918a94afd2,63b0a9c4-016f-4094-8498-336f185a70a9,OH,NA,NA,U.S. Senate,EMC Research,Ohio Environmental Council,DEM,lv,1343,2026-02-10,2026-02-22,NA,general,https://theoec.org/wp-content/uploads/2026/03/OEC-Ohio-Survey-Results-2026.pdf,Sherrod Brown,51,Jon Husted,47,4,TRUE
995da4b4-5913-4aa3-bada-3c00887b1851,7ed0ac78-ca8d-4689-a6ca-11b18a316223,OH,NA,NA,U.S. Senate,OnMessage Inc.,Insurance Watchdog Coalition,NA,lv,600,2026-03-03,2026-03-08,NA,general,https://www.politico.com/newsletters/playbook/2026/03/11/the-white-house-pain-threshold-00822448,Sherrod Brown,47,Jon Husted,45,2,FALSE
fbfa3cb4-0981-4abe-8c3b-68a6e3863684,3824be90-fb34-4daf-a5b0-e8a65942b6fb,OH,NA,NA,U.S. Senate,Quantus Insights,NA,NA,lv,784,2026-03-13,2026-03-14,NA,general,https://quantusinsights.org/f/quantus-insights-ohio-voters-signal-competitive-2026-environment,Sherrod Brown,44.4,Jon Husted,45.5,-1.1000000000000014,FALSE
4cd851f7-b47b-4f4a-a424-3670faff482a,65239c0b-a8ff-42ac-b2cd-4c2c7acdd2ae,OH,NA,NA,U.S. Senate,Echelon Insights,NetChoice,NA,lv,413,2026-04-03,2026-04-09,NA,general,https://netchoice.org/new-72-of-americans-want-regulators-to-focus-on-lowering-prices-ahead-of-midterms-not-punishing-success/,Sherrod Brown,45,Jon Husted,51,-6,FALSE
b5910ed4-b6e9-4abc-a223-faf2fc268e09,f6132aae-27d1-4bd0-adad-bb56a4d03c8c,OH,NA,NA,U.S. Senate,Bowling Green State University Democracy and Public Policy Research Network/YouGov,NA,NA,rv,1000,2026-04-07,2026-04-14,NA,general,https://scholarworks.bgsu.edu/depo/21/,Sherrod Brown,47,Jon Husted,50,-3,FALSE
a7eab946-0bc0-41cb-bc12-8ae3b3f4b81c,87ff1715-8400-4e17-9bbe-e9af49b9d1fb,OH,NA,NA,U.S. Senate,Beacon Research/Shaw & Company Research,Fox News,NA,rv,1015,2026-05-28,2026-06-01,NA,general,https://www.foxnews.com/politics/fox-news-poll-democratic-unity-republican-crossovers-shape-ohio-senate-race,Sherrod Brown,53,Jon Husted,45,8,FALSE
3abe7c38-03f5-4972-ab6c-6562912cdf5f,ed3b67af-251b-4362-9d0c-2790a0cbcd13,OH,NA,NA,U.S. Senate,Tulchin Research,NA,DEM,lv,600,2026-06-02,2026-06-04,NA,general,https://x.com/PollTracker2024/status/2067244200886665423,Sherrod Brown,46,Jon Husted,42,4,TRUE
e7429018-12b7-482f-8c30-3efded20d842,a2330892-a658-4474-9071-ffd95c63f1aa,OH,NA,NA,U.S. Senate,Fabrizio Ward/Impact Research,AARP,NA,lv,800,2026-06-14,2026-06-16,NA,general,https://www.aarp.org/pri/topics/voter-research/politics/2026-midterm-election-poll-ohio/,Sherrod Brown,48,Jon Husted,45,3,FALSE
e5903ad0-d21c-4e69-9e02-750ec22f2ad3,35a8f551-a96e-4a86-8e72-9ff0add3e4ab,OH,NA,NA,U.S. Senate,The New York Times/Siena University,NA,NA,lv,601,2026-06-15,2026-06-28,NA,general,https://www.nytimes.com/interactive/2026/07/01/polls/times-siena-ohio-poll-crosstabs.html,Sherrod Brown,47,Jon Husted,49.8,-2.799999999999997,FALSE
68dd5166-04fb-437d-bef5-c85d71281c4b,f376cdbb-8197-42c7-84ef-ce0bf9c65963,OH,NA,NA,U.S. Senate,Tulchin Research,NA,DEM,lv,600,2026-07-29,2026-08-04,NA,general,https://www.the-downballot.com/p/morning-digest-sponsored-by-the-michigan-a7b,Sherrod Brown,47,Jon Husted,43,4,TRUE
5bdcb862-c70f-4062-8be0-2f6fa098ad51,fbbc0c10-6d03-4032-8e43-0e794c2993f3,OH,NA,NA,U.S. Senate,Beacon Research/Shaw & Company Research,Fox News,NA,rv,1008,2026-08-06,2026-08-10,NA,general,https://www.foxnews.com/politics/fox-news-poll-economic-anxiety-candidate-concerns-define-ohio-senate-race,Sherrod Brown,53,Jon Husted,45,8,FALSE
a20bab85-05b1-46ba-b421-20d3972cf4a6,69cf1cdd-d68c-4bd1-b825-f47fa6e63dc5,OH,NA,NA,U.S. Senate,Wedgewood Polls,NA,NA,lv,800,2026-08-11,2026-08-13,NA,general,https://drive.google.com/file/d/1rP-26-yqNx9jy_gRqoLDmgJgzm5X8a4O/view,Sherrod Brown,48,Jon Husted,44,4,FALSE
0f9efd9e-18ce-4bdb-b809-80d16d258bd6,3112ddb0-4184-41af-93e0-451f9dfe69af,OH,NA,NA,U.S. Senate,Abacus Data,NA,NA,rv,500,2026-08-26,2026-08-28,NA,general,https://abacusdata.ca/the-trade-war-next-door-what-american-voters-think-about-tariffs-canada-and-the-battle-for-the-u-s-senate/,Sherrod Brown,40,Jon Husted,33,7,FALSE
0f9efd9e-18ce-4bdb-b809-80d16d258bd6,587a0ce5-3ec1-48ec-a4c5-fa0434f971ef,OH,NA,NA,U.S. Senate,Abacus Data,NA,NA,lv,306,2026-08-26,2026-08-28,NA,general,https://abacusdata.ca/the-trade-war-next-door-what-american-voters-think-about-tariffs-canada-and-the-battle-for-the-u-s-senate/,Sherrod Brown,46,Jon Husted,41,5,FALSE
5506608a-6ab8-4d78-a80e-01a18da64633,3930b893-745e-4f00-9b5b-0e3424f9b188,OH,NA,NA,U.S. Senate,InsiderAdvantage,NA,NA,lv,1200,2026-09-08,2026-09-09,NA,general,https://insideradvantage.com/top-line-tabs-ohio/,Sherrod Brown,47.3,Jon Husted,41.9,5.399999999999999,FALSE
314d0d9f-dfec-48d8-b989-2b20e36748f7,f6c2367f-cb72-48df-81ee-93281bece8bf,OH,NA,NA,U.S. Senate,YouGov,Bowling Green State University,NA,lv,1000,2026-09-01,2026-09-10,NA,general,https://drive.google.com/file/d/16DCSUQaBOGTTk0u3flp6q0uwC6AO8euZ/view,Sherrod Brown,48,Jon Husted,45,3,FALSE
ab5080b9-cb98-4b3f-953e-eb8d385c4eee,ac91045d-e931-497b-af6f-f3b4bc7ba13e,OH,NA,NA,U.S. Senate,Trafalgar Group,NA,REP,lv,1085,2026-09-14,2026-09-16,NA,general,https://www.thetrafalgargroup.org/news/oh-senate-0917/,Sherrod Brown,45.4,Jon Husted,41.5,3.8999999999999986,TRUE
3363b2d9-eeaf-4b08-952d-6a4d61607837,7677461d-f14d-45a4-9d73-34fc0bb5512f,OK,NA,NA,U.S. Senate,Cole Hargrave,NA,NA,rv,500,2026-08-03,2026-08-06,NA,general,https://chs-inc.com/general-election-rep/,Jim Priest,27,Kevin Hern,48,-21,FALSE
3363b2d9-eeaf-4b08-952d-6a4d61607837,8f0b4429-7667-4b93-a08a-2169d81ec3c4,OK,NA,NA,U.S. Senate,Cole Hargrave,NA,NA,rv,500,2026-08-03,2026-08-06,NA,general,https://chs-inc.com/general-election-rep/,N'Kiyla Jasmine Thomas,25,Kevin Hern,49,-24,FALSE
95ceee0c-1156-4425-afbc-6aa1a3909a18,e3d0c6fc-0301-4faa-bda6-d09baf922ee8,RI,NA,NA,U.S. Senate,University of New Hampshire,NA,NA,lv,556,2026-04-16,2026-04-20,NA,general,https://scholars.unh.edu/survey_center_polls/946/,Jack Reed,52,Raymond McKay,34,18,FALSE
c901814f-4167-4e6e-b790-116ed4fe4878,e69e9982-bb40-4806-8b9a-7e3497a7c587,RI,NA,NA,U.S. Senate,University of New Hampshire,NA,NA,lv,627,2026-06-18,2026-06-23,NA,general,https://scholars.unh.edu/survey_center_polls/971/,Jack Reed,52,Raymond McKay,35,17,FALSE
69b3875a-e038-4992-ac06-58eed14e4864,dc39f705-3678-4fc2-97fa-fa8522c6fff5,RI,NA,NA,U.S. Senate,University of New Hampshire,NA,NA,lv,722,2026-08-20,2026-08-24,NA,general,https://scholars.unh.edu/survey_center_polls/990/,Jack Reed,51,Raymond McKay,31,20,FALSE
5d4f7a59-62b2-47b4-bda1-7b6588322378,00c475d4-4ee9-447b-93be-4bc11bd9de17,SC,NA,NA,U.S. Senate,Public Policy Polling,314 Action,DEM,rv,704,2025-11-21,2025-11-22,NA,general,https://www.politico.com/newsletters/playbook/2025/12/11/how-trump-changes-the-world-00686274,Generic Democrat,39,Lindsey Graham,41,-2,TRUE
5d4f7a59-62b2-47b4-bda1-7b6588322378,3676d8d7-a554-45a5-a34d-877e35b08af1,SC,NA,NA,U.S. Senate,Public Policy Polling,314 Action,DEM,rv,704,2025-11-21,2025-11-22,NA,general,https://www.politico.com/newsletters/playbook/2025/12/11/how-trump-changes-the-world-00686274,Annie Andrews,36,Lindsey Graham,42,-6,TRUE
0fa96ba9-faec-4c39-8015-80b9565e6f66,4ef08d24-f3e1-42e3-969c-d7ba0f41eb2a,SC,NA,NA,U.S. Senate,Impact Research,NA,DEM,lv,700,2026-02-25,2026-03-01,NA,general,https://www.documentcloud.org/documents/27882119-sc-sen-impact-research-for-annie-andrews-march-2026/,Annie Andrews,42,Lindsey Graham,47,-5,TRUE
5f1537b6-b469-4c39-a43d-6d2f3119fc84,4d74c206-3ec2-463e-bdbe-30017cc64297,SC,NA,NA,U.S. Senate,Impact Research,NA,DEM,lv,700,2026-06-17,2026-06-22,NA,general,https://314action.org/2026/06/29/icymi-new-poll-puts-dr-annie-andrews-within-margin-of-error-of-lindsey-graham/,Annie Andrews,45,Lindsey Graham,48,-3,TRUE
f2d2c9b9-6a6f-41e9-827b-a6a3eb5456c0,1a9fb091-3b74-4e9d-a60c-472718248724,SC,NA,NA,U.S. Senate,Public Policy Polling,NA,DEM,rv,577,2026-07-16,2026-07-17,NA,general,https://www.instagram.com/p/DbGVaEmyFLs/?hl=en,Annie Andrews,42,John Warren,36,6,TRUE
f2d2c9b9-6a6f-41e9-827b-a6a3eb5456c0,290a7db0-013c-44d3-ae1e-d66283d99e1f,SC,NA,NA,U.S. Senate,Public Policy Polling,NA,DEM,rv,577,2026-07-16,2026-07-17,NA,general,https://www.instagram.com/p/DbGVaEmyFLs/?hl=en,Annie Andrews,41,Trey Gowdy,44,-3,TRUE
f2d2c9b9-6a6f-41e9-827b-a6a3eb5456c0,2b2a9529-d278-422d-96cb-8fd8b70c759e,SC,NA,NA,U.S. Senate,Public Policy Polling,NA,DEM,rv,577,2026-07-16,2026-07-17,NA,general,https://www.instagram.com/p/DbGVaEmyFLs/?hl=en,Annie Andrews,41,Mark Lynch,38,3,TRUE
f2d2c9b9-6a6f-41e9-827b-a6a3eb5456c0,50a6df5f-07f8-4c18-bdb5-9bcf1ff75d8e,SC,NA,NA,U.S. Senate,Public Policy Polling,NA,DEM,rv,577,2026-07-16,2026-07-17,NA,general,https://www.instagram.com/p/DbGVaEmyFLs/?hl=en,Annie Andrews,42,Russell Fry,39,3,TRUE
f2d2c9b9-6a6f-41e9-827b-a6a3eb5456c0,8b38c1f6-4b7f-4ed7-8490-a34c2b7035f3,SC,NA,NA,U.S. Senate,Public Policy Polling,NA,DEM,rv,577,2026-07-16,2026-07-17,NA,general,https://www.instagram.com/p/DbGVaEmyFLs/?hl=en,Annie Andrews,42,Pamela Evette,41,1,TRUE
f2d2c9b9-6a6f-41e9-827b-a6a3eb5456c0,ca46276f-571d-4e33-a82d-d0555d337ca6,SC,NA,NA,U.S. Senate,Public Policy Polling,NA,DEM,rv,577,2026-07-16,2026-07-17,NA,general,https://www.instagram.com/p/DbGVaEmyFLs/?hl=en,Annie Andrews,41,Mark Sanford,40,1,TRUE
f2d2c9b9-6a6f-41e9-827b-a6a3eb5456c0,d2e12701-b9a5-4188-9e7b-4b6944350b1e,SC,NA,NA,U.S. Senate,Public Policy Polling,NA,DEM,rv,577,2026-07-16,2026-07-17,NA,general,https://www.instagram.com/p/DbGVaEmyFLs/?hl=en,Annie Andrews,39,Generic Republican,47,-8,TRUE
f2d2c9b9-6a6f-41e9-827b-a6a3eb5456c0,ed52f49f-e93e-41ad-832d-65540d1a392b,SC,NA,NA,U.S. Senate,Public Policy Polling,NA,DEM,rv,577,2026-07-16,2026-07-17,NA,general,https://www.instagram.com/p/DbGVaEmyFLs/?hl=en,Annie Andrews,42,Nancy Mace,39,3,TRUE
f2d2c9b9-6a6f-41e9-827b-a6a3eb5456c0,ef0d9bc7-49f1-4db7-8695-4a84c5803086,SC,NA,NA,U.S. Senate,Public Policy Polling,NA,DEM,rv,577,2026-07-16,2026-07-17,NA,general,https://www.instagram.com/p/DbGVaEmyFLs/?hl=en,Annie Andrews,42,Ralph Norman,43,-1,TRUE
6ee4c6c7-2c69-480a-959d-384e29ee003e,49be2463-c286-4806-8596-2c12ca24f91c,SC,NA,NA,U.S. Senate,Impact Research,NA,DEM,lv,700,2026-08-18,2026-08-24,NA,general,https://drannieandrews.com/wp-content/uploads/2026/08/IMPACT-SC-SEN-POLL-MEMO-AUG-2026.pdf,Annie Andrews,41,Darline Graham,41,0,TRUE
0af6e60b-c4a3-497e-96ee-1e29515f6fca,497aaf71-3596-495d-8ec5-3f04456503c6,SC,NA,NA,U.S. Senate,Abacus Data,NA,NA,lv,306,2026-08-26,2026-08-28,NA,general,https://abacusdata.ca/the-trade-war-next-door-what-american-voters-think-about-tariffs-canada-and-the-battle-for-the-u-s-senate/,Annie Andrews,38,Darline Graham,51,-13,FALSE
0af6e60b-c4a3-497e-96ee-1e29515f6fca,d58ace3a-02a1-4a3f-a04e-7e44a41fd6b2,SC,NA,NA,U.S. Senate,Abacus Data,NA,NA,rv,500,2026-08-26,2026-08-28,NA,general,https://abacusdata.ca/the-trade-war-next-door-what-american-voters-think-about-tariffs-canada-and-the-battle-for-the-u-s-senate/,Annie Andrews,34,Darline Graham,34,0,FALSE
294639ed-4101-4a83-934e-ebd6036794d7,8cd0f698-49d6-411c-aafc-c417a1e211f0,SC,NA,NA,U.S. Senate,InsiderAdvantage,NA,NA,lv,1200,2026-09-08,2026-09-09,NA,general,https://insideradvantage.com/top-line-tabs-sc/,Annie Andrews,43.2,Darline Graham,45.1,-1.8999999999999986,FALSE
17580110-cf2c-4c74-91cb-86b18ae9f258,2e18a878-660e-4d24-920d-0e526a33be5a,SD,NA,NA,U.S. Senate,Public Policy Polling,NA,IND,rv,814,2025-11-13,2025-11-14,NA,general,https://hub.nationaljournal.com/trump-dusts-off-conspiracy-playbook,Julian Beaudion,30,Mike Rounds,52,-22,TRUE
b9e1ceba-6758-4b96-b726-3c084e115523,64b0245c-4004-4042-a42b-f9df1035d2ff,SD,NA,NA,U.S. Senate,Public Policy Polling,NA,IND,rv,685,2026-02-17,2026-02-18,NA,general,https://hub.nationaljournal.com/a-midterm-emergency?ecid=ACsprvu6bA8AsAXvrf0Vmi-32K_hjHCSumN0vz9t66Lia9K_O2FS-A_ILxCNQ4E6vpTsg39vkcc6&utm_campaign=36387909-%5BNJ%5D%202026%20Wake%20Up%20Call&utm_source=hs_email&utm_medium=email&utm_content=406051685&_hsenc=p2ANqtz--IelxAim4tn1q-6yORR1qEOC1f9HRaFC1aqF_J5xZRj8n9aQAGwnJCzCH0rPCyxwblmyq20-uX32G7X7psoG0a7zrwTovY1L1PZizG4voT4PX5w_w,Julian Beaudion,32,Mike Rounds,49,-17,TRUE
d67b23f2-1527-46ca-a7a0-952968287fc5,4b72d24b-64ea-46b8-99f5-96eed8ada09d,SD,NA,NA,U.S. Senate,Public Policy Polling,NA,IND,rv,726,2026-05-29,2026-05-30,NA,general,https://hub.nationaljournal.com/trump-dusts-off-conspiracy-playbook,Julian Beaudion,18,Mike Rounds,43,-25,TRUE
83074200-303b-4eb1-ae96-fa16b4cc5da1,7e58356a-9faa-46a9-9cfe-f834d3aecec1,TN,NA,NA,U.S. Senate,Targoz Market Research,Beacon Center,NA,lv,607,2026-08-15,2026-08-26,NA,general,https://tennsight.com/polls/august-2026/,Marquita Bradshaw,33,Bill Hagerty,58,-25,FALSE
83074200-303b-4eb1-ae96-fa16b4cc5da1,fad3e2cd-cc71-448c-9eea-35b0b3ed10c0,TN,NA,NA,U.S. Senate,Targoz Market Research,Beacon Center,NA,rv,1157,2026-08-15,2026-08-26,NA,general,https://tennsight.com/polls/august-2026/,Marquita Bradshaw,31,Bill Hagerty,51,-20,FALSE
bf4bb7b9-306f-4620-9b2f-79743d75224a,461f60c1-4604-4e4b-8b62-16a41297240f,TX,NA,NA,U.S. Senate,Barbara Jordan Public Policy Research and Survey Center,NA,NA,rv,1200,2025-05-09,2025-05-19,NA,general,https://static1.squarespace.com/static/67aa7aa3e284b002cd6a420e/t/6835d0b18a1b152870969a2b/1748357299241/2026+TEXAS+U.S.+SENATE+REPORT+.pdf,Joaquin Castro,44,Ken Paxton,47,-3,FALSE
bf4bb7b9-306f-4620-9b2f-79743d75224a,473bd09a-c465-4fa3-873d-1b19edefb76b,TX,NA,NA,U.S. Senate,Barbara Jordan Public Policy Research and Survey Center,NA,NA,rv,1200,2025-05-09,2025-05-19,NA,general,https://static1.squarespace.com/static/67aa7aa3e284b002cd6a420e/t/6835d0b18a1b152870969a2b/1748357299241/2026+TEXAS+U.S.+SENATE+REPORT+.pdf,Beto O’Rourke,43,Wesley Hunt,49,-6,FALSE
bf4bb7b9-306f-4620-9b2f-79743d75224a,640432df-4d2b-489b-aaef-0c4a8c99f2dc,TX,NA,NA,U.S. Senate,Barbara Jordan Public Policy Research and Survey Center,NA,NA,rv,1200,2025-05-09,2025-05-19,NA,general,https://static1.squarespace.com/static/67aa7aa3e284b002cd6a420e/t/6835d0b18a1b152870969a2b/1748357299241/2026+TEXAS+U.S.+SENATE+REPORT+.pdf,Colin Allred,44,John Cornyn,48,-4,FALSE
bf4bb7b9-306f-4620-9b2f-79743d75224a,92194208-c15e-4c62-b79a-b516387f8191,TX,NA,NA,U.S. Senate,Barbara Jordan Public Policy Research and Survey Center,NA,NA,rv,1200,2025-05-09,2025-05-19,NA,general,https://static1.squarespace.com/static/67aa7aa3e284b002cd6a420e/t/6835d0b18a1b152870969a2b/1748357299241/2026+TEXAS+U.S.+SENATE+REPORT+.pdf,Beto O’Rourke,43,John Cornyn,49,-6,FALSE
bf4bb7b9-306f-4620-9b2f-79743d75224a,ace23cf4-8091-40b5-b724-c028f2abefa6,TX,NA,NA,U.S. Senate,Barbara Jordan Public Policy Research and Survey Center,NA,NA,rv,1200,2025-05-09,2025-05-19,NA,general,https://static1.squarespace.com/static/67aa7aa3e284b002cd6a420e/t/6835d0b18a1b152870969a2b/1748357299241/2026+TEXAS+U.S.+SENATE+REPORT+.pdf,Colin Allred,46,Ken Paxton,48,-2,FALSE
bf4bb7b9-306f-4620-9b2f-79743d75224a,b938f8d2-4e10-418f-aa10-660a98cbaed1,TX,NA,NA,U.S. Senate,Barbara Jordan Public Policy Research and Survey Center,NA,NA,rv,1200,2025-05-09,2025-05-19,NA,general,https://static1.squarespace.com/static/67aa7aa3e284b002cd6a420e/t/6835d0b18a1b152870969a2b/1748357299241/2026+TEXAS+U.S.+SENATE+REPORT+.pdf,Colin Allred,44,Wesley Hunt,47,-3,FALSE
bf4bb7b9-306f-4620-9b2f-79743d75224a,cc138998-049b-4be5-af84-492bc2a58ede,TX,NA,NA,U.S. Senate,Barbara Jordan Public Policy Research and Survey Center,NA,NA,rv,1200,2025-05-09,2025-05-19,NA,general,https://static1.squarespace.com/static/67aa7aa3e284b002cd6a420e/t/6835d0b18a1b152870969a2b/1748357299241/2026+TEXAS+U.S.+SENATE+REPORT+.pdf,Joaquin Castro,42,Wesley Hunt,48,-6,FALSE
bf4bb7b9-306f-4620-9b2f-79743d75224a,d6f90499-1052-4559-b7c9-25d9b484f496,TX,NA,NA,U.S. Senate,Barbara Jordan Public Policy Research and Survey Center,NA,NA,rv,1200,2025-05-09,2025-05-19,NA,general,https://static1.squarespace.com/static/67aa7aa3e284b002cd6a420e/t/6835d0b18a1b152870969a2b/1748357299241/2026+TEXAS+U.S.+SENATE+REPORT+.pdf,Joaquin Castro,41,John Cornyn,48,-7,FALSE
bf4bb7b9-306f-4620-9b2f-79743d75224a,f9f7d9c6-eca9-407e-a207-7e83115188a3,TX,NA,NA,U.S. Senate,Barbara Jordan Public Policy Research and Survey Center,NA,NA,rv,1200,2025-05-09,2025-05-19,NA,general,https://static1.squarespace.com/static/67aa7aa3e284b002cd6a420e/t/6835d0b18a1b152870969a2b/1748357299241/2026+TEXAS+U.S.+SENATE+REPORT+.pdf,Beto O’Rourke,45,Ken Paxton,49,-4,FALSE
1dbdb927-75ef-4490-b487-85e21083176c,4a5a0afa-c397-4ed5-bf6e-b47f6abf3ae9,TX,NA,NA,U.S. Senate,Emerson College,NA,NA,rv,1000,2025-08-11,2025-08-12,NA,general,https://emersoncollegepolling.com/texas-2026-poll-cornyn-and-paxton-in-dead-heat-for-gop-senate-nomination/,Colin Allred,40.6,Ken Paxton,45.9,-5.299999999999997,FALSE
1dbdb927-75ef-4490-b487-85e21083176c,738eead5-6f6a-4560-921a-2ede39792962,TX,NA,NA,U.S. Senate,Emerson College,NA,NA,rv,1000,2025-08-11,2025-08-12,NA,general,https://emersoncollegepolling.com/texas-2026-poll-cornyn-and-paxton-in-dead-heat-for-gop-senate-nomination/,Colin Allred,38.1,John Cornyn,45.2,-7.100000000000001,FALSE
fb657395-5eaa-4028-b455-db3b0bf35502,75fb2ed0-d604-4042-b8cd-fa595c8b2a63,TX,NA,NA,U.S. Senate,GBAO,NA,DEM,lv,800,2025-08-13,2025-08-18,NA,general,https://colinallred.com/wp-content/uploads/2025/08/Allred-for-Texas-State-of-the-Race-Memo-_-August-2025.pdf,Colin Allred,49,Ken Paxton,47,2,TRUE
006eec7f-5ceb-4b68-8c21-658e35d6bb9a,8371ba4e-f777-48e0-a65b-904ffc8ff19c,TX,NA,NA,U.S. Senate,Slingshot Strategies,Texas Public Opinion Research,NA,rv,843,2025-08-27,2025-08-29,NA,general,https://www.politico.com/f/?id=00000199-3cc6-dddb-a7d9-3fcfeeca0000&nname=playbook&nid=0000014f-1646-d88f-a1cf-5f46b7bd0000&nrid=4f4d3aeb-621a-47b9-a66d-d9944fed5257,Generic Democrat,43,Generic Republican,48,-5,FALSE
7484b844-89d5-44af-a1d8-cc79f3daf16d,2a205eab-56cd-43d9-946b-fc3d6c5c524a,TX,NA,NA,U.S. Senate,University of Texas at Tyler Center for Opinion Research,NA,NA,rv,1031,2025-09-17,2025-09-24,NA,general,https://www.uttyler.edu/academics/colleges-schools/arts-sciences/departments/political-science/files/topline-report-of-texas-voters-revised-september-2025.pdf,James Talarico,35,John Cornyn,41,-6,FALSE
7484b844-89d5-44af-a1d8-cc79f3daf16d,5fdb0571-c975-4561-8704-5ad408520141,TX,NA,NA,U.S. Senate,University of Texas at Tyler Center for Opinion Research,NA,NA,rv,1032,2025-09-17,2025-09-24,NA,general,https://www.uttyler.edu/academics/colleges-schools/arts-sciences/departments/political-science/files/topline-report-of-texas-voters-revised-september-2025.pdf,James Talarico,37,Ken Paxton,38,-1,FALSE
7484b844-89d5-44af-a1d8-cc79f3daf16d,7a600d12-b12d-4451-a435-37ef5b858e4f,TX,NA,NA,U.S. Senate,University of Texas at Tyler Center for Opinion Research,NA,NA,rv,1032,2025-09-17,2025-09-24,NA,general,https://www.uttyler.edu/academics/colleges-schools/arts-sciences/departments/political-science/files/topline-report-of-texas-voters-revised-september-2025.pdf,James Talarico,37,Wesley Hunt,36,1,FALSE
7484b844-89d5-44af-a1d8-cc79f3daf16d,81577fb9-ce5d-47eb-a3a4-4bf713e9e0ca,TX,NA,NA,U.S. Senate,University of Texas at Tyler Center for Opinion Research,NA,NA,rv,1032,2025-09-17,2025-09-24,NA,general,https://www.uttyler.edu/academics/colleges-schools/arts-sciences/departments/political-science/files/topline-report-of-texas-voters-revised-september-2025.pdf,Colin Allred,37,John Cornyn,43,-6,FALSE
7484b844-89d5-44af-a1d8-cc79f3daf16d,842aee41-c0f1-4bd9-8176-ecf37fb9d939,TX,NA,NA,U.S. Senate,University of Texas at Tyler Center for Opinion Research,NA,NA,rv,1032,2025-09-17,2025-09-24,NA,general,https://www.uttyler.edu/academics/colleges-schools/arts-sciences/departments/political-science/files/topline-report-of-texas-voters-revised-september-2025.pdf,Colin Allred,37,Wesley Hunt,38,-1,FALSE
7484b844-89d5-44af-a1d8-cc79f3daf16d,c00161e1-139c-44ae-afe5-055c59797a87,TX,NA,NA,U.S. Senate,University of Texas at Tyler Center for Opinion Research,NA,NA,rv,1031,2025-09-17,2025-09-24,NA,general,https://www.uttyler.edu/academics/colleges-schools/arts-sciences/departments/political-science/files/topline-report-of-texas-voters-revised-september-2025.pdf,Colin Allred,41,Ken Paxton,38,3,FALSE
1e338f1a-f895-4af7-b0c7-f24c8688daf9,53a30672-63b4-42ef-8b47-ada1096b373e,TX,NA,NA,U.S. Senate,University of Houston Hobby School of Public Affairs/Texas Southern University School of Public Affairs,NA,NA,lv,1183,2025-09-19,2025-10-01,NA,general,https://www.uh.edu/hobby/txtrends/2025/,Jasmine Crockett,44,John Cornyn,50,-6,FALSE
1e338f1a-f895-4af7-b0c7-f24c8688daf9,658d5037-df7c-4705-a9ce-6e67d5857028,TX,NA,NA,U.S. Senate,University of Houston Hobby School of Public Affairs/Texas Southern University School of Public Affairs,NA,NA,lv,1183,2025-09-19,2025-10-01,NA,general,https://www.uh.edu/hobby/txtrends/2025/,James Talarico,46,Ken Paxton,49,-3,FALSE
1e338f1a-f895-4af7-b0c7-f24c8688daf9,6b0251a7-d62f-41e0-b04b-f3385bad918c,TX,NA,NA,U.S. Senate,University of Houston Hobby School of Public Affairs/Texas Southern University School of Public Affairs,NA,NA,lv,1183,2025-09-19,2025-10-01,NA,general,https://www.uh.edu/hobby/txtrends/2025/,Jasmine Crockett,45,Wesley Hunt,50,-5,FALSE
1e338f1a-f895-4af7-b0c7-f24c8688daf9,6b6e8a41-88f8-4b82-bad0-c1024953eadc,TX,NA,NA,U.S. Senate,University of Houston Hobby School of Public Affairs/Texas Southern University School of Public Affairs,NA,NA,lv,1183,2025-09-19,2025-10-01,NA,general,https://www.uh.edu/hobby/txtrends/2025/,Colin Allred,45,Wesley Hunt,50,-5,FALSE
1e338f1a-f895-4af7-b0c7-f24c8688daf9,70435995-7864-4ad5-b34a-ec7876f14bfa,TX,NA,NA,U.S. Senate,University of Houston Hobby School of Public Affairs/Texas Southern University School of Public Affairs,NA,NA,lv,1183,2025-09-19,2025-10-01,NA,general,https://www.uh.edu/hobby/txtrends/2025/,Beto O’Rourke,47,Wesley Hunt,49,-2,FALSE
1e338f1a-f895-4af7-b0c7-f24c8688daf9,797ed361-5290-4a34-a87f-36b8e8d5a8c5,TX,NA,NA,U.S. Senate,University of Houston Hobby School of Public Affairs/Texas Southern University School of Public Affairs,NA,NA,lv,1183,2025-09-19,2025-10-01,NA,general,https://www.uh.edu/hobby/txtrends/2025/,Beto O’Rourke,46,John Cornyn,49,-3,FALSE
1e338f1a-f895-4af7-b0c7-f24c8688daf9,7a463add-a402-4851-ad46-b971b566aec8,TX,NA,NA,U.S. Senate,University of Houston Hobby School of Public Affairs/Texas Southern University School of Public Affairs,NA,NA,lv,1183,2025-09-19,2025-10-01,NA,general,https://www.uh.edu/hobby/txtrends/2025/,Colin Allred,47,Ken Paxton,48,-1,FALSE
1e338f1a-f895-4af7-b0c7-f24c8688daf9,819e3bed-41f0-4e0d-bb15-c0aed87ed156,TX,NA,NA,U.S. Senate,University of Houston Hobby School of Public Affairs/Texas Southern University School of Public Affairs,NA,NA,lv,1183,2025-09-19,2025-10-01,NA,general,https://www.uh.edu/hobby/txtrends/2025/,Colin Allred,46,John Cornyn,48,-2,FALSE
1e338f1a-f895-4af7-b0c7-f24c8688daf9,82d320a1-cfcf-46af-8cd8-9a95e1b87da9,TX,NA,NA,U.S. Senate,University of Houston Hobby School of Public Affairs/Texas Southern University School of Public Affairs,NA,NA,lv,1183,2025-09-19,2025-10-01,NA,general,https://www.uh.edu/hobby/txtrends/2025/,Jasmine Crockett,47,Ken Paxton,49,-2,FALSE
1e338f1a-f895-4af7-b0c7-f24c8688daf9,8de00787-6d9b-4a03-b9ee-c59bf4a6a673,TX,NA,NA,U.S. Senate,University of Houston Hobby School of Public Affairs/Texas Southern University School of Public Affairs,NA,NA,lv,1183,2025-09-19,2025-10-01,NA,general,https://www.uh.edu/hobby/txtrends/2025/,James Talarico,44,Wesley Hunt,50,-6,FALSE
1e338f1a-f895-4af7-b0c7-f24c8688daf9,9587915b-71cd-442a-9d99-8d61d7c9a55e,TX,NA,NA,U.S. Senate,University of Houston Hobby School of Public Affairs/Texas Southern University School of Public Affairs,NA,NA,lv,1183,2025-09-19,2025-10-01,NA,general,https://www.uh.edu/hobby/txtrends/2025/,James Talarico,45,John Cornyn,48,-3,FALSE
1e338f1a-f895-4af7-b0c7-f24c8688daf9,aa52cd1c-d726-4b14-9662-5ce5f4efd3e1,TX,NA,NA,U.S. Senate,University of Houston Hobby School of Public Affairs/Texas Southern University School of Public Affairs,NA,NA,lv,1183,2025-09-19,2025-10-01,NA,general,https://www.uh.edu/hobby/txtrends/2025/,Beto O’Rourke,46,Ken Paxton,49,-3,FALSE
cc49a439-c3ca-48d0-8e5b-3f0e3260575d,8b917437-8255-4538-953d-2e68e4abab8f,TX,NA,NA,U.S. Senate,Cygnal Political,Plymouth Union Public Advocacy,NA,lv,600,2025-10-05,2025-10-06,NA,general,https://pup-advocacy.com/news/polling-memo/extending-the-healthcare-premium-tax-credits-is-a-winning-opportunity-for-cornyn/,Generic Democrat,40,John Cornyn,47,-7,FALSE
f12f6ad1-a392-4605-af0d-978d301997d9,51ebcfa9-1127-4287-a278-7a99ef06848e,TX,NA,NA,U.S. Senate,Ragnar Research Partners,NA,NA,lv,1000,2025-11-12,2025-11-17,NA,general,https://www.politico.com/newsletters/playbook-pm/2025/11/19/parsing-trumps-ukraine-peace-plan-00659624,James Talarico,40,John Cornyn,46,-6,FALSE
f12f6ad1-a392-4605-af0d-978d301997d9,887e988c-ac86-4e78-9c22-2de41e27707b,TX,NA,NA,U.S. Senate,Ragnar Research Partners,NA,NA,lv,1000,2025-11-12,2025-11-17,NA,general,https://www.politico.com/newsletters/playbook-pm/2025/11/19/parsing-trumps-ukraine-peace-plan-00659624,James Talarico,44,Ken Paxton,44,0,FALSE
f12f6ad1-a392-4605-af0d-978d301997d9,b641a672-5f3b-42c4-a625-0648530e8d2b,TX,NA,NA,U.S. Senate,Ragnar Research Partners,NA,NA,lv,1000,2025-11-12,2025-11-17,NA,general,https://www.politico.com/newsletters/playbook-pm/2025/11/19/parsing-trumps-ukraine-peace-plan-00659624,Colin Allred,44,Ken Paxton,43,1,FALSE
f12f6ad1-a392-4605-af0d-978d301997d9,eb2116ee-6579-4736-bcc3-c2a37171c880,TX,NA,NA,U.S. Senate,Ragnar Research Partners,NA,NA,lv,1000,2025-11-12,2025-11-17,NA,general,https://www.politico.com/newsletters/playbook-pm/2025/11/19/parsing-trumps-ukraine-peace-plan-00659624,Colin Allred,40,John Cornyn,47,-7,FALSE
bfb57500-15ff-4484-8eb1-6fb058ea71d4,1855b60f-e05e-41a5-87aa-3a084f93091d,TX,NA,NA,U.S. Senate,Change Research,Agave Social Welfare Fund,DEM,rv,1189,2025-11-21,2025-11-26,NA,general,https://changeresearch.com/texas-senate-early-findings-2026/,Jasmine Crockett,41,John Cornyn,49,-8,TRUE
bfb57500-15ff-4484-8eb1-6fb058ea71d4,2fbad0ea-39eb-4fe0-9874-a9982be26344,TX,NA,NA,U.S. Senate,Change Research,Agave Social Welfare Fund,DEM,rv,1189,2025-11-21,2025-11-26,NA,general,https://changeresearch.com/texas-senate-early-findings-2026/,Jasmine Crockett,42,Ken Paxton,50,-8,TRUE
2ef0604a-7949-4374-8e47-a88e5e37df35,1a57973e-416c-4d64-9f37-327741662f07,TX,NA,NA,U.S. Senate,Emerson College,Nexstar,NA,rv,1165,2026-01-10,2026-01-12,NA,general,https://emersoncollegepolling.com/texas-2026-poll/,Jasmine Crockett,42.5,John Cornyn,48.2,-5.700000000000003,FALSE
2ef0604a-7949-4374-8e47-a88e5e37df35,5bcfa61d-3014-4135-8657-5c999208fdd0,TX,NA,NA,U.S. Senate,Emerson College,Nexstar,NA,rv,1165,2026-01-10,2026-01-12,NA,general,https://emersoncollegepolling.com/texas-2026-poll/,James Talarico,44.1,John Cornyn,46.9,-2.799999999999997,FALSE
2ef0604a-7949-4374-8e47-a88e5e37df35,5c096893-715b-48ad-9f66-f23c8ce6fc3f,TX,NA,NA,U.S. Senate,Emerson College,Nexstar,NA,rv,1165,2026-01-10,2026-01-12,NA,general,https://emersoncollegepolling.com/texas-2026-poll/,Jasmine Crockett,45.8,Ken Paxton,45.5,0.29999999999999716,FALSE
2ef0604a-7949-4374-8e47-a88e5e37df35,88f75bf3-bf5c-4ace-ae24-087cfe00fda8,TX,NA,NA,U.S. Senate,Emerson College,Nexstar,NA,rv,1165,2026-01-10,2026-01-12,NA,general,https://emersoncollegepolling.com/texas-2026-poll/,Jasmine Crockett,42.6,Wesley Hunt,48,-5.399999999999999,FALSE
2ef0604a-7949-4374-8e47-a88e5e37df35,a578e04a-0590-4909-9e89-1cc011f25002,TX,NA,NA,U.S. Senate,Emerson College,Nexstar,NA,rv,1165,2026-01-10,2026-01-12,NA,general,https://emersoncollegepolling.com/texas-2026-poll/,James Talarico,43.6,Wesley Hunt,47.1,-3.5,FALSE
2ef0604a-7949-4374-8e47-a88e5e37df35,ba8f2add-da8a-4ec5-b231-96aedf5a4d57,TX,NA,NA,U.S. Senate,Emerson College,Nexstar,NA,rv,1165,2026-01-10,2026-01-12,NA,general,https://emersoncollegepolling.com/texas-2026-poll/,James Talarico,45.6,Ken Paxton,45.6,0,FALSE
591bd54a-2b34-44c1-88c4-4b163fcdb749,332260aa-a730-4bda-9707-441647e1225f,TX,NA,NA,U.S. Senate,University of Houston Hobby School of Public Affairs,NA,NA,lv,1502,2026-01-20,2026-01-31,NA,general,https://www.uh.edu/hobby/primary2026/,James Talarico,44,Ken Paxton,46,-2,FALSE
591bd54a-2b34-44c1-88c4-4b163fcdb749,357e060a-2ddd-404b-b773-2cf0fc8ebba1,TX,NA,NA,U.S. Senate,University of Houston Hobby School of Public Affairs,NA,NA,lv,1502,2026-01-20,2026-01-31,NA,general,https://www.uh.edu/hobby/primary2026/,James Talarico,42,Wesley Hunt,46,-4,FALSE
591bd54a-2b34-44c1-88c4-4b163fcdb749,6370f64a-07e8-4ec4-9356-4b6addd2a27d,TX,NA,NA,U.S. Senate,University of Houston Hobby School of Public Affairs,NA,NA,lv,1502,2026-01-20,2026-01-31,NA,general,https://www.uh.edu/hobby/primary2026/,James Talarico,43,John Cornyn,44,-1,FALSE
591bd54a-2b34-44c1-88c4-4b163fcdb749,8011a8ab-f099-437e-ab91-69c01935aa54,TX,NA,NA,U.S. Senate,University of Houston Hobby School of Public Affairs,NA,NA,lv,1502,2026-01-20,2026-01-31,NA,general,https://www.uh.edu/hobby/primary2026/,Jasmine Crockett,43,John Cornyn,45,-2,FALSE
591bd54a-2b34-44c1-88c4-4b163fcdb749,a1b2fbca-f598-472e-989f-bc7e140651e8,TX,NA,NA,U.S. Senate,University of Houston Hobby School of Public Affairs,NA,NA,lv,1502,2026-01-20,2026-01-31,NA,general,https://www.uh.edu/hobby/primary2026/,Jasmine Crockett,43,Ken Paxton,45,-2,FALSE
591bd54a-2b34-44c1-88c4-4b163fcdb749,efe18f55-6d7d-47e1-af27-20c14eb53e63,TX,NA,NA,U.S. Senate,University of Houston Hobby School of Public Affairs,NA,NA,lv,1502,2026-01-20,2026-01-31,NA,general,https://www.uh.edu/hobby/primary2026/,Jasmine Crockett,43,Wesley Hunt,46,-3,FALSE
cc6257b5-f146-47bd-b110-40923109c687,0ff17bba-cc7f-4c3c-b1f1-21747c4c3718,TX,NA,NA,U.S. Senate,Hart Research Associates,Forward Texas,DEM,lv,803,2026-02-06,2026-02-12,NA,general,https://www.politico.com/newsletters/playbook/2026/02/17/jesse-jackson-dies-at-84-00783455,Jasmine Crockett,49,Ken Paxton,45,4,TRUE
06254561-fc56-4369-84ba-5bd863ff145c,18611660-6aac-4eaf-bf6d-4d042d89e3d5,TX,NA,NA,U.S. Senate,Public Policy Polling,Senate Majority PAC,DEM,rv,576,2026-03-04,2026-03-05,NA,general,https://senatemajority.com/news/polling-talarico-leads-cornyn-and-paxton-in-texas-u-s-senate-matchups/,James Talarico,47,Ken Paxton,45,2,TRUE
06254561-fc56-4369-84ba-5bd863ff145c,ef33ad3c-c4c9-4e84-bc97-aa137020808b,TX,NA,NA,U.S. Senate,Public Policy Polling,Senate Majority PAC,DEM,rv,576,2026-03-04,2026-03-05,NA,general,https://senatemajority.com/news/polling-talarico-leads-cornyn-and-paxton-in-texas-u-s-senate-matchups/,James Talarico,44,John Cornyn,43,1,TRUE
9495e1a8-06aa-4f93-a43e-8fb527866254,2f4e9b0d-b699-436e-ab52-3895302f06c0,TX,NA,NA,U.S. Senate,Impact Research,NA,DEM,lv,900,2026-03-12,2026-03-17,NA,general,https://www.politico.com/newsletters/playbook/2026/03/20/buttigieg-is-running-all-over-the-place-00837326?nname=playbook&nid=0000014f-1646-d88f-a1cf-5f46b7bd0000&nrid=4d735b47-a8a7-41f4-9c35-277919f359ed,James Talarico,43,John Cornyn,41,2,TRUE
9495e1a8-06aa-4f93-a43e-8fb527866254,d53c1a49-b8d4-497e-a548-1b38cb563f8e,TX,NA,NA,U.S. Senate,Impact Research,NA,DEM,lv,900,2026-03-12,2026-03-17,NA,general,https://www.politico.com/newsletters/playbook/2026/03/20/buttigieg-is-running-all-over-the-place-00837326?nname=playbook&nid=0000014f-1646-d88f-a1cf-5f46b7bd0000&nrid=4d735b47-a8a7-41f4-9c35-277919f359ed,James Talarico,44,Ken Paxton,43,1,TRUE
8a818f07-3d18-4cc0-9d48-c37cf0ffe8f2,611f107a-307a-4ca4-b6cd-b15f5caa3ad6,TX,NA,NA,U.S. Senate,YouGov,University of Texas,NA,rv,1200,2026-04-10,2026-04-20,NA,general,https://texaspolitics.utexas.edu/blog/april-polling-war-and-surging-gas-prices-fuel-another-negative-turn-in-texans-views-of-the-economy-2,James Talarico,40,John Cornyn,33,7,FALSE
8a818f07-3d18-4cc0-9d48-c37cf0ffe8f2,e645dcc0-e686-48b9-b8f8-69a9e1108b89,TX,NA,NA,U.S. Senate,YouGov,University of Texas,NA,rv,1200,2026-04-10,2026-04-20,NA,general,https://texaspolitics.utexas.edu/blog/april-polling-war-and-surging-gas-prices-fuel-another-negative-turn-in-texans-views-of-the-economy-2,James Talarico,42,Ken Paxton,34,8,FALSE
8cd789de-bb0c-4c26-869c-bfec1f070b0e,dc3b104b-876d-4c8d-b696-b8721272c992,TX,NA,NA,U.S. Senate,Slingshot Strategies,Texas Public Opinion Research,NA,lv,1018,2026-04-17,2026-04-20,NA,general,https://www.texastribune.org/2026/04/28/texas-us-senate-poll-talarico-cornyn-paxton-2026-midterms/,James Talarico,46,Ken Paxton,41,5,FALSE
8cd789de-bb0c-4c26-869c-bfec1f070b0e,e3725f59-9fd2-4a32-8ea3-8f2fdc2df702,TX,NA,NA,U.S. Senate,Slingshot Strategies,Texas Public Opinion Research,NA,lv,1018,2026-04-17,2026-04-20,NA,general,https://www.texastribune.org/2026/04/28/texas-us-senate-poll-talarico-cornyn-paxton-2026-midterms/,James Talarico,44,John Cornyn,41,3,FALSE
a13a661b-89be-4d2b-a371-09edc4fc4ea4,07872fd5-420c-40e1-ac7e-374dcdbfd187,TX,NA,NA,U.S. Senate,Barbara Jordan Public Policy Research and Survey Center,NA,NA,lv,1223,2026-04-22,2026-05-06,NA,general,https://static1.squarespace.com/static/67aa7aa3e284b002cd6a420e/t/6a0addffcba58d0751053542/1779097087749/TSUTexasNov2026.pdf,James Talarico,45,Ken Paxton,45,0,FALSE
a13a661b-89be-4d2b-a371-09edc4fc4ea4,86d15af9-4b97-423a-bfcd-b80fbf57bd4e,TX,NA,NA,U.S. Senate,Barbara Jordan Public Policy Research and Survey Center,NA,NA,lv,1223,2026-04-22,2026-05-06,NA,general,https://static1.squarespace.com/static/67aa7aa3e284b002cd6a420e/t/6a0addffcba58d0751053542/1779097087749/TSUTexasNov2026.pdf,James Talarico,44,John Cornyn,45,-1,FALSE
85cc4ac5-cb11-4b55-9888-56afabb87393,7622f5b4-e858-4f61-ab2d-8cafead8d670,TX,NA,NA,U.S. Senate,Public Policy Polling,Lone Star Rising PAC,DEM,rv,643,2026-05-22,2026-05-23,NA,general,https://www.politico.com/newsletters/playbook/2026/05/27/paxton-wins-talarico-spins-00937608,James Talarico,45,Ken Paxton,38,7,TRUE
48331063-1d9a-4a55-a585-6981c1b38e81,ba371efa-361e-4b89-97c3-b35fd69d187c,TX,NA,NA,U.S. Senate,Slingshot Strategies,Texas Public Opinion Research,NA,lv,1670,2026-05-27,2026-05-28,NA,general,https://texaspublicopinionresearch.substack.com/p/new-poll-james-talarico-leads-ken,James Talarico,47,Ken Paxton,44,3,FALSE
060a5011-a4a0-4fb8-a2ec-a1d9e573ba7c,dfd33d43-c4ea-4e4e-b7ef-af7b30329f69,TX,NA,NA,U.S. Senate,Quantus Insights,NA,NA,lv,800,2026-06-03,2026-06-04,NA,general,https://quantusinsights.org/f/texas-republicans-lead-statewide-senate-race-starts-close,James Talarico,43,Ken Paxton,45,-2,FALSE
476ff6b9-434a-4db8-aca3-58fd8bc21cf2,6cb6d2af-deb5-4969-ba9a-b8941275dcca,TX,NA,NA,U.S. Senate,ReconMR/Siena Research Institute,Texas A&M Bush School,NA,lv,807,2026-06-01,2026-06-04,NA,general,https://reconmr.com/texas-pulse/,James Talarico,46,Ken Paxton,46,0,FALSE
b06f9f02-67f3-4c3c-8af6-993ed3085bc5,1c0678f8-87e3-4ae1-848d-4830b8889a4f,TX,NA,NA,U.S. Senate,YouGov,University of Texas,NA,rv,1200,2026-06-05,2026-06-12,NA,general,https://texaspolitics.utexas.edu/blog/june-poll-finds-a-competitive-u-s-senate-race-in-texas-amid-continuing-economic-concerns-data-center-backlash,James Talarico,42,Ken Paxton,43,-1,FALSE
bed33bca-5153-4b86-9bd7-fdc0ccc4232d,649bdef2-48c6-4398-9829-8c6861ac9a98,TX,NA,NA,U.S. Senate,SoCal Strategies,Red Eagle Politics,REP,lv,800,2026-06-21,2026-06-21,NA,general,https://socalstrategies.substack.com/p/ken-paxton-leads-narrow-texas-senate,James Talarico,47.05,Ken Paxton,48.53,-1.480000000000004,TRUE
851dac34-603d-4d28-b7d1-a611785efb38,8510691f-3686-4fb8-b15a-110b44277857,TX,NA,NA,U.S. Senate,The New York Times/Siena University,NA,NA,lv,656,2026-06-19,2026-06-27,NA,general,https://www.nytimes.com/2026/06/30/us/politics/texas-senate-poll-talarico-paxton.html,James Talarico,46.57,Ken Paxton,46.67,-0.10000000000000142,FALSE
e0e5bf96-ed99-404c-ade3-b826c801da06,66971044-924e-48d2-a3a9-c655d050f6df,TX,NA,NA,U.S. Senate,A2 Insights,NA,NA,lv,618,2026-06-23,2026-06-28,NA,general,https://drive.google.com/file/d/16hlQhGNlhHYtjMQsng-0sU06UourCYhQ/view,James Talarico,48.4,Ken Paxton,46.1,2.299999999999997,FALSE
a1b9838a-d3b0-4c7e-b894-696ed9093c66,3baf33bb-fd69-4600-9af9-3c34bf9e838f,TX,NA,NA,U.S. Senate,Slingshot Strategies,Texas Public Opinion Research,NA,lv,1048,2026-07-15,2026-07-17,NA,general,https://texaspublicopinionresearch.substack.com/p/new-poll-james-talaricos-lead-over,James Talarico,45,Ken Paxton,40,5,FALSE
81ef94e3-6198-4512-80ad-9b5d0dcbe729,7190ed30-61a5-4d1b-893b-ba9f131810ef,TX,NA,NA,U.S. Senate,Beacon Research/Shaw & Company Research,Fox News,NA,rv,1006,2026-07-23,2026-07-27,NA,general,https://www.foxnews.com/politics/fox-news-poll-gop-divisions-shape-texas-senate-race,James Talarico,51,Ken Paxton,48,3,FALSE
23e5be32-52cd-4ea7-8159-3f6ffa9c6211,57dd75bb-511d-46ce-965d-d672412a9e7c,TX,NA,NA,U.S. Senate,ReconMR/Siena Research Institute,Texas A&M Bush School,NA,lv,619,2026-07-27,2026-07-30,NA,general,https://reconmr.com/wp-content/uploads/2026/08/Texas-Pulse-August-Release-August-7-2026-Final.pdf,James Talarico,47,Ken Paxton,43,4,FALSE
c94b0e88-0eaa-435d-b5d3-4a3ba1cd3a3d,b31c282a-a1ab-431c-9b33-0b9675be4d59,TX,NA,NA,U.S. Senate,Barbara Jordan Public Policy Research and Survey Center,NA,NA,lv,1200,2026-07-27,2026-07-30,NA,general,https://static1.squarespace.com/static/67aa7aa3e284b002cd6a420e/t/6a713767d4ed824b91ea090d/1785804647961/Texas+Statewide+August2026.pdf,James Talarico,47,Ken Paxton,45,2,FALSE
6795e787-cb10-47c0-9972-cc29eea5d5be,9d9a705c-1878-4706-85df-a320e4da8723,TX,NA,NA,U.S. Senate,Wedgewood Polls,NA,NA,lv,800,2026-07-30,2026-07-31,NA,general,https://drive.google.com/file/d/1t2mC4MFActxiBdx4ef_5crisXjD9xH7a/view,James Talarico,48,Ken Paxton,46,2,FALSE
e762cbf7-47be-4be3-b167-5043db7d9ce5,b620420c-4745-4551-8efb-e2d3e161b450,TX,NA,NA,U.S. Senate,YouGov Blue,254 Labs,NA,lv,1001,2026-07-15,2026-07-31,NA,general,https://254labs.io/news/2026-07-txsen,James Talarico,48,Ken Paxton,45,3,FALSE
1d65760e-e087-40ce-91fe-c1ddeade33d8,e6c4fc2e-2903-4c1c-a37f-105999e231e0,TX,NA,NA,U.S. Senate,Emerson College,Nexstar,NA,lv,1000,2026-08-09,2026-08-10,NA,general,https://emersoncollegepolling.com/texas-2026-poll-paxton-and-talarico/,James Talarico,46.25,Ken Paxton,47.25,-1,FALSE
e6c33fe9-c763-4a06-bc90-89287bbbe49c,b995bc3b-ac97-4248-8ccb-13de5561ee02,TX,NA,NA,U.S. Senate,YouGov,University of Texas,NA,rv,1200,2026-08-05,2026-08-13,NA,general,https://texaspolitics.utexas.edu/blog/new-ut-texas-politics-project-poll-finds-talarico-leading-paxton-abbott-leading-hinojosa-continued-resistance-to-data-centers-2,James Talarico,42,Ken Paxton,39,3,FALSE
5ae82615-d4be-4bb8-b5c8-741b8254ec11,19eafb34-41c3-47c6-b14d-9932ed38a499,TX,NA,NA,U.S. Senate,Slingshot Strategies,Texas Public Opinion Research,NA,lv,1000,2026-08-21,2026-08-24,NA,general,https://texaspublicopinionresearch.substack.com/p/new-poll-in-texas-general-election,James Talarico,48,Ken Paxton,42,6,FALSE
b7eb2254-ebd3-4fee-baf7-62027d626ee3,82518cbc-39e8-4476-87a6-a7ac9516dc4b,TX,NA,NA,U.S. Senate,Overton Insights,Texas Public Policy Foundation,NA,lv,1167,2026-08-24,2026-08-26,NA,general,https://overtoninsights.com/wp-content/uploads/2026/08/Overton_Insights_Texas_Public_Policy_Foundation_Toplines_and_Demographics-2.pdf,James Talarico,50,Ken Paxton,50,0,FALSE
14e0e85c-3aa1-40fb-8c39-241c3590230a,8f9d998d-e8ef-4540-a0cf-0e7ab07175df,TX,NA,NA,U.S. Senate,Fabrizio Ward/Impact Research,AARP,NA,lv,895,2026-08-30,2026-09-01,NA,general,https://www.aarp.org/press/releases/2026-09-10-new-aarp-texas-poll-highly-motivated-older-voters-could-shape-close-senate-governor-races/,James Talarico,48,Ken Paxton,44,4,FALSE
df1a17b8-a353-44d4-aa55-1ad16461c603,0057d4bd-38bf-4ad4-af48-4134fdda7806,TX,NA,NA,U.S. Senate,YouGov,Univision,NA,rv,1000,2026-08-27,2026-09-04,NA,general,https://www.univision.com/noticias/politica/poll-univision-texas-2026,James Talarico,48,Ken Paxton,43,5,FALSE
ecd22fdf-f847-4f56-bb4a-40e120ba4a81,93d73c56-f6fa-449a-80af-5e9887e9bc0d,TX,NA,NA,U.S. Senate,InsiderAdvantage,NA,NA,lv,1200,2026-09-08,2026-09-09,NA,general,https://insideradvantage.com/insideradvantage-u-s-senate-surveys-texas-talarico-47-paxton-46-south-carolina-graham-45-andrews-43-ohio-brown-47-husted-42/,James Talarico,47.1,Ken Paxton,45.6,1.5,FALSE
97830f95-88e5-4d39-817a-3345558ed38b,1ed3fc4c-efc1-425b-b240-a94506e38642,TX,NA,NA,U.S. Senate,"Mason-Dixon Polling & Research, Inc.",Telemundo,NA,lv,625,2026-09-08,2026-09-10,NA,general,https://s3.documentcloud.org/documents/28623723/tx926allvoterresults.pdf,James Talarico,46,Ken Paxton,43,3,FALSE
a85e71a9-9e02-4087-bc15-c2d23c303ec1,707c0d83-bf47-485c-bc68-e37544f41f92,TX,NA,NA,U.S. Senate,ReconMR/Siena Research Institute,NA,NA,lv,614,2026-09-08,2026-09-11,NA,general,https://sri.siena.edu/2026/09/17/hinojosa-now-leads-abbott-by-4-points-talarico-widens-lead-to-6-points/,James Talarico,49,Ken Paxton,43,6,FALSE
a5670b0c-5134-48fc-a1e6-a6a6a23aa520,27299aa2-e55c-4b08-992c-f5a7e18675b5,TX,NA,NA,U.S. Senate,SoCal Strategies,NA,NA,lv,649,2026-09-12,2026-09-13,NA,general,https://socalstrategies.substack.com/p/new-socal-strategies-poll-james-talarico,James Talarico,50,Ken Paxton,45,5,FALSE
7ec5edfc-97ad-42b9-ac2f-275f6a91ea96,3ff35cd5-fd87-4fd7-ac0c-589c07cb92ce,TX,NA,NA,U.S. Senate,Emerson College,Nexstar,NA,lv,1000,2026-09-12,2026-09-14,NA,general,https://emersoncollegepolling.com/texas-2026-poll-talarico-and-paxton-in-dead-heat-abbott-maintains-edge/,James Talarico,47.35,Ken Paxton,46.35,1,FALSE
524cc84e-bfb8-5cb0-9f30-3e84b6ffc541,d984eab0-7c72-4bd2-9a05-82fd353d0e42,VA,NA,NA,U.S. Senate,Responsive Management,Virginia Commonwealth University,NA,a,806,2024-12-18,2025-01-15,NA,general,https://wilder.vcu.edu/news-and-events/news-posts/commonwealth-poll-virginians-overwhelmingly-concerned-about-cost-of-living.html,Mark Warner,45,Glenn Youngkin,38,7,FALSE
