poll_id,question_id,state,seat_number,seat_name,office_type,pollster,sponsors,partisan,population,sample_size,start_date,end_date,hypothetical,stage,url,dem_candidate,dem_pct,rep_candidate,rep_pct,net_dem,is_partisan
137c2cec-0d62-5313-9713-581181f3024d,36f489ad-af13-4108-b6e3-96a641cb0344,AK,NA,NA,U.S. Senate,Alaska Survey Research,NA,NA,lv,1261,2023-04-21,2023-04-25,NA,general,https://mustreadalaska.com/new-poll-says-rep-mary-peltola-could-take-sen-dan-sullivan-in-2026/,Mary Peltola,44,Dan Sullivan,41,3,FALSE
1cb7cec3-d3fa-4974-9c0d-32629c10d681,b047b83c-a609-4ed0-a2fa-774c88f3500e,AK,NA,NA,Governor,Data for Progress,NA,NA,lv,1008,2025-02-28,2025-03-07,NA,general,https://www.dataforprogress.org/memos/2025/3/13/oil-taxes-rural-subsistence-public-school-funding-these-are-a-few-of-alaska-voters-favorite-things,Mary Peltola,44,Nancy Dahlstrom,34,10,FALSE
20ef28e6-5dec-48e3-8573-f26aaf7b91c1,d9473e83-86e7-45b6-ab58-ba06c773cc04,AK,NA,NA,U.S. Senate,Data for Progress,NA,NA,lv,678,2025-07-21,2025-07-27,NA,general,https://www.dataforprogress.org/blog/2025/8/8/mary-peltola-would-be-front-runner-for-alaska-governor,Mary Peltola,45,Dan Sullivan,46,-1,FALSE
20ef28e6-5dec-48e3-8573-f26aaf7b91c1,1da3fe87-1bc5-4b08-8da5-2e122d4a94f4,AK,NA,NA,Governor,Data for Progress,NA,NA,lv,491,2025-07-21,2025-07-27,NA,general,https://www.dataforprogress.org/blog/2025/8/8/mary-peltola-would-be-front-runner-for-alaska-governor,Mary Peltola,65,Nancy Dahlstrom,35,30,FALSE
20ef28e6-5dec-48e3-8573-f26aaf7b91c1,a19c867c-da1d-476e-90ba-6911343b09af,AK,NA,NA,Governor,Data for Progress,NA,NA,lv,584,2025-07-21,2025-07-27,NA,general,https://www.dataforprogress.org/blog/2025/8/8/mary-peltola-would-be-front-runner-for-alaska-governor,Mary Peltola,47,Bernadette Wilson,13,34,FALSE
155a2fd2-d990-44fd-a147-09a14779f962,78cf6995-6e07-4374-8aae-812d29847477,AK,NA,NA,U.S. Senate,Alaska Survey Research,NA,NA,lv,1613,2025-07-29,2025-08-01,NA,general,https://www.documentcloud.org/documents/26071481-ak-sen-alaska-survey-research-d/,Mary Peltola,42.5,Dan Sullivan,46.7,-4.200000000000003,FALSE
b55efd06-30f8-4790-a594-5610c44fc1fb,247582aa-7c14-4246-bb7a-8b758cab2a26,AK,NA,NA,Governor,Alaska Survey Research,NA,NA,lv,1748,2025-10-10,2025-10-14,NA,general,https://bsky.app/profile/alaskasurvey.bsky.social/post/3m4wghspcw22g,Tom Begich,50.6,Nancy Dahlstrom,49.4,1.2000000000000028,FALSE
b55efd06-30f8-4790-a594-5610c44fc1fb,81fbcf32-497f-4d01-b74e-4fc2e98e8964,AK,NA,NA,Governor,Alaska Survey Research,NA,NA,lv,1748,2025-10-10,2025-10-14,NA,general,https://bsky.app/profile/alaskasurvey.bsky.social/post/3m4wghspcw22g,Tom Begich,41.4,Click Bishop,20.1,21.299999999999997,FALSE
6db448bf-8b33-4a4d-ad4d-d758aa373626,3543003a-90e9-415d-ba10-38f2be158ada,AK,NA,NA,U.S. Senate,Alaska Survey Research,NA,NA,lv,1708,2025-10-10,2025-10-15,NA,general,https://www.politico.com/newsletters/playbook/2025/10/21/a-nazi-streak-00616221,Mary Peltola,47.7,Dan Sullivan,45.9,1.8000000000000043,FALSE
2abdc064-3a16-4478-a841-23467c99f334,1d63253d-ed99-4ff5-8b14-5629aa6bc4e7,AK,NA,NA,U.S. Senate,Data for Progress,NA,NA,rv,823,2025-10-17,2025-10-23,NA,general,https://www.dataforprogress.org/blog/2025/10/31/in-the-midst-of-a-health-care-and-affordability-crisis-in-alaska-peltola-and-begich-lead-their-races,Mary Peltola,46,Dan Sullivan,45,1,FALSE
2abdc064-3a16-4478-a841-23467c99f334,9083a306-06bf-431f-a6b7-22cd8953dd3c,AK,NA,NA,Governor,Data for Progress,NA,NA,lv,823,2025-10-17,2025-10-23,NA,general,https://www.dataforprogress.org/blog/2025/10/31/in-the-midst-of-a-health-care-and-affordability-crisis-in-alaska-peltola-and-begich-lead-their-races,Mary Peltola,41,Bernadette Wilson,10,31,FALSE
2abdc064-3a16-4478-a841-23467c99f334,dfcf8b9c-d038-4052-ba98-44a11cd233ea,AK,NA,NA,Governor,Data for Progress,NA,NA,lv,710,2025-10-17,2025-10-23,NA,general,https://www.dataforprogress.org/blog/2025/10/31/in-the-midst-of-a-health-care-and-affordability-crisis-in-alaska-peltola-and-begich-lead-their-races,Mary Peltola,49,Dave Bronson,11,38,FALSE
2abdc064-3a16-4478-a841-23467c99f334,e3d02ece-e7f8-44b8-9800-2776195e9681,AK,NA,NA,Governor,Data for Progress,NA,NA,lv,582,2025-10-17,2025-10-23,NA,general,https://www.dataforprogress.org/blog/2025/10/31/in-the-midst-of-a-health-care-and-affordability-crisis-in-alaska-peltola-and-begich-lead-their-races,Mary Peltola,67,Dave Bronson,33,34,FALSE
4d33f950-ca95-4b26-b961-c02b133cbfcd,9553cd7d-9a51-4a84-8679-ca0ed97d0468,AK,NA,NA,U.S. Senate,The Tyson Group,Plymouth Union Public Advocacy,NA,lv,600,2025-11-11,2025-11-13,NA,general,https://pup-advocacy.com/news/polling-memo/voting-to-extend-the-premium-tax-credits-could-boost-sullivan-in-tight-senate-race/,Generic Democrat,43,Dan Sullivan,39,4,FALSE
738d7b99-da3b-4c01-8c34-1ad6bd19e307,cd2c0ee5-0f84-4ba8-9910-ee384c6cf4c4,AK,NA,NA,U.S. Senate,Alaska Survey Research,NA,NA,lv,1681,2026-01-08,2026-01-11,NA,general,https://x.com/The_Real_ASR/status/2011266752693616932,Mary Peltola,48,Dan Sullivan,46.4,1.6000000000000014,FALSE
02747cb8-c9f8-4c09-b283-67fcf0ec90b0,0b89445f-5182-43eb-9b9d-9e803fb08d93,AK,NA,NA,U.S. Senate,Public Policy Polling,DSCC,DEM,rv,611,2026-01-16,2026-01-17,NA,general,https://www.politico.com/newsletters/playbook/2026/01/21/what-davos-really-thinks-of-trump-00738555?nname=playbook&nid=0000014f-1646-d88f-a1cf-5f46b7bd0000&nrid=4d735b47-a8a7-41f4-9c35-277919f359ed,Mary Peltola,49,Dan Sullivan,47,2,TRUE
399dc078-5577-4de2-8894-d5a534d1bdd3,8e787f40-e229-49ba-9179-a64c566c2ac7,AK,NA,NA,Governor,Lake Research Partners,NA,DEM,lv,600,2026-02-05,2026-02-11,NA,primary,https://x.com/TomBegich4AK/status/2024718222818173226,Tom Begich,22,Bernadette Wilson,14,8,TRUE
399dc078-5577-4de2-8894-d5a534d1bdd3,ad271b59-d0c6-451f-af21-2ea620dcf7ac,AK,NA,NA,Governor,Lake Research Partners,NA,DEM,lv,600,2026-02-05,2026-02-11,NA,general,https://x.com/TomBegich4AK/status/2024718222818173226,Tom Begich,38,Bernadette Wilson,16,22,TRUE
e8d83b3b-cf66-4eb1-a16d-49e053bc3698,4fbeb64f-fbf1-4985-bbe8-35029cadcc44,AK,NA,NA,U.S. Senate,Alaska Survey Research,NA,NA,rv,1340,2026-03-19,2026-03-22,NA,general,https://bsky.app/profile/alaskasurvey.bsky.social/post/3mi5sviz72222,Mary Peltola,48.8,Dan Sullivan,43.5,5.299999999999997,FALSE
e8d83b3b-cf66-4eb1-a16d-49e053bc3698,64909d04-6ca7-4fc0-b519-a8927485e3d6,AK,NA,NA,U.S. Senate,Alaska Survey Research,NA,NA,rv,1340,2026-03-19,2026-03-22,NA,general,https://bsky.app/profile/alaskasurvey.bsky.social/post/3mi5sviz72222,Mary Peltola,52.4,Dan Sullivan,47.6,4.799999999999997,FALSE
e8d83b3b-cf66-4eb1-a16d-49e053bc3698,832189b2-d25d-45da-a879-11b7631baf0c,AK,NA,NA,U.S. Senate,Alaska Survey Research,NA,NA,rv,1283,2026-03-19,2026-03-22,NA,primary,https://bsky.app/profile/alaskasurvey.bsky.social/post/3mi5sviz72222,Mary Peltola,46.4,Dan Sullivan,40.9,5.5,FALSE
e8d83b3b-cf66-4eb1-a16d-49e053bc3698,bf584e02-d443-4a80-b40a-31b8b31db2fd,AK,NA,NA,Governor,Alaska Survey Research,NA,NA,lv,1061,2026-03-19,2026-03-22,NA,primary,https://bsky.app/profile/alaskasurvey.bsky.social/post/3mi5sviz72222,Tom Begich,19.4,Bernadette Wilson,13.6,5.799999999999999,FALSE
b613d76c-3e02-43de-aa2a-d6323fbd68fe,02c8d060-e4fe-4cee-8e43-aca3cb1e74ac,AK,NA,NA,U.S. Senate,Alaska Survey Research,NA,NA,lv,1946,2026-04-16,2026-04-19,NA,general,https://alaskasurveyresearch.com/peltola-vs-sullivan-april-2026/,Mary Peltola,49.1,Dan Sullivan,42.5,6.600000000000001,FALSE
b613d76c-3e02-43de-aa2a-d6323fbd68fe,8ad3d2c2-6e7d-4d87-b6f3-ca8a57f8c5ea,AK,NA,NA,U.S. Senate,Alaska Survey Research,NA,NA,lv,1946,2026-04-16,2026-04-19,NA,general,https://alaskasurveyresearch.com/peltola-vs-sullivan-april-2026/,Mary Peltola,50.2,Dan Sullivan,43.6,6.600000000000001,FALSE
b613d76c-3e02-43de-aa2a-d6323fbd68fe,aa6721f1-14bf-45af-bc4c-0bf3a07fdc83,AK,NA,NA,Governor,Alaska Survey Research,NA,NA,lv,NA,2026-04-16,2026-04-19,NA,general,https://alaskasurveyresearch.com/peltola-vs-sullivan-april-2026/,Tom Begich,41,Bernadette Wilson,21.8,19.2,FALSE
b613d76c-3e02-43de-aa2a-d6323fbd68fe,c17b06de-b791-407a-a7bc-a6176fe1a975,AK,NA,NA,Governor,Alaska Survey Research,NA,NA,lv,NA,2026-04-16,2026-04-19,NA,general,https://alaskasurveyresearch.com/peltola-vs-sullivan-april-2026/,Tom Begich,53.9,Bernadette Wilson,46.1,7.799999999999997,FALSE
b613d76c-3e02-43de-aa2a-d6323fbd68fe,de26f639-7a25-406a-ad38-accf7ec92d73,AK,NA,NA,Governor,Alaska Survey Research,NA,NA,lv,NA,2026-04-16,2026-04-19,NA,primary,https://alaskasurveyresearch.com/peltola-vs-sullivan-april-2026/,Tom Begich,19,Bernadette Wilson,13.5,5.5,FALSE
37b31b7d-7c36-48c4-8045-0e4927a8f051,d59497f7-615e-4ce4-a43e-4b446e8391e8,AK,NA,NA,Governor,Dittman Research,NA,REP,lv,451,2026-04-27,2026-04-30,NA,primary,https://www.facebook.com/bronsonforgovernor/posts/pfbid0g9NG6zWS4bGNLuDPnfnPeAysoAmEcbR8xii4SApzoBKDASxAhtTAm3r9WvNkYqVEl?rdid=vu6CkC1sSuH157M8#,Tom Begich,21,Dave Bronson,7,14,TRUE
24511bba-225f-4c6f-91fc-a51dcc039b64,8aa5813e-aa33-41b3-b9ff-804fa852a76b,AK,NA,NA,U.S. Senate,Alaska Survey Research,NA,NA,lv,1401,2026-05-14,2026-05-17,NA,general,https://bsky.app/profile/alaskasurvey.bsky.social/post/3mmeqzp7nuc2l,Mary Peltola,48.4,Dan Sullivan,43.8,4.600000000000001,FALSE
24511bba-225f-4c6f-91fc-a51dcc039b64,8e413122-cd93-402c-ae1e-390ee07767f3,AK,NA,NA,Governor,Alaska Survey Research,NA,NA,lv,1401,2026-05-14,2026-05-17,NA,primary,https://bsky.app/profile/alaskasurvey.bsky.social/post/3mmeqzp7nuc2l,Tom Begich,20.8,Bernadette Wilson,15.8,5,FALSE
35cede46-c867-4b0b-ab55-934d055eccb1,5bbc261a-4169-4f2a-ac99-97c87ff361a8,AK,NA,NA,U.S. Senate,Alaska Survey Research,NA,NA,lv,1393,2026-06-04,2026-06-07,NA,general,https://bsky.app/profile/alaskasurvey.bsky.social/post/3mo4ifkz3tc25,Mary Peltola,49.4,Dan Sullivan,44.2,5.199999999999996,FALSE
4d75df93-3217-4bd7-b5f8-6c19dfe9bf04,faf86145-7c38-41c0-960a-295a2d63ac5a,AK,NA,NA,Governor,Public Policy Polling,NA,DEM,lv,529,2026-06-24,2026-06-25,NA,primary,https://static1.squarespace.com/static/6982d88f853910439067d086/t/6a45940d2187097951bec0a4/1782944781841/PPP+Alaska+Memo+June+2026.pdf,Tom Begich,16,Dave Bronson,13,3,TRUE
8e054071-9b5e-46d0-a921-ecc4f3c1737e,d9522da6-d389-4c8b-a91a-f65c266a709d,AK,NA,NA,U.S. Senate,The New York Times/Siena University,NA,NA,lv,593,2026-06-15,2026-06-29,NA,general,https://www.nytimes.com/interactive/2026/07/01/polls/times-siena-alaska-poll-crosstabs.html,Mary Peltola,45.06,Dan Sullivan,47.47,-2.4099999999999966,FALSE
20f27607-a8b9-472f-bc31-aca78c152dae,7dfab707-caf3-4f81-b636-f287abf2416d,AK,NA,NA,Governor,Alaska Survey Research,NA,NA,lv,NA,2026-06-30,2026-07-01,NA,general,https://bsky.app/profile/alaskasurvey.bsky.social/post/3mq5ys4ybsc2r,Tom Begich,50.9,Bernadette Wilson,49.1,1.7999999999999972,FALSE
20f27607-a8b9-472f-bc31-aca78c152dae,aa8e78c0-5ee0-42c4-9680-f9a1e9fce3d1,AK,NA,NA,Governor,Alaska Survey Research,NA,NA,lv,NA,2026-06-30,2026-07-01,NA,primary,https://bsky.app/profile/alaskasurvey.bsky.social/post/3mq5ys4ybsc2r,Tom Begich,19.7,Bernadette Wilson,14.6,5.1,FALSE
20f27607-a8b9-472f-bc31-aca78c152dae,b7aa38ba-786c-4f17-bf25-a85928921d31,AK,NA,NA,Governor,Alaska Survey Research,NA,NA,lv,NA,2026-06-30,2026-07-01,NA,general,https://bsky.app/profile/alaskasurvey.bsky.social/post/3mq5ys4ybsc2r,Tom Begich,22.1,Bernadette Wilson,21.8,0.3000000000000007,FALSE
e0534970-1893-4fa1-a0f3-cb0ab3e0e939,00823245-b22e-4fef-ac92-939c628b9ef7,AK,NA,NA,Governor,Change Research,NA,DEM,lv,604,2026-07-17,2026-07-19,NA,primary,https://static1.squarespace.com/static/6982d88f853910439067d086/t/6a5e8590bc7a433fdb80e04f/1784579473215/Memo_+Alaska+Governors+Race+July.pdf,Tom Begich,17,Bernadette Wilson,14,3,TRUE
7ec6f01b-349f-4e8a-b058-78704ccaaace,1fbeb1c6-7689-4d69-9217-31412ae5f0d8,AK,NA,NA,U.S. Senate,Data for Progress,NA,NA,lv,578,2026-07-28,2026-08-04,NA,general,https://www.dataforprogress.org/blog/2026/8/17/as-alaskas-affordability-crisis-deepens-peltola-leads-in-senate-race,Mary Peltola,49,Dan Sullivan,43,6,FALSE
7ec6f01b-349f-4e8a-b058-78704ccaaace,7acbff1d-e74f-4819-96a6-ef621c38d79f,AK,NA,NA,U.S. Senate,Data for Progress,NA,NA,lv,605,2026-07-28,2026-08-04,NA,general,https://www.dataforprogress.org/blog/2026/8/17/as-alaskas-affordability-crisis-deepens-peltola-leads-in-senate-race,Mary Peltola,47,Dan Sullivan,41,6,FALSE
7ec6f01b-349f-4e8a-b058-78704ccaaace,85b9118c-7541-460a-bc99-13f73fcf6fd2,AK,NA,NA,U.S. Senate,Data for Progress,NA,NA,lv,567,2026-07-28,2026-08-04,NA,general,https://www.dataforprogress.org/blog/2026/8/17/as-alaskas-affordability-crisis-deepens-peltola-leads-in-senate-race,Mary Peltola,53,Dan Sullivan,47,6,FALSE
25f3873e-a991-4492-a3a3-aa1c6b9c0d71,0be7c48f-17ba-4d7f-94f7-8151fd9d3deb,AK,NA,NA,U.S. Senate,Alaska Survey Research,NA,NA,lv,1371,2026-08-02,2026-08-05,NA,general,https://bsky.app/profile/alaskasurvey.bsky.social/post/3mstcarsnc32q,Mary Peltola,50.8,Dan Sullivan,49.2,1.5999999999999943,FALSE
5644eb93-7595-4afd-bacf-2fd24589ef3b,3b5dd101-97ba-48a0-8e39-e5fddb9a5d99,AK,NA,NA,U.S. Senate,Alaska Survey Research,NA,NA,lv,1495,2026-08-20,2026-08-23,NA,general,https://x.com/the_real_asr/status/2093483993954144564,Mary Peltola,50.6,Dan Sullivan,49.4,1.2000000000000028,FALSE
a1d3551f-cc1f-40ee-8d08-c7fdc1872796,3d5ad689-e945-4d8c-a1c2-a2270f0b5f9f,AK,NA,NA,U.S. Senate,Fabrizio Ward/Impact Research,AARP,NA,lv,800,2026-09-08,2026-09-11,NA,general,https://www.aarp.org/pri/topics/voter-research/politics/2026-midterm-election-poll-alaska/,Mary Peltola,53,Dan Sullivan,47,6,FALSE
a1d3551f-cc1f-40ee-8d08-c7fdc1872796,781e630e-4d53-4887-a4a8-aa5788163a3b,AK,NA,NA,U.S. Senate,Fabrizio Ward/Impact Research,AARP,NA,lv,800,2026-09-08,2026-09-11,NA,general,https://www.aarp.org/pri/topics/voter-research/politics/2026-midterm-election-poll-alaska/,Mary Peltola,46,Dan Sullivan,41,5,FALSE
a1d3551f-cc1f-40ee-8d08-c7fdc1872796,a96eac7b-4a1a-4d18-8896-4915cab42b18,AK,NA,NA,U.S. Senate,Fabrizio Ward/Impact Research,AARP,NA,lv,800,2026-09-08,2026-09-11,NA,general,https://www.aarp.org/pri/topics/voter-research/politics/2026-midterm-election-poll-alaska/,Mary Peltola,50,Dan Sullivan,43,7,FALSE
a1d3551f-cc1f-40ee-8d08-c7fdc1872796,8b779986-31e1-41ad-b2e1-8abc97ec1322,AK,NA,NA,Governor,Fabrizio Ward/Impact Research,AARP,NA,lv,800,2026-09-08,2026-09-11,NA,general,https://www.aarp.org/pri/topics/voter-research/politics/2026-midterm-election-poll-alaska/,Jonathan Kreiss-Tomkins,40,Bernadette Wilson,20,20,FALSE
a1d3551f-cc1f-40ee-8d08-c7fdc1872796,a842f439-a3bc-403a-b3ee-31263d77b471,AK,NA,NA,Governor,Fabrizio Ward/Impact Research,AARP,NA,lv,800,2026-09-08,2026-09-11,NA,general,https://www.aarp.org/pri/topics/voter-research/politics/2026-midterm-election-poll-alaska/,Jonathan Kreiss-Tomkins,49,Bernadette Wilson,25,24,FALSE
a1d3551f-cc1f-40ee-8d08-c7fdc1872796,e244ed67-8a46-4762-84bf-46a4d2088fe0,AK,NA,NA,Governor,Fabrizio Ward/Impact Research,AARP,NA,lv,800,2026-09-08,2026-09-11,NA,general,https://www.aarp.org/pri/topics/voter-research/politics/2026-midterm-election-poll-alaska/,Jonathan Kreiss-Tomkins,55,Bernadette Wilson,45,10,FALSE
16224059-2ccc-4343-9243-33991199136c,1da32371-162e-41aa-927a-fa6b9a082575,AK,NA,NA,U.S. Senate,co/efficient,NA,NA,lv,799,2026-09-14,2026-09-17,NA,general,https://battlegrounds.coefficient.org/ak/,Mary Peltola,46,Dan Sullivan,48,-2,FALSE
16224059-2ccc-4343-9243-33991199136c,be1c02af-2550-47fb-b3f0-f39d046cd60e,AK,NA,NA,U.S. Senate,co/efficient,NA,NA,lv,799,2026-09-14,2026-09-17,NA,general,https://battlegrounds.coefficient.org/ak/,Generic Democrat,44,Generic Republican,49,-5,FALSE
16224059-2ccc-4343-9243-33991199136c,e72992f4-9ddb-464c-9990-4620acd555df,AK,NA,NA,U.S. Senate,co/efficient,NA,NA,lv,799,2026-09-14,2026-09-17,NA,general,https://battlegrounds.coefficient.org/ak/,Mary Peltola,46,Dan Sullivan,49,-3,FALSE
16224059-2ccc-4343-9243-33991199136c,2321e2be-ca5a-4fce-8504-5570e3b7404e,AK,NA,NA,Governor,co/efficient,NA,NA,lv,799,2026-09-14,2026-09-17,NA,general,https://battlegrounds.coefficient.org/ak/,Jonathan Kreiss-Tomkins,43,Bernadette Wilson,20,23,FALSE
4d581320-daef-4dfa-b5f4-150ed5aa8d9a,59607ad3-eb45-42fa-b004-ee03bca47072,AL,NA,NA,Governor,Cygnal Political,NA,NA,lv,605,2025-11-12,2025-11-13,NA,general,https://www.cygn.al/wp-content/uploads/2025/11/AL-Gov-Gen-Elect-Poll-Memo.pdf,Doug Jones,34.1,Tommy Tuberville,52.6,-18.5,FALSE
b9c13563-2436-4177-852e-cdf4cada9a05,00235712-6e32-4644-b078-602e473511c1,AL,NA,NA,U.S. Senate,yes. every kid. foundation.,NA,NA,lv,601,2026-07-08,2026-07-11,NA,general,https://yeseverykidfoundation.org/alabama-likely-voters-support-fully-funding-the-choose-act/,Everett Wess,32,Barry Moore,47,-15,FALSE
b9c13563-2436-4177-852e-cdf4cada9a05,dfffe4f9-b2b8-4ef3-be90-99feea55e964,AL,NA,NA,Governor,yes. every kid. foundation.,NA,NA,lv,601,2026-07-08,2026-07-11,NA,general,https://yeseverykidfoundation.org/alabama-likely-voters-support-fully-funding-the-choose-act/,Doug Jones,41,Tommy Tuberville,49,-8,FALSE
54e089ff-5f60-4aca-b00c-d93838450703,04705b15-ee5a-4ee9-b1f1-9e4206e2bcb6,AR,NA,NA,U.S. Senate,GrayHouse,America One Policies,REP,lv,550,2026-02-07,2026-02-09,NA,general,https://www.grayhouse.com/post/ar-senate,Hallie Shoffner,36,Tom Cotton,58,-22,TRUE
1dd8be00-28d2-490b-8212-bda808199f82,4815d976-f0d2-4c53-9d6e-9fc77a636d26,AR,NA,NA,U.S. Senate,2040 Strategy Group,NA,DEM,lv,586,2026-07-17,2026-07-25,NA,general,https://arktimes.com/arkansas-blog/2026/08/05/dem-senate-hopeful-shoffner-pulls-promising-poll-numbers-against-unlikeable-cotton,Hallie Shoffner,43,Tom Cotton,46,-3,TRUE
528d611e-0325-4931-8032-a2c7ece004a7,317a06d5-a01a-4d16-9cd3-c4007752cb6c,AR,NA,NA,U.S. Senate,Hendrix College,Talk Business & Politics,NA,lv,1217,2026-08-11,2026-08-12,NA,general,https://talkbusiness.net/2026/08/poll-gov-sanders-holds-lead-over-two-opponents/,Hallie Shoffner,47.4,Tom Cotton,44,3.3999999999999986,FALSE
528d611e-0325-4931-8032-a2c7ece004a7,176d59e6-d7c2-4860-b9b8-ec349b1538ab,AR,NA,NA,Governor,Hendrix College,Talk Business & Politics,NA,lv,1217,2026-08-11,2026-08-12,NA,general,https://talkbusiness.net/2026/08/poll-gov-sanders-holds-lead-over-two-opponents/,Fred Love,40,Sarah Huckabee Sanders,45,-5,FALSE
17f8fc5a-1b7e-4437-8310-e11f988d88af,b83dc8e7-0644-4ccf-8ee1-1fb8700a0d0c,AR,NA,NA,U.S. Senate,J.L. Partners,NA,NA,lv,803,2026-08-14,2026-08-18,NA,general,https://jlpartners.com/arkansas-senate-likely-voter-polling,Hallie Shoffner,35,Tom Cotton,51,-16,FALSE
23e35f2b-75f0-4d81-9683-937d845f6e8b,45c4abe4-6f95-44ca-ad23-090a51e15ab9,AZ,NA,NA,Governor,Kreate Strategies,American Encore,REP,lv,924,2025-02-05,2025-02-07,NA,general,https://web.archive.org/web/20250214065131/https://projects.fivethirtyeight.com/polls/250212_AZ_KStrategiesdeck.pdf,Katie Hobbs,40,Karrin Taylor Robson,38,2,TRUE
23e35f2b-75f0-4d81-9683-937d845f6e8b,59cbc6de-d142-4793-a31c-e9219369ebd2,AZ,NA,NA,Governor,Kreate Strategies,American Encore,REP,lv,924,2025-02-05,2025-02-07,NA,general,https://web.archive.org/web/20250214065131/https://projects.fivethirtyeight.com/polls/250212_AZ_KStrategiesdeck.pdf,Katie Hobbs,43,Andy Biggs,44,-1,TRUE
76031070-e5b3-4204-89eb-e37ed7063081,1786f7ea-d070-47d6-a6da-adcd2043a6d8,AZ,NA,NA,Governor,Noble Predictive Insights,NA,NA,rv,1006,2025-02-11,2025-02-13,NA,general,https://www.noblepredictiveinsights.com/post/arizona-gop-voters-still-searching-for-a-gubernatorial-primary-frontrunner,Katie Hobbs,40,Kimberly Yee,34,6,FALSE
76031070-e5b3-4204-89eb-e37ed7063081,3c68ada9-86fc-4e0a-a492-f03778c2db89,AZ,NA,NA,Governor,Noble Predictive Insights,NA,NA,rv,1006,2025-02-11,2025-02-13,NA,general,https://www.noblepredictiveinsights.com/post/arizona-gop-voters-still-searching-for-a-gubernatorial-primary-frontrunner,Katie Hobbs,43,Karrin Taylor Robson,35,8,FALSE
76031070-e5b3-4204-89eb-e37ed7063081,40d558c3-59ea-4c8c-878d-7c962c8cb2e3,AZ,NA,NA,Governor,Noble Predictive Insights,NA,NA,rv,1006,2025-02-11,2025-02-13,NA,general,https://www.noblepredictiveinsights.com/post/arizona-gop-voters-still-searching-for-a-gubernatorial-primary-frontrunner,Katie Hobbs,40,Jake Hoffman,35,5,FALSE
76031070-e5b3-4204-89eb-e37ed7063081,954a973f-34f0-4c60-a973-2d1d85bc6c3f,AZ,NA,NA,Governor,Noble Predictive Insights,NA,NA,rv,1006,2025-02-11,2025-02-13,NA,general,https://www.noblepredictiveinsights.com/post/arizona-gop-voters-still-searching-for-a-gubernatorial-primary-frontrunner,Katie Hobbs,39,Charlie Kirk,36,3,FALSE
76031070-e5b3-4204-89eb-e37ed7063081,afbbcc6e-df91-4483-b721-1fbb8258bdf6,AZ,NA,NA,Governor,Noble Predictive Insights,NA,NA,rv,1006,2025-02-11,2025-02-13,NA,general,https://www.noblepredictiveinsights.com/post/arizona-gop-voters-still-searching-for-a-gubernatorial-primary-frontrunner,Katie Hobbs,40,Andy Biggs,38,2,FALSE
76031070-e5b3-4204-89eb-e37ed7063081,fd0a0fcc-a999-4243-a19e-63d485ad00a6,AZ,NA,NA,Governor,Noble Predictive Insights,NA,NA,rv,1006,2025-02-11,2025-02-13,NA,general,https://www.noblepredictiveinsights.com/post/arizona-gop-voters-still-searching-for-a-gubernatorial-primary-frontrunner,Katie Hobbs,37,Jack McCain,36,1,FALSE
07b5c502-08e5-42b2-a87c-67f3152926f3,80ca20b3-132e-4ed6-b3ef-22a39f381ec4,AZ,NA,NA,Governor,Pulse Decision Science,Club for Growth,REP,lv,501,2025-04-06,2025-04-09,NA,general,https://static.politico.com/18/ad/467915674242863a8a9d88d3e6a4/cfg-az-gov-2026-baseline-public-pollingmemo-v1.pdf,Katie Hobbs,46,Andy Biggs,42,4,TRUE
07b5c502-08e5-42b2-a87c-67f3152926f3,af09b783-55a7-43ff-88b8-ab1631d94ff9,AZ,NA,NA,Governor,Pulse Decision Science,Club for Growth,REP,lv,501,2025-04-06,2025-04-09,NA,general,https://static.politico.com/18/ad/467915674242863a8a9d88d3e6a4/cfg-az-gov-2026-baseline-public-pollingmemo-v1.pdf,Katie Hobbs,47,Karrin Taylor Robson,38,9,TRUE
95df1759-cdf5-4e40-8953-6a3e495a7861,196912da-5a85-4803-8cbb-79593d859db2,AZ,NA,NA,Governor,Noble Predictive Insights,NA,NA,rv,1026,2025-05-12,2025-05-16,NA,general,https://www.noblepredictiveinsights.com/post/az-governor-s-race-biggs-gains-momentum-as-gop-field-shifts,Katie Hobbs,42,Charlie Kirk,36,6,FALSE
95df1759-cdf5-4e40-8953-6a3e495a7861,296052f1-a6c1-45c1-8e48-f9ebf12dd4f7,AZ,NA,NA,Governor,Noble Predictive Insights,NA,NA,rv,1026,2025-05-12,2025-05-16,NA,general,https://www.noblepredictiveinsights.com/post/az-governor-s-race-biggs-gains-momentum-as-gop-field-shifts,Katie Hobbs,41,Karrin Taylor Robson,39,2,FALSE
95df1759-cdf5-4e40-8953-6a3e495a7861,93bee263-c102-4f39-b679-b41d640fa2b5,AZ,NA,NA,Governor,Noble Predictive Insights,NA,NA,rv,1026,2025-05-12,2025-05-16,NA,general,https://www.noblepredictiveinsights.com/post/az-governor-s-race-biggs-gains-momentum-as-gop-field-shifts,Katie Hobbs,40,Kimberly Yee,36,4,FALSE
95df1759-cdf5-4e40-8953-6a3e495a7861,c28afb87-7896-4c49-ae5d-13f98e5ffc28,AZ,NA,NA,Governor,Noble Predictive Insights,NA,NA,rv,1026,2025-05-12,2025-05-16,NA,general,https://www.noblepredictiveinsights.com/post/az-governor-s-race-biggs-gains-momentum-as-gop-field-shifts,Katie Hobbs,40,Andy Biggs,38,2,FALSE
25e7c75d-095a-4011-981b-44d14d8f88ec,49476406-8cfa-4456-88f1-dc69cf12fd9e,AZ,NA,NA,Governor,Noble Predictive Insights,NA,NA,rv,948,2025-08-11,2025-08-18,NA,general,https://www.noblepredictiveinsights.com/post/robson-rewrites-the-2022-playbook-as-she-opens-with-an-early-lead-in-arizona-gop-primary,Katie Hobbs,39,Andy Biggs,37,2,FALSE
25e7c75d-095a-4011-981b-44d14d8f88ec,bdb967ef-87db-4b03-a74f-49a580479dbb,AZ,NA,NA,Governor,Noble Predictive Insights,NA,NA,rv,948,2025-08-11,2025-08-18,NA,general,https://www.noblepredictiveinsights.com/post/robson-rewrites-the-2022-playbook-as-she-opens-with-an-early-lead-in-arizona-gop-primary,Katie Hobbs,40,Karrin Taylor Robson,38,2,FALSE
fecf3a6b-b178-4d0b-9d08-2ed73b6c109b,b279eb9c-a844-4e6c-a237-8260c3203fb6,AZ,NA,NA,Governor,GrayHouse,NA,NA,rv,744,2025-10-26,2025-10-28,NA,general,https://www.grayhouse.com/post/arizona-2026-statewide-elections-republican-opportunities-across-the-ballot,Katie Hobbs,40,Generic Republican,44,-4,FALSE
0a572103-51f1-4822-aae8-cf2d473a7f0f,051e419d-83c6-4414-aaba-260b0982dfc8,AZ,NA,NA,Governor,Emerson College,NA,NA,rv,850,2025-11-08,2025-11-10,NA,general,https://emersoncollegepolling.com/arizona-2026-governor/,Katie Hobbs,44.1,Andy Biggs,43.4,0.7000000000000028,FALSE
0a572103-51f1-4822-aae8-cf2d473a7f0f,3a99cd3a-6f42-4dbf-a010-72e427cb8778,AZ,NA,NA,Governor,Emerson College,NA,NA,rv,850,2025-11-08,2025-11-10,NA,general,https://emersoncollegepolling.com/arizona-2026-governor/,Katie Hobbs,43,Karrin Taylor Robson,42,1,FALSE
0a572103-51f1-4822-aae8-cf2d473a7f0f,60ec7b7c-cd3c-41cd-8347-22609db9d18e,AZ,NA,NA,Governor,Emerson College,NA,NA,rv,850,2025-11-08,2025-11-10,NA,general,https://emersoncollegepolling.com/arizona-2026-governor/,Katie Hobbs,44,David Schweikert,39,5,FALSE
3a4cd071-53e4-48a9-8ec0-3b7853d002f1,5fe8458b-5230-4354-b8df-d053fbab9989,AZ,NA,NA,Governor,NextGenP,NA,NA,rv,2725,2025-12-15,2025-12-17,NA,general,https://nxtgenp.com/post/Hobbs-leads,Katie Hobbs,51,Karrin Taylor Robson,30,21,FALSE
3a4cd071-53e4-48a9-8ec0-3b7853d002f1,b2d6b7a5-23f1-4369-b8fd-e7177c5edccb,AZ,NA,NA,Governor,NextGenP,NA,NA,rv,2725,2025-12-15,2025-12-17,NA,general,https://nxtgenp.com/post/Hobbs-leads,Katie Hobbs,51,Andy Biggs,32,19,FALSE
8f53f257-b53a-49f4-80cc-8ed45498f4c6,043caf1e-fb18-4e73-8af4-5ed95155e768,AZ,NA,NA,Governor,Noble Predictive Insights,NA,NA,rv,1023,2026-02-23,2026-02-26,NA,general,https://www.noblepredictiveinsights.com/post/azgov-biggs-benefits-from-field-consolidation-hobbs-holds-early-edge,Katie Hobbs,44,David Schweikert,35,9,FALSE
8f53f257-b53a-49f4-80cc-8ed45498f4c6,d0bb9407-5bee-4cb0-ba43-327912b72679,AZ,NA,NA,Governor,Noble Predictive Insights,NA,NA,rv,1023,2026-02-23,2026-02-26,NA,general,https://www.noblepredictiveinsights.com/post/azgov-biggs-benefits-from-field-consolidation-hobbs-holds-early-edge,Katie Hobbs,42,Andy Biggs,37,5,FALSE
6cfa73be-571b-4f20-b8b6-b5d26c55c6ad,68ffe155-f85d-4c82-b41a-bdae96b56e76,AZ,NA,NA,Governor,TIPP Insights,League of American Workers,REP,lv,1159,2026-04-20,2026-04-24,NA,general,https://tippinsights.com/league-of-american-workers-survey-arizona/,Katie Hobbs,48.38,Andy Biggs,37.57,10.810000000000002,TRUE
6cfa73be-571b-4f20-b8b6-b5d26c55c6ad,7b301ead-5056-4fc0-9fd7-d0d9076a6954,AZ,NA,NA,Governor,TIPP Insights,League of American Workers,REP,rv,1501,2026-04-20,2026-04-24,NA,general,https://tippinsights.com/league-of-american-workers-survey-arizona/,Katie Hobbs,44.7,Andy Biggs,34.64,10.060000000000002,TRUE
b12e716c-8ade-4de5-bcdb-51d77e1aa07c,3fc50082-8208-4c3f-8c71-c30c4d2ae1bc,AZ,NA,NA,Governor,Noble Predictive Insights,NA,NA,rv,996,2026-05-05,2026-05-07,NA,general,https://www.noblepredictiveinsights.com/post/azgov-biggs-nears-majority-as-hobbs-holds-early-edge,Katie Hobbs,42,David Schweikert,35,7,FALSE
b12e716c-8ade-4de5-bcdb-51d77e1aa07c,b3b7f2b6-cf59-4684-9565-7163ae359d01,AZ,NA,NA,Governor,Noble Predictive Insights,NA,NA,rv,996,2026-05-05,2026-05-07,NA,general,https://www.noblepredictiveinsights.com/post/azgov-biggs-nears-majority-as-hobbs-holds-early-edge,Katie Hobbs,41,Andy Biggs,37,4,FALSE
bcfbe525-87ff-40cb-aa85-1a0e7869b42b,80046385-53e9-4e4e-98e9-38e6b63c1b47,AZ,NA,NA,Governor,Fabrizio Ward/Impact Research,AARP,NA,lv,913,2026-07-26,2026-07-28,NA,general,https://www.aarp.org/content/dam/aarp/research/topics/voter-opinion-research/politics/2026-midterm-election-poll-arizona.doi.10.26419-2fres.01065.007.pdf,Katie Hobbs,52,Andy Biggs,44,8,FALSE
cd32e500-4bf0-4098-9a67-7f6a51b28d81,4b3e50ea-e96f-43c8-8795-b38af39640ba,AZ,NA,NA,Governor,Tarrance Group,Democracy Defense Project,NA,lv,600,2026-07-27,2026-07-30,NA,general,https://www.democracydefensefoundation.org/news/az/new-poll-arizona-voters-remain-concerned-about-election-integrity-headed-into-general-election,Katie Hobbs,52,Andy Biggs,48,4,FALSE
52c77037-4409-4f86-bff0-b5c128c3f839,b4e24676-a38d-414d-abfa-7b452e0f31d2,AZ,NA,NA,Governor,GrayHouse,NA,REP,lv,600,2026-08-09,2026-08-11,NA,general,https://x.com/Garrett_Archer/status/2092290028697506071,Katie Hobbs,49,Andy Biggs,45,4,TRUE
2ef18bfd-ef13-4f7b-abb9-d72b836cb86c,4e51bf39-eed1-4703-a47f-54372e502fb6,AZ,NA,NA,Governor,Noble Predictive Insights,NA,NA,lv,923,2026-08-10,2026-08-13,NA,general,https://www.noblepredictiveinsights.com/post/katie-hobbs-leads-andy-biggs-in-the-grand-canyon-state,Katie Hobbs,48.4,Andy Biggs,35.42,12.979999999999997,FALSE
2ef18bfd-ef13-4f7b-abb9-d72b836cb86c,b309a4e3-516d-4000-bed4-46c010a25288,AZ,NA,NA,Governor,Noble Predictive Insights,NA,NA,rv,1040,2026-08-10,2026-08-13,NA,general,https://www.noblepredictiveinsights.com/post/katie-hobbs-leads-andy-biggs-in-the-grand-canyon-state,Katie Hobbs,46.18,Andy Biggs,32.34,13.839999999999996,FALSE
78116768-a659-4c6e-aa38-e2a3621ec6d5,944437aa-eb38-4260-9b99-dc5186f852a4,AZ,NA,NA,Governor,Stealth Analytics,NA,NA,lv,530,2026-08-11,2026-08-13,NA,general,https://www.stealth-analytics.com/dispatches/az-general-lv-statewide-august-2026,Katie Hobbs,43,Andy Biggs,38,5,FALSE
f01a4332-904d-42e0-b55f-3afddcfc1dca,22587488-4954-4204-a4c8-ea552a196e8a,AZ,NA,NA,Governor,Kreate Strategies,American Encore,REP,lv,900,2026-08-13,2026-08-16,NA,general,https://x.com/AmericanEncore/status/2090601186273731039?s=46,Katie Hobbs,45,Andy Biggs,40,5,TRUE
deb79ed4-2867-4160-9fc4-77cc603c7e7c,7e949c2d-fb02-4587-b64e-17cdc790a4ad,AZ,NA,NA,Governor,Quantus Insights,NA,NA,lv,780,2026-08-14,2026-08-17,NA,general,https://quantusinsights.org/f/arizona-2026-hobbs-holds-the-edge,Katie Hobbs,49.1,Andy Biggs,43.2,5.899999999999999,FALSE
6011f7bb-095a-47aa-8d32-1ba4ba452d58,27d2d683-d11a-4781-bc05-4df0cf324296,AZ,NA,NA,Governor,HighGround,NA,NA,lv,400,2026-08-15,2026-08-18,NA,general,https://azhighground.com/hobbs-builds-double-digit-lead-in-arizona/,Katie Hobbs,49.5,Andy Biggs,34.3,15.200000000000003,FALSE
e986092c-0518-46da-811c-5dc6931a4c82,95012dd1-6f84-4328-ab95-943cbe8c7cb5,AZ,NA,NA,Governor,NextGenP,NA,NA,rv,1378,2026-08-17,2026-08-19,NA,general,https://nxtgenp.com/post/new-blog-post-6092,Katie Hobbs,39,Andy Biggs,37.5,1.5,FALSE
436fccae-58cd-54b8-badd-65d42e9d9d6e,5f104fc2-0828-490c-ab31-bb97c739d0e4,CA,NA,NA,Governor,University of Southern California/California State University Long Beach Center for Urban Politics and Policy/Cal Poly Pomona,NA,NA,lv,1685,2024-09-12,2024-09-25,NA,primary,https://today.usc.edu/wp-content/uploads/2024/09/California-Elections-and-Policy-Poll-Statewide-Poll-Toplines-and-Crosstabs-FINAL.pdf,Katie Porter,14,Brian Dahle,5.3,8.7,FALSE
92e1386f-c549-43dc-8837-7319e2af46ea,07c550e4-e646-41b6-b67d-3cccb67c8a11,CA,NA,NA,Governor,David Binder Research,NA,DEM,lv,NA,2024-10-10,2024-10-15,NA,primary,https://www.politico.com/newsletters/california-playbook/2024/10/25/rob-bonta-gives-back-72k-in-fraught-campaign-funds-00185460,Eleni Kounalakis,18,John Cox,27,-9,TRUE
235a7e26-dc1f-4c83-ae7a-8eee43d02e8e,12a2ed76-6d8f-4f09-8735-e0b0a0ea307c,CA,NA,NA,Governor,Breakthrough Campaigns,NA,DEM,lv,610,2024-11-22,2024-11-26,NA,primary,https://www.politico.com/newsletters/california-playbook/2024/12/11/katie-porter-joins-the-2026-internal-poll-club-00193698,Katie Porter,21,Steve Garvey,18,3,TRUE
235a7e26-dc1f-4c83-ae7a-8eee43d02e8e,eedbaeea-9be6-48e1-b112-c65aa192efb9,CA,NA,NA,Governor,Breakthrough Campaigns,NA,DEM,lv,618,2024-11-22,2024-11-26,NA,primary,https://www.politico.com/newsletters/california-playbook/2024/12/11/katie-porter-joins-the-2026-internal-poll-club-00193698,Katie Porter,24,Steve Garvey,21,3,TRUE
b8ad3616-222a-5d9f-82a0-ab14aa66098e,041cbc15-a9a1-4b31-bde8-3d02da81c2f8,CA,NA,NA,Governor,Capitol Weekly,NA,NA,rv,1073,2025-02-03,2025-02-05,NA,primary,https://capitolweekly.net/ca-120-dems-in-a-funk-but-harris-and-newsom-could-still-shine/,Katie Porter,26,John Cox,21,5,FALSE
b8ad3616-222a-5d9f-82a0-ab14aa66098e,af926493-25f1-41cd-abd0-433344586630,CA,NA,NA,Governor,Capitol Weekly,NA,NA,rv,692,2025-02-03,2025-02-05,NA,primary,https://capitolweekly.net/ca-120-dems-in-a-funk-but-harris-and-newsom-could-still-shine/,Kamala Harris,23,John Cox,21,2,FALSE
1dcfc561-bb67-49aa-ab72-dff1c05694d6,13accb88-f7c4-4be8-9eda-25430479b09f,CA,NA,NA,Governor,Emerson College,Nexstar,NA,rv,899,2025-04-12,2025-04-14,NA,primary,https://emersoncollegepolling.com/april-2025-california-poll-harris-leads-hypothetical-gubernatorial-primary-50-of-voters-think-she-should-not-run/,Katie Porter,12.4,Chad Bianco,4.3,8.100000000000001,FALSE
1dcfc561-bb67-49aa-ab72-dff1c05694d6,6d180a11-07fa-44d4-9f18-c532c99b856e,CA,NA,NA,Governor,Emerson College,Nexstar,NA,rv,911,2025-04-12,2025-04-14,NA,primary,https://emersoncollegepolling.com/april-2025-california-poll-harris-leads-hypothetical-gubernatorial-primary-50-of-voters-think-she-should-not-run/,Kamala Harris,31.2,Chad Bianco,4.2,27,FALSE
6880eab7-d90c-4ea0-818f-9cc5a4fd65b3,a1ad2d01-4604-40a2-a51d-3697b0f59e20,CA,NA,NA,Governor,Emerson College,NA,NA,rv,1000,2025-08-04,2025-08-05,NA,primary,https://emersoncollegepolling.com/california-2026-poll/,Katie Porter,17.6,Steve Hilton,11.8,5.800000000000001,FALSE
20f18f7e-0342-4012-9753-4beb433c1061,6b55d970-3c3c-4d79-9fce-15f2f3f93740,CA,NA,NA,Governor,TrueDot,Politico | UC Berkeley Citrin Center for Public Opinion Research,NA,rv,1445,2025-07-28,2025-08-12,NA,primary,https://www.politico.com/f/?id=00000198-c971-da96-abff-df7d91670000,Katie Porter,21,Chad Bianco,15,6,FALSE
12022122-c8ca-4cc4-a234-98c425790e94,825bd5ac-02b2-4c32-9e81-7e47ad5078b6,CA,NA,NA,Governor,University of California Berkeley Institute of Governmental Studies,Los Angeles Times,NA,rv,4950,2025-08-11,2025-08-17,NA,primary,https://escholarship.org/uc/item/7940z63f,Katie Porter,17,Chad Bianco,10,7,FALSE
b624ee69-f824-482d-a708-7951c3c9832d,cb778af2-63bc-47db-888e-7b3ba460e85d,CA,NA,NA,Governor,John Zogby Strategies,NA,NA,lv,1000,2025-09-07,2025-09-09,NA,primary,https://californiaglobe.com/fr/new-zogby-poll-steve-hilton-leads-republicans-nearly-all-democrats-in-ca-governors-race/,Katie Porter,24.8,Steve Hilton,14.1,10.700000000000001,FALSE
61cc58a1-7d6f-4b23-b416-1aa10a4a7ef3,f52eaa34-0ff2-4bf1-aa6c-fe1c64fda59a,CA,NA,NA,Governor,Evitarus,The California Wellness Foundation,NA,lv,2000,2025-08-28,2025-09-16,NA,primary,https://calmatters.org/health/2025/10/wellness-foundation-gubernatorial-poll/,Katie Porter,21,Chad Bianco,17,4,FALSE
f421efff-0175-4eef-aadb-9fc758d37d49,80b19036-6da3-4db4-9fdb-fc1727937846,CA,NA,NA,Governor,Emerson College,NA,NA,rv,1000,2025-09-15,2025-09-16,NA,primary,https://emersoncollegepolling.com/california-2025-poll-majority-support-proposition-50-in-november-special-election/,Katie Porter,15.8,Steve Hilton,9.9,5.9,FALSE
f421efff-0175-4eef-aadb-9fc758d37d49,99e62ddb-110e-4605-b94b-cd898aca2911,CA,NA,NA,Governor,Emerson College,NA,NA,rv,1000,2025-09-15,2025-09-16,NA,primary,https://emersoncollegepolling.com/california-2025-poll-majority-support-proposition-50-in-november-special-election/,Katie Porter,15.5,Steve Hilton,9.8,5.699999999999999,FALSE
7b88e553-2163-4730-9bde-44e8daa00f0c,94798edd-99a0-44f1-8556-2722ce592168,CA,NA,NA,Governor,Bold Decision,California Chamber of Commerce,NA,lv,1513,2025-10-16,2025-10-21,NA,primary,https://www.politico.com/newsletters/california-playbook-pm/2025/10/30/obamacare-subsidies-california-00630272,Generic Democrat,54,Generic Republican,34,20,FALSE
7b88e553-2163-4730-9bde-44e8daa00f0c,9bdedc8a-5bb2-4fb4-9f36-92439d19afbb,CA,NA,NA,Governor,Bold Decision,California Chamber of Commerce,NA,lv,505,2025-10-16,2025-10-21,NA,primary,https://www.politico.com/newsletters/california-playbook-pm/2025/10/30/obamacare-subsidies-california-00630272,Katie Porter,14,Steve Hilton,16,-2,FALSE
7b88e553-2163-4730-9bde-44e8daa00f0c,dec60f1b-7901-4c7d-9866-2b2763ed3efa,CA,NA,NA,Governor,Bold Decision,California Chamber of Commerce,NA,lv,509,2025-10-16,2025-10-21,NA,primary,https://www.politico.com/newsletters/california-playbook-pm/2025/10/30/obamacare-subsidies-california-00630272,Katie Porter,12,Chad Bianco,14,-2,FALSE
7b88e553-2163-4730-9bde-44e8daa00f0c,f5390379-4a50-436e-ab16-dfc02e95e30d,CA,NA,NA,Governor,Bold Decision,California Chamber of Commerce,NA,lv,499,2025-10-16,2025-10-21,NA,primary,https://www.politico.com/newsletters/california-playbook-pm/2025/10/30/obamacare-subsidies-california-00630272,Alex Padilla,16,Steve Hilton,14,2,FALSE
a63809ab-0f08-45e6-98bd-861a4808f0ad,5dfc6e8c-a4e3-495e-8a72-5eef0e3da389,CA,NA,NA,Governor,Emerson College,NA,NA,lv,900,2025-10-20,2025-10-21,NA,primary,https://emersoncollegepolling.com/california-2025-poll-voters-poised-to-approve-proposition-50-with-57-support/,Katie Porter,14.7,Steve Hilton,15.7,-1,FALSE
00df8093-9146-40be-8c74-6505f654c901,f7cbbea8-5ccb-4ca4-9079-8444684c143a,CA,NA,NA,Governor,University of California Berkeley Institute of Governmental Studies,Los Angeles Times,NA,rv,8141,2025-10-20,2025-10-27,NA,primary,https://escholarship.org/uc/item/8wp3s6qw,Katie Porter,11,Chad Bianco,13,-2,FALSE
02d95e13-86ff-40ec-9cb2-8901cf821ca0,318c9d39-9131-48bc-9877-929eccf0c178,CA,NA,NA,Governor,Tavern Research,NA,DEM,lv,1001,2025-10-27,2025-10-30,NA,primary,https://mailchi.mp/xavierbecerra2026/jh75g2r42d-13840594,Katie Porter,15,Chad Bianco,16,-1,TRUE
fc1e107d-4bcd-48f7-a8d4-08488ea78adb,5d933ad5-1a75-4f88-a955-934a47aa073f,CA,NA,NA,Governor,Public Policy Institute of California,NA,NA,lv,1079,2025-11-13,2025-11-19,NA,primary,https://www.ppic.org/publication/ppic-statewide-survey-californians-and-their-government-december-2025/,Katie Porter,21,Steve Hilton,14,7,FALSE
f23f26ee-570e-4127-89df-50a5c6d6edb5,b8341e6a-add9-466a-b126-92508227e4ba,CA,NA,NA,Governor,Lake Research Partners,NA,DEM,lv,600,2025-11-17,2025-11-20,NA,primary,https://www.tonythurmond.com/_files/ugd/a37828_92b964080c60470195bfc7ccb2fbd760.pdf,Katie Porter,15,Steve Hilton,17,-2,TRUE
c81fc154-6fae-48e7-ac11-2bca12aeaf55,a6b01c59-101d-47fd-ae84-7ebbfc55aa0d,CA,NA,NA,Governor,Emerson College,Inside California Politics,NA,rv,1000,2025-12-01,2025-12-02,NA,primary,https://emersoncollegepolling.com/california-2026-new-poll/,Eric Swalwell,11.5,Chad Bianco,13.3,-1.8000000000000007,FALSE
4029d208-cf00-499e-97e6-9a3769cbdcab,985deef6-3fd9-47d0-9b16-325231a35565,CA,NA,NA,Governor,FM3 Research,California Issues Forum,NA,lv,821,2025-11-30,2025-12-07,NA,primary,https://www.politico.com/newsletters/california-playbook/2025/12/17/meet-the-crypto-billionaire-hedging-his-bets-for-governor-00694484,Eric Swalwell,17,Steve Hilton,18,-1,FALSE
fcc09af5-1204-4767-b218-4fd18fe57d2e,4e4688b6-70ae-42fe-86c2-8b4c1a858844,CA,NA,NA,Governor,CivicLens Research,NA,NA,lv,400,2025-12-14,2025-12-16,NA,primary,https://x.com/CivicLensData/status/2001756345486446747,Eric Swalwell,12.2,Steve Hilton,17.8,-5.600000000000001,FALSE
2a2f6a15-84e3-421f-90fa-d569452576ca,b4853acd-9e26-4bd9-9e0d-4f567189fb14,CA,NA,NA,Governor,David Binder Research,California Environmental Voters,DEM,lv,800,2026-01-17,2026-01-20,NA,primary,https://www.politico.com/newsletters/california-climate/2026/01/27/trump-and-newsoms-tug-of-water-00751296,Eric Swalwell,11,Chad Bianco,17,-6,TRUE
14f7287d-78a3-43ab-a043-a2dd6ba6e376,8ca85549-a8a1-49d0-97e6-dd710dc699ba,CA,NA,NA,Governor,Public Policy Polling,NA,DEM,rv,1001,2026-01-20,2026-01-21,NA,primary,https://www.politico.com/newsletters/california-playbook/2026/01/23/ambition-overload-and-musical-chairs-00743326?nname=california-playbook&nid=00000150-384f-da43-aff2-bf7fd35a0000&nrid=67f2b64a-7464-4f91-82cd-6bfa9effa8ba,Katie Porter,14,Chad Bianco,18,-4,TRUE
fb8a2830-9464-4941-9793-6aed65a9641a,6b001ebb-f21d-47b3-87b0-55d40e3d1036,CA,NA,NA,Governor,Tulchin Research,NA,DEM,lv,1000,2026-01-22,2026-01-28,NA,primary,https://static1.squarespace.com/static/668c9f0afffd20523acfcc94/t/69a76d2047c9894cd8a33d88/1772580204926/Polling+Memo?utm_campaign=36387909-%5BNJ%5D%202026%20Wake%20Up%20Call&utm_medium=email&_hsenc=p2ANqtz-8qEYQTcli5KsAD_eVOBoy70LL38mEF_x9XllagM0FsOvsaOvnuUXNocXE7TTmorZ6idZKBIyGcEVsgxjdWbsy6KoChHKYJ9FARGmcDIvMPqW_Ej1M&_hsmi=406889750&utm_content=406889750&utm_source=hs_email,Eric Swalwell,14,Chad Bianco,15,-1,TRUE
bdf79010-e670-4d14-8c98-cf6aa91d2130,7b859b78-ffe0-498c-b043-86e032e63be0,CA,NA,NA,Governor,RBI Strategies & Research,AFSCME Local 101,NA,lv,800,2026-01-25,2026-01-29,NA,primary,https://www.politico.com/newsletters/california-playbook/2026/02/13/newsoms-mission-in-munich-00779934,Eric Swalwell,14,Steve Hilton,16,-2,FALSE
74fca07d-43ae-4ea6-a730-b3d6e1982e47,f67528ed-9ffb-4f6b-862e-38dfcbf10364,CA,NA,NA,Governor,J. Wallin Opinion Research,NA,REP,rv,1000,2026-01-29,2026-02-01,NA,primary,https://weeklyvoice.com/new-poll-shows-newcomer-jon-slavet-a-solid-contender-in-race-for-california-governor/,Tom Steyer,12,Steve Hilton,14,-2,TRUE
e2d548a0-45f7-4ae6-8ad8-173a93cab169,479d5a48-a88f-4901-9772-563cd24138e2,CA,NA,NA,Governor,Global Strategy Group,NA,DEM,lv,NA,2026-01-29,2026-02-03,NA,primary,https://x.com/paulmitche11/status/2029964564348182853,Eric Swalwell,14,Chad Bianco,18,-4,TRUE
bb4fe4df-131e-48f3-a788-45ad92d386ad,94ea7100-e0de-48ab-a2c2-fb6386ec1953,CA,NA,NA,Governor,EMC Research,NA,DEM,lv,1400,2026-01-29,2026-02-04,NA,primary,https://www.politico.com/newsletters/california-playbook/2026/02/09/la-gets-its-own-zohran-kinda-00771024,Eric Swalwell,18,Chad Bianco,21,-3,TRUE
77876935-58d4-4080-9db7-3e27bf3aea62,e7fdd1d0-8e10-447e-a013-e2aa20d12b35,CA,NA,NA,Governor,Tavern Research,NA,DEM,lv,1097,2026-02-02,2026-02-05,NA,primary,https://mailchi.mp/xavierbecerra2026/jh75g2r42d-13842607?e=753d5844dd,Eric Swalwell,10,Chad Bianco,20,-10,TRUE
34255720-cb30-4dac-ab01-0d037beec1d3,018363fe-3b5c-4e55-9557-e3bcbc0f13d8,CA,NA,NA,Governor,Public Policy Institute of California,NA,NA,lv,1049,2026-02-03,2026-02-11,NA,primary,https://www.ppic.org/?show-pdf=true&docraptor=true&url=https%3A%2F%2Fwww.ppic.org%2Fpublication%2Fppic-statewide-survey-californians-and-their-government-february-2026%2F,Katie Porter,13,Steve Hilton,14,-1,FALSE
43c4b4e7-ba16-4d96-b644-3acd5b496e03,ca98420d-7a46-4873-9532-4bfa581f1ef9,CA,NA,NA,Governor,Emerson College,Inside California Politics | Nexstar,NA,lv,1000,2026-02-13,2026-02-14,NA,primary,https://emersoncollegepolling.com/california-2026-poll-hilton-swalwell-bianco-lead-nonpartisan-primary-for-governor/,Eric Swalwell,14.1,Steve Hilton,17.1,-3.0000000000000018,FALSE
3022543d-5bdf-4ae4-9d6f-fa2ab193ca7b,d68a66cf-1694-49d5-b329-c1338a2b456d,CA,NA,NA,Governor,IVC Media,Independent Voter Project,NA,rv,868,2026-02-13,2026-02-20,NA,primary,https://ivn.us/posts/new-ivp-2026-california-governor-poll-what-the-toplines-dont-tell-you-2026-02-23,Eric Swalwell,17.89,Chad Bianco,23.29,-5.399999999999999,FALSE
d3af039f-6c5f-4da3-b939-8fe27e67a451,6c2379e3-cd98-4a35-bf8c-6e028216b82b,CA,NA,NA,Governor,Global Strategy Group,NA,DEM,lv,1340,2026-02-27,2026-03-02,NA,primary,https://x.com/paulmitche11/status/2029964564348182853?s=20,Tom Steyer,16,Steve Hilton,20,-4,TRUE
2bcd7f81-4339-4164-becb-3112e5e517f8,6b6a5b6f-02fd-4661-9619-79391573a71d,CA,NA,NA,Governor,TrueDot,Politico | UC Berkeley Citrin Center for Public Opinion Research,NA,lv,1004,2026-02-25,2026-03-03,NA,primary,https://www.politico.com/news/2026/03/11/poll-hilton-dems-california-govenor-race-00822123,Tom Steyer,13,Steve Hilton,19,-6,FALSE
353c76e0-01d7-4f4b-87d0-86b19fdfcb89,070b7c25-c790-4735-a57e-34b5748fd4d1,CA,NA,NA,Governor,Emerson College,Inside California Politics | Nexstar,NA,lv,1000,2026-03-07,2026-03-09,NA,primary,https://emersoncollegepolling.com/california-2026-poll-swalwell-takes-lead-in-governor-primary-25-undecided-election-for-la-mayor-wide-open/,Eric Swalwell,17.3,Steve Hilton,13.3,4,FALSE
b87b6908-e543-4d25-b20d-8cd1103276b0,e94facb0-1afe-4d2e-93ae-edcaa3f84e42,CA,NA,NA,Governor,University of California Berkeley Institute of Governmental Studies,Los Angeles Times,NA,lv,3889,2026-03-09,2026-03-15,NA,primary,https://www.latimes.com/california/story/2026-03-18/la-me-pol-2026-election-california-berkeley-poll-governor,Katie Porter,13,Steve Hilton,17,-4,FALSE
20125cfc-a9a7-4665-ab26-f59a68d674fc,152f6165-ec25-4edb-ab15-2a9e00255d0a,CA,NA,NA,Governor,Evitarus,California Democratic Party,DEM,lv,2000,2026-03-12,2026-03-17,NA,primary,https://cadem.org/cadem-chair-rusty-hicks-releases-new-california-voter-index-poll-results/,Tom Steyer,10,Steve Hilton,16,-6,TRUE
89fd82a3-cb61-43af-8470-c59709d6db5a,98ebf6e2-9c98-45e4-bec0-22c2fdc9f121,CA,NA,NA,Governor,Echelon Insights,NA,REP,lv,600,2026-03-12,2026-03-17,NA,primary,https://x.com/TeamSteveHilton/status/2036453610259652785,Eric Swalwell,15,Steve Hilton,20,-5,TRUE
6077a4bb-d92f-4135-aba3-2352931a7de0,28b8c466-6f2d-45c4-809e-a13ebd604a7c,CA,NA,NA,Governor,Kreate Strategies,NA,NA,lv,700,2026-03-23,2026-03-29,NA,primary,https://kstrat.net/press/california-2026-governor-ag-poll,Eric Swalwell,13.38,Steve Hilton,18.67,-5.290000000000001,FALSE
4205d127-4afe-45e2-ba29-e119f49b621f,db18ae23-c8d3-4182-a8e8-70ca9ee5cffc,CA,NA,NA,Governor,Public Policy Institute of California,NA,NA,lv,1003,2026-03-26,2026-04-03,NA,primary,https://www.ppic.org/publication/ppic-statewide-survey-californians-and-education-april-2026/,Eric Swalwell,18,Steve Hilton,17,1,FALSE
e56f9d88-a829-425d-9f2a-3f2db1ec19dd,1f63613b-5fe1-4656-94e9-868c28ffaa28,CA,NA,NA,Governor,Evitarus,California Democratic Party,DEM,lv,1200,2026-03-31,2026-04-05,NA,primary,https://cadem.org/wp-content/uploads/2026/04/4.7.26-CA-Voter-Index-Tracking-Survey-I-Topline.pdf,Eric Swalwell,12,Steve Hilton,14,-2,TRUE
61dad8ce-3082-4146-bef6-5a0eb83e771a,d3846e2e-8608-42b1-83f6-656e43f9ee04,CA,NA,NA,Governor,David Binder Research,Californians for a Fighter | SEIU California,DEM,lv,800,2026-04-01,2026-04-06,NA,primary,https://www.politico.com/newsletters/california-playbook/2026/04/08/eric-swalwell-pushes-back-00863361,Eric Swalwell,18,Steve Hilton,22,-4,TRUE
faddc54f-15e0-422c-883f-bac8a466cf4b,95876972-e65b-40e2-aa7e-1050b78418d1,CA,NA,NA,Governor,SurveyUSA,KGTV-TV (California) | San Diego Union-Tribune,NA,lv,788,2026-04-08,2026-04-10,NA,primary,https://www.surveyusa.com/client/PollReport.aspx?g=ee26505b-573e-4077-bf28-3596b3dd8245,Tom Steyer,21,Steve Hilton,18,3,FALSE
7ab4be6d-b22f-485e-a68b-4ec2e0cac8f9,1a5d5558-b5ab-4c0c-872e-d60e5d2cc1f6,CA,NA,NA,Governor,Emerson College,Inside California Politics | Nexstar,NA,lv,1000,2026-04-14,2026-04-15,NA,primary,https://emersoncollegepolling.com/california-2026-poll-april/,Tom Steyer,14.1,Steve Hilton,16.6,-2.5000000000000018,FALSE
23feabcb-2d05-4f82-b25c-ef0d14fa121d,73721e1c-81c8-4d63-9b87-fc023d6a6235,CA,NA,NA,Governor,Evitarus,California Democratic Party,DEM,lv,1200,2026-04-15,2026-04-17,NA,primary,https://cadem.org/wp-content/uploads/2026/04/4.20.26-CA-Voter-Index-Tracking-Survey-II-Topline.pdf,Tom Steyer,13,Steve Hilton,16,-3,TRUE
358111f5-cb5c-45fb-937a-a8fccea87e70,de456e5c-09e5-40dd-9894-f8887d00689a,CA,NA,NA,Governor,Rodriguez Gudelunas Strategies,California is Not For Sale,NA,lv,800,2026-04-14,2026-04-18,NA,primary,https://www.politico.com/newsletters/california-playbook/2026/04/20/world-cup-stress-test-for-la-00880259?nname=california-playbook&nid=00000150-384f-da43-aff2-bf7fd35a0000&nrid=4d735b47-a8a7-41f4-9c35-277919f359ed,Tom Steyer,15,Steve Hilton,20,-5,FALSE
fe2851ae-ce71-418e-bd4c-8fce65c03f0a,b8e94a90-4346-42b8-94f2-454b736ad69c,CA,NA,NA,Governor,Kreate Strategies,NA,NA,lv,900,2026-04-12,2026-04-18,NA,primary,https://kstrat.net/press/california-2026-governor-affordability-integrity,Tom Steyer,16,Steve Hilton,18,-2,FALSE
4e4fb053-e02e-49ef-92d8-8ce7071c958a,d63e35bc-9a72-44bc-9c6a-00851925ed26,CA,NA,NA,Governor,IVC Media,Independent Voter Project,NA,lv,3404,2026-04-14,2026-04-20,NA,primary,https://ivn.us/posts/breaking-xavier-becerra-bolts-into-first-place-in-ivn-california-governor-poll-2026-04-20,Xavier Becerra,23.03,Steve Hilton,19.7,3.330000000000002,FALSE
2e34a2a1-3b4b-4eaf-8416-2132a95bcdab,520e220e-8281-4b63-873e-e066ef699d62,CA,NA,NA,Governor,EMC Research,CPCA Advocates,DEM,lv,1000,2026-04-21,2026-04-26,NA,primary,https://www.politico.com/newsletters/california-playbook/2026/04/29/the-pile-on-that-wasnt-00897956,Xavier Becerra,21,Steve Hilton,20,1,TRUE
07204508-2578-4bf5-b27a-9b8ec88017db,a8b0bb04-f877-4c8f-ba8f-736f786931b9,CA,NA,NA,Governor,Rodriguez Gudelunas Strategies,California is Not For Sale,NA,lv,800,2026-04-23,2026-04-27,NA,primary,https://www.politico.com/newsletters/california-playbook/2026/04/30/alex-padilla-on-the-voting-rights-act-hit-00899593?nname=california-playbook&nid=00000150-384f-da43-aff2-bf7fd35a0000&nrid=4d735b47-a8a7-41f4-9c35-277919f359ed,Xavier Becerra,24,Steve Hilton,23,1,FALSE
afba3b24-dfb9-4a58-a535-d62e0e36e70a,e09674c8-a1b6-4ce4-8007-491bc4cca170,CA,NA,NA,Governor,YouGov,CBS News,NA,lv,1421,2026-04-23,2026-04-27,NA,primary,https://www.cbsnews.com/news/california-governors-race-primary-voters-opinion-poll-2026-04-27/,Tom Steyer,15,Steve Hilton,16,-1,FALSE
3da57142-b28c-4ba6-bd22-ed1acd684d0a,4b823beb-3bf5-4336-acf3-d791f2db630d,CA,NA,NA,Governor,SurveyUSA,KGTV-TV (California) | San Diego Union-Tribune,NA,lv,991,2026-04-28,2026-05-01,NA,primary,https://www.surveyusa.com/client/PollReport.aspx?g=96545522-4f1f-42ab-a5ad-85cb4ba66292,Tom Steyer,18,Steve Hilton,20,-2,FALSE
b3379534-9838-430f-a03e-6a4062c0a4f9,977e4215-a914-4eea-b64e-fecdf4ed9cfb,CA,NA,NA,Governor,Evitarus,California Democratic Party,DEM,lv,1200,2026-04-30,2026-05-02,NA,primary,https://cadem.org/california-democratic-party-releases-new-california-voter-index-tracking-survey/,Xavier Becerra,18,Steve Hilton,18,0,TRUE
3a12f5a9-0c37-4e66-bea5-e9f1abf8bea1,3b041a9e-d404-473e-9bcc-549f25a0961c,CA,NA,NA,Governor,Impact Research,NA,DEM,lv,900,2026-04-28,2026-05-03,NA,primary,https://www.the-downballot.com/p/morning-digest-new-gop-map-dismembers,Xavier Becerra,23,Steve Hilton,23,0,TRUE
95b88159-bba7-4e6d-a70b-24f6935e6ace,8698b182-c5ef-4148-9414-0f69bad6e690,CA,NA,NA,Governor,Mellman Group,California Back to Basics,DEM,lv,600,2026-05-03,2026-05-06,NA,primary,https://www.politico.com/newsletters/california-playbook/2026/05/08/why-becerra-is-welcome-in-newsoms-orbit-00911150,Xavier Becerra,20,Steve Hilton,20,0,TRUE
a45a2017-c6b9-4563-9270-51a6e63b30d3,dfa1b572-fe2d-403f-9ac4-e805f4c17c00,CA,NA,NA,Governor,Kreate Strategies,NA,NA,lv,900,2026-05-05,2026-05-09,NA,primary,https://kstrat.net/press/california-2026-governor-may-economic-trust,Xavier Becerra,20,Steve Hilton,22,-2,FALSE
a2280d45-456f-4612-a595-430dd52a604c,181e3847-bd61-48e8-ab9d-2cba0109eab5,CA,NA,NA,Governor,Emerson College,Inside California Politics | Nexstar,NA,lv,1000,2026-05-09,2026-05-10,NA,primary,https://emersoncollegepolling.com/california-2026-poll-becerra-continues-to-surge-steyer-and-hilton-compete-for-second-spot/,Xavier Becerra,20.3,Steve Hilton,17.7,2.6000000000000014,FALSE
3c641840-d37a-4412-91b7-6221a89cba84,6fa7b7f9-ebfc-40b3-bd99-307507363acd,CA,NA,NA,Governor,Evitarus,California Democratic Party,DEM,lv,1200,2026-05-14,2026-05-16,NA,primary,https://cadem.org/wp-content/uploads/2026/05/5.19.26-FINAL-CA-Voter-Index-Tracking-Survey-IV-Topline.pdf,Xavier Becerra,21,Steve Hilton,22,-1,TRUE
a9852833-806d-451d-a019-23dff30134b1,ee852bc3-1cba-4d5f-92f6-f8cc1ddde8bd,CA,NA,NA,Governor,Public Policy Institute of California,NA,NA,lv,983,2026-05-14,2026-05-18,NA,primary,https://www.ppic.org/press-release/becerra-hilton-lead-governors-race-majority-back-billionaire-wealth-tax/,Xavier Becerra,23,Steve Hilton,20,3,FALSE
4d9f2fda-36cf-4438-83d8-1f088f515ac4,9682858a-3040-4830-97a6-e9ed83f869fc,CA,NA,NA,Governor,Global Strategy Group,NA,DEM,lv,1050,2026-05-18,2026-05-21,NA,primary,https://www.tomsteyer.com/press/new-poll-steyer-tied-with-becerra-in-dead-heat-for-top-two-spot,Xavier Becerra,19,Steve Hilton,22,-3,TRUE
f31e2ed3-9d75-40fd-98a2-f01eebab4341,9a67c906-354e-4303-8c21-3c62cf67a5c2,CA,NA,NA,Governor,Echelon Insights,NA,REP,lv,NA,2026-05-18,2026-05-21,NA,primary,https://x.com/SteveHiltonx/status/2057939095247024178,Tom Steyer,18,Steve Hilton,25,-7,TRUE
ef4b0770-080f-41bc-8455-d0406e8a13e9,5b81f470-5e24-4d81-999a-b2e4beaeb783,CA,NA,NA,Governor,University of California Berkeley Institute of Governmental Studies,Los Angeles Times,NA,lv,5472,2026-05-19,2026-05-24,NA,primary,https://www.latimes.com/california/story/2026-05-28/poll-shows-bass-raman-pratt-in-tight-race-for-mayor,Xavier Becerra,25,Steve Hilton,21,4,FALSE
ef4b0770-080f-41bc-8455-d0406e8a13e9,68c413c2-56f2-4620-ac4e-743511176ec0,CA,NA,NA,Governor,University of California Berkeley Institute of Governmental Studies,Los Angeles Times,NA,rv,8578,2026-05-19,2026-05-24,NA,general,https://www.latimes.com/california/story/2026-05-28/poll-shows-bass-raman-pratt-in-tight-race-for-mayor,Xavier Becerra,52,Steve Hilton,31,21,FALSE
1ca5915e-9c60-4f3d-89e9-7785ea4e5ee8,11f866e7-caf9-4747-891b-5132bae2043a,CA,NA,NA,Governor,University of Southern California/California State University Long Beach Center for Urban Politics and Policy/Cal Poly Pomona,NA,NA,lv,735,2026-05-23,2026-05-26,NA,general,https://www.politico.com/newsletters/california-playbook/2026/06/01/unbending-becerra-and-the-primarys-bitter-close-00943970,Tom Steyer,55,Steve Hilton,34,21,FALSE
1ca5915e-9c60-4f3d-89e9-7785ea4e5ee8,6556665a-f351-4d3a-b5cf-c87afd16c7c2,CA,NA,NA,Governor,University of Southern California/California State University Long Beach Center for Urban Politics and Policy/Cal Poly Pomona,NA,NA,lv,735,2026-05-23,2026-05-26,NA,general,https://www.politico.com/newsletters/california-playbook/2026/06/01/unbending-becerra-and-the-primarys-bitter-close-00943970,Xavier Becerra,58,Steve Hilton,35,23,FALSE
1ca5915e-9c60-4f3d-89e9-7785ea4e5ee8,a6fdf3c8-bd17-42fe-aa54-ee4f1704e037,CA,NA,NA,Governor,University of Southern California/California State University Long Beach Center for Urban Politics and Policy/Cal Poly Pomona,NA,NA,lv,735,2026-05-23,2026-05-26,NA,primary,https://www.politico.com/newsletters/california-playbook/2026/06/01/unbending-becerra-and-the-primarys-bitter-close-00943970,Xavier Becerra,29,Steve Hilton,23,6,FALSE
12613655-8348-4097-98b7-7e526284e17f,b2b3521a-fa3e-4c03-99ce-5a5d355b8e26,CA,NA,NA,Governor,David Binder Research,California is Not For Sale,NA,lv,565,2026-05-26,2026-05-27,NA,primary,https://www.politico.com/newsletters/california-playbook/2026/05/29/can-tmz-make-a-mayor-00942218,Xavier Becerra,26,Steve Hilton,27,-1,FALSE
cb0ff3be-362e-4478-96ce-029f4246708d,c7033381-d826-4ce0-a236-bde6810ae2d6,CA,NA,NA,Governor,Kreate Strategies,NA,NA,lv,900,2026-05-23,2026-05-27,NA,primary,https://kstrat.net/press/california-2026-governor-becerra-leads-hilton,Xavier Becerra,27,Steve Hilton,26,1,FALSE
404f5747-1744-4a99-8378-183a1b5a8c04,6a9cead3-5b17-4479-bb2c-2a3e62301427,CA,NA,NA,Governor,Emerson College,Inside California Politics,NA,lv,1000,2026-05-27,2026-05-28,NA,primary,https://emersoncollegepolling.com/california-2026-poll-becerra-leads-steyer-and-hilton-toss-up-for-second-spot/,Xavier Becerra,28.4,Steve Hilton,22.5,5.899999999999999,FALSE
c6dc906e-5ac7-42d7-a36c-c397dd1f4379,8e3077bb-af76-4320-8ba5-4f32b8e36ba6,CA,NA,NA,Governor,Public Policy Polling,NA,DEM,lv,686,2026-05-27,2026-05-28,NA,primary,https://www.tomsteyer.com/press/new-poll-steyer-surges-to-first-place-in-california,Tom Steyer,21,Steve Hilton,20,1,TRUE
fc8b0e48-5312-404a-aa6c-fb15916aa087,2f71237f-44e3-469b-b0e5-941c75018d3c,CA,NA,NA,Governor,McLaughlin & Associates,California Post,NA,lv,800,2026-05-26,2026-05-28,NA,primary,https://nypost.com/2026/05/29/us-news/steve-hilton-tom-steyer-tied-despite-billionaires-200m-in-campaign-spending/,Tom Steyer,25,Steve Hilton,25,0,FALSE
b37ca780-2069-4517-8505-e6aa387e0c95,a965e5a6-4265-4bbf-be34-229c6a0761d3,CA,NA,NA,Governor,SurveyUSA,KGTV-TV (California) | San Diego Union-Tribune,NA,lv,1124,2026-05-28,2026-05-31,NA,primary,https://www.surveyusa.com/client/PollReport.aspx?g=3c9babf2-0a2b-4202-8c21-46739768c13c,Tom Steyer,20,Steve Hilton,20,0,FALSE
dcd15a6d-fa87-4fdc-9b8d-6950782e9970,fa480a19-57d6-4f1e-8cd1-06544ab72370,CA,NA,NA,Governor,Kreate Strategies,NA,NA,rv,900,2026-06-13,2026-06-17,NA,general,https://kstrat.net/press/california-2026-governor-becerra-leads-hilton-june,Xavier Becerra,58,Steve Hilton,33,25,FALSE
b2d69b28-af24-46e1-948f-3c5768cd0e60,ebd615dd-7224-4c37-82a7-40e2fbaaadd4,CA,NA,NA,Governor,Public Policy Institute of California,NA,NA,lv,1003,2026-06-29,2026-07-06,NA,general,https://www.ppic.org/publication/ppic-statewide-survey-californians-and-the-environment-july-2026/,Xavier Becerra,61,Steve Hilton,36,25,FALSE
9ec8f9e0-b21c-489b-b5d0-1f4edb3bb4a7,6f2762b1-a86d-4cb9-b223-1022ec48ae0a,CA,NA,NA,Governor,University of California Berkeley Institute of Governmental Studies,Los Angeles Times,NA,lv,2310,2026-08-03,2026-08-09,NA,general,https://www.latimes.com/california/story/2026-08-13/becerra-holds-strong-lead-over-hilton-in-race-for-california-governor-poll,Xavier Becerra,55,Steve Hilton,37,18,FALSE
72f46cc2-141a-47e7-b66a-133b23522b1c,d8a085ef-e88f-4546-9e7f-d44d3474fa92,CA,NA,NA,Governor,Public Policy Institute of California,NA,NA,lv,1098,2026-09-04,2026-09-10,NA,general,https://www.ppic.org/publication/ppic-statewide-survey-californians-and-their-government-september-2026/,Xavier Becerra,60,Steve Hilton,38,22,FALSE
8c916fa9-4a12-4e70-95fd-2fdd56b7e545,ab6a8252-ea37-479f-b8b8-f57dcff90155,CO,NA,NA,Governor,Magellan Strategies,NA,NA,rv,1136,2025-07-30,2025-08-12,NA,general,https://magellanstrategies.com/colorado-2025-voter-opinion-survey/#elementor-toc__heading-anchor-11,Generic Democrat,50.1,Generic Republican,37.8,12.300000000000004,FALSE
748f1fff-2f81-4cca-a789-071e7ab88c52,a4ac6f91-3dd0-48ac-9172-f1452be208fc,CT,NA,NA,Governor,OnMessage Inc.,NA,REP,lv,600,2025-08-11,2025-08-14,NA,general,https://www.wtnh.com/news/connecticut/strategists-weigh-in-on-connecticut-gubernatorial-survey/,Ned Lamont,50,Erin Stewart,42,8,TRUE
d51bef7e-c180-471e-b007-4b52ed80f222,e64a58a3-3715-4f54-b7a1-56b8cff65b07,CT,NA,NA,Governor,University of New Hampshire,NA,NA,lv,821,2026-06-18,2026-06-23,NA,general,https://scholars.unh.edu/survey_center_polls/972/,Ned Lamont,49,Ryan Fazio,36,13,FALSE
e19f0e43-ea26-4328-9f7f-560f0a907d2f,6399a5f1-d0b4-46a0-a19a-1dcfd4e22b82,CT,NA,NA,Governor,GreatBlue Research,Connecticut Insider | Sacred Heart University Institute for Public Policy and Civic Engagement | WFSB,NA,rv,1000,2026-07-21,2026-07-26,NA,general,https://www.wfsb.com/2026/08/03/exclusive-poll-how-voters-feel-about-candidates-connecticuts-race-governor/,Josh Elliott,44,Ryan Fazio,29.6,14.399999999999999,FALSE
e19f0e43-ea26-4328-9f7f-560f0a907d2f,e279fe3a-0776-4147-8fa4-2603516dd3c6,CT,NA,NA,Governor,GreatBlue Research,Connecticut Insider | Sacred Heart University Institute for Public Policy and Civic Engagement | WFSB,NA,lv,NA,2026-07-21,2026-07-26,NA,general,https://www.wfsb.com/2026/08/03/exclusive-poll-how-voters-feel-about-candidates-connecticuts-race-governor/,Josh Elliott,48.8,Ryan Fazio,34.3,14.5,FALSE
e19f0e43-ea26-4328-9f7f-560f0a907d2f,eb631a2a-6cfc-4cd6-97c2-eac125841523,CT,NA,NA,Governor,GreatBlue Research,Connecticut Insider | Sacred Heart University Institute for Public Policy and Civic Engagement | WFSB,NA,rv,1000,2026-07-21,2026-07-26,NA,general,https://www.wfsb.com/2026/08/03/exclusive-poll-how-voters-feel-about-candidates-connecticuts-race-governor/,Ned Lamont,49.7,Ryan Fazio,29.5,20.200000000000003,FALSE
e19f0e43-ea26-4328-9f7f-560f0a907d2f,eb95f194-82d0-4027-8f7f-8d27b805383f,CT,NA,NA,Governor,GreatBlue Research,Connecticut Insider | Sacred Heart University Institute for Public Policy and Civic Engagement | WFSB,NA,lv,NA,2026-07-21,2026-07-26,NA,general,https://www.wfsb.com/2026/08/03/exclusive-poll-how-voters-feel-about-candidates-connecticuts-race-governor/,Ned Lamont,54.8,Ryan Fazio,32.7,22.099999999999994,FALSE
79198593-335c-4d1f-91d5-480874558622,6d7f6056-e3c9-43ae-bbcd-636daf642b33,CT,NA,NA,Governor,University of New Hampshire,NA,NA,lv,803,2026-08-20,2026-08-24,NA,general,https://scholars.unh.edu/survey_center_polls/994/,Ned Lamont,52,Ryan Fazio,37,15,FALSE
f1a76628-8188-4f82-b3de-88688c6afea3,2fdb7948-d0eb-4f38-9e47-80ccd461e218,CT,NA,NA,Governor,GreatBlue Research,Connecticut Insider | Sacred Heart University Institute for Public Policy and Civic Engagement,NA,rv,1000,2026-09-01,2026-09-08,NA,general,https://s3.documentcloud.org/documents/28617367/shu-ct-gubernatorial-race-poll-91426.pdf,Ned Lamont,52.2,Ryan Fazio,36.5,15.700000000000003,FALSE
322216bb-f5ed-4b6b-aaff-a80a2c509f2e,2f78408b-8b30-48e0-a58b-54dedb141563,CT,NA,NA,Governor,Quinnipiac University,NA,NA,lv,1288,2026-09-08,2026-09-14,NA,general,https://poll.qu.edu/poll-release?releaseid=3966,Ned Lamont,55,Ryan Fazio,38,17,FALSE
8abdc9e2-d67b-5b7c-aeea-0983a667b415,d9c2445a-0c64-4091-aebb-df127dca2d86,FL,NA,NA,Governor,Cygnal Political,NA,NA,lv,600,2024-10-26,2024-10-28,NA,general,https://www.cygn.al/florida-poll-death-knell-for-democrats-among-hispanics-trump-captures-more-than-half-leads-harris-among-puerto-ricans-scott-in-solid-position/,Generic Democrat,40.9,Generic Republican,48.1,-7.200000000000003,FALSE
8ba070e8-794b-4e22-b62b-396576ec6d94,0cee0090-e112-46c1-a1e6-243b6bc1d701,FL,NA,NA,Governor,Targoz Market Research,James Madison Institute,NA,rv,1153,2025-05-05,2025-05-07,NA,general,https://jamesmadison.org/the-james-madison-institute-releases-latest-statewide-poll-of-florida-voters/,Daniella Levine Cava,34,Byron Donalds,38,-4,FALSE
8ba070e8-794b-4e22-b62b-396576ec6d94,1de78332-11af-48ec-ba75-f44193046694,FL,NA,NA,Governor,Targoz Market Research,James Madison Institute,NA,rv,1144,2025-05-05,2025-05-07,NA,general,https://jamesmadison.org/the-james-madison-institute-releases-latest-statewide-poll-of-florida-voters/,Daniella Levine Cava,35,Casey DeSantis,39,-4,FALSE
b0a26e46-dc11-47cd-9343-71a417d661e7,80bd8b2d-9e72-456d-8744-97036c4270e4,FL,NA,NA,Governor,Victory Insights,NA,NA,lv,600,2025-06-07,2025-06-10,NA,general,https://irp.cdn-website.com/07e08705/files/uploaded/PollSummary_FL-Gov_06-11-2025.pdf,David Jolly,31.4,Byron Donalds,36.7,-5.300000000000004,FALSE
741611b9-5f7f-41cc-ad74-566576a2b38d,6dca0c7c-ba88-4121-a7f9-960031fbcb96,FL,NA,NA,Governor,McLaughlin & Associates,Associated Industries of Florida,NA,lv,800,2025-08-25,2025-08-27,NA,general,https://floridapolitics.com/archives/755696-new-poll-shows-byron-donalds-with-8-point-edge-on-david-jolly/,David Jolly,41,Byron Donalds,49,-8,FALSE
8072964e-4690-4b85-8f27-71cd113f3ec8,a8a43acc-3466-4984-a092-80278c078a23,FL,NA,NA,Governor,Cygnal Political,Conservatives for Clean Energy,REP,lv,1000,2025-08-25,2025-08-27,NA,general,https://cleanenergyconservatives.com/wp-content/uploads/2019/02/232432-CEN-FL.pdf#page=11,Generic Democrat,38,Generic Republican,50.6,-12.600000000000001,TRUE
3a7cb664-86d2-4f50-8a18-0b59eaf4b042,64ee36cd-694d-4e94-b2a6-416f984d614d,FL,NA,NA,Governor,Bendixen & Amandi International,NA,DEM,lv,631,2025-09-07,2025-09-09,NA,general,https://x.com/JuliaManch/status/1965840731484139896/photo/1,David Jolly,41,Byron Donalds,40,1,TRUE
3a7cb664-86d2-4f50-8a18-0b59eaf4b042,6f959b64-1505-444a-ad4b-38b3840f9fb6,FL,NA,NA,Governor,Bendixen & Amandi International,NA,DEM,lv,631,2025-09-07,2025-09-09,NA,general,https://x.com/JuliaManch/status/1965840731484139896/photo/1,David Jolly,40,Paul Renner,42,-2,TRUE
6ec1fd19-7b62-4dce-bcd4-747ad71317e5,60bfb61e-73e2-4a77-bea7-db8e7e29fd92,FL,NA,NA,Governor,Targoz Market Research,James Madison Institute,NA,rv,1123,2025-09-16,2025-09-18,NA,general,https://jamesmadison.org/the-james-madison-institute-releases-latest-jmi-poll-of-florida-voters/,David Jolly,33,Paul Renner,34,-1,FALSE
6ec1fd19-7b62-4dce-bcd4-747ad71317e5,c1a08bae-1bbd-462c-8bf6-9ad7055dc0db,FL,NA,NA,Governor,Targoz Market Research,James Madison Institute,NA,rv,1118,2025-09-16,2025-09-18,NA,general,https://jamesmadison.org/the-james-madison-institute-releases-latest-jmi-poll-of-florida-voters/,David Jolly,32,Byron Donalds,36,-4,FALSE
20d8d9f1-7024-43b0-8013-fb723d409219,6f3ee713-7693-4f34-879d-335f1033901e,FL,NA,NA,U.S. Senate,The Tyson Group,Plymouth Union Public Advocacy,NA,lv,800,2025-10-01,2025-10-03,NA,general,https://pup-advocacy.com/news/polling-memo/moodys-position-on-the-enhanced-premium-tax-credits-will-have-key-impact-on-senate-race/,Jennifer Jenkins,37,Ashley Moody,44,-7,FALSE
85470c38-3966-469e-b79c-0d6aa57b08b8,a627d659-8071-448a-bc3e-d029a5b08cb6,FL,NA,NA,U.S. Senate,University of North Florida,Florida Watch,DEM,lv,728,2025-10-15,2025-10-25,NA,general,https://www.unfporl.org/uploads/1/4/4/5/144559024/unf_porl_fall_statewide_2025_lv_-_press_release.pdf,Jennifer Jenkins,38,Ashley Moody,49,-11,TRUE
85470c38-3966-469e-b79c-0d6aa57b08b8,5a6a6d8d-fc99-4375-a078-76145b263dd0,FL,NA,NA,Governor,University of North Florida,Florida Watch,DEM,lv,728,2025-10-15,2025-10-25,NA,general,https://www.unfporl.org/uploads/1/4/4/5/144559024/unf_porl_fall_statewide_2025_lv_-_press_release.pdf,Jerry Demings,33,Byron Donalds,45,-12,TRUE
85470c38-3966-469e-b79c-0d6aa57b08b8,66772c56-8f31-4b7f-a69b-555816e63721,FL,NA,NA,Governor,University of North Florida,Florida Watch,DEM,lv,728,2025-10-15,2025-10-25,NA,general,https://www.unfporl.org/uploads/1/4/4/5/144559024/unf_porl_fall_statewide_2025_lv_-_press_release.pdf,David Jolly,34,Casey DeSantis,47,-13,TRUE
85470c38-3966-469e-b79c-0d6aa57b08b8,d1c99961-efec-49fd-99de-8df161220c52,FL,NA,NA,Governor,University of North Florida,Florida Watch,DEM,lv,728,2025-10-15,2025-10-25,NA,general,https://www.unfporl.org/uploads/1/4/4/5/144559024/unf_porl_fall_statewide_2025_lv_-_press_release.pdf,Jerry Demings,36,Casey DeSantis,47,-11,TRUE
85470c38-3966-469e-b79c-0d6aa57b08b8,ec9d14fe-3afb-4a0b-86e4-79e3cbe2519b,FL,NA,NA,Governor,University of North Florida,Florida Watch,DEM,lv,728,2025-10-15,2025-10-25,NA,general,https://www.unfporl.org/uploads/1/4/4/5/144559024/unf_porl_fall_statewide_2025_lv_-_press_release.pdf,David Jolly,34,Byron Donalds,45,-11,TRUE
9717bb62-87de-4da2-a173-9d0772e46664,3b78fbd5-c58a-4374-baf8-f64a48d779e9,FL,NA,NA,Governor,Targoz Market Research,James Madison Institute,NA,lv,NA,2026-02-13,2026-02-16,NA,general,https://jamesmadison.org/the-james-madison-institute-releases-latest-jmi-poll-of-florida-voters-2/,David Jolly,36,Byron Donalds,41,-5,FALSE
9717bb62-87de-4da2-a173-9d0772e46664,7c793800-4669-4320-a54e-beed15a1c738,FL,NA,NA,Governor,Targoz Market Research,James Madison Institute,NA,rv,1129,2026-02-13,2026-02-16,NA,general,https://jamesmadison.org/the-james-madison-institute-releases-latest-jmi-poll-of-florida-voters-2/,David Jolly,34,Byron Donalds,36,-2,FALSE
dd707c4b-ee2d-4cbe-8c41-75897ae3d196,041f8bc4-4761-4e4d-b501-0bf195d0a564,FL,NA,NA,Governor,The Public Sentiment Institute,NA,NA,a,200,2026-02-20,2026-02-20,NA,general,https://substack.com/home/post/p-188748831,David Jolly,30.3,James Fishback,31.3,-1,FALSE
dd707c4b-ee2d-4cbe-8c41-75897ae3d196,22708a82-381e-4b75-909d-71766a6bc857,FL,NA,NA,Governor,The Public Sentiment Institute,NA,NA,lv,124,2026-02-20,2026-02-20,NA,general,https://substack.com/home/post/p-188748831,David Jolly,42.3,Byron Donalds,35.8,6.5,FALSE
dd707c4b-ee2d-4cbe-8c41-75897ae3d196,6c1c4d6c-8a31-4d43-9402-a09996356887,FL,NA,NA,Governor,The Public Sentiment Institute,NA,NA,a,200,2026-02-20,2026-02-20,NA,general,https://substack.com/home/post/p-188748831,David Jolly,32.2,Byron Donalds,35.7,-3.5,FALSE
dd707c4b-ee2d-4cbe-8c41-75897ae3d196,8c70441d-a644-4e77-a48a-e6025cd28dc3,FL,NA,NA,Governor,The Public Sentiment Institute,NA,NA,lv,124,2026-02-20,2026-02-20,NA,general,https://substack.com/home/post/p-188748831,David Jolly,40.1,James Fishback,32.9,7.200000000000003,FALSE
dd707c4b-ee2d-4cbe-8c41-75897ae3d196,e11b827d-4d4b-45b3-a8e1-83d5a76db8c4,FL,NA,NA,Governor,The Public Sentiment Institute,NA,NA,rv,183,2026-02-20,2026-02-20,NA,general,https://substack.com/home/post/p-188748831,David Jolly,31.9,James Fishback,31.8,0.09999999999999787,FALSE
dd707c4b-ee2d-4cbe-8c41-75897ae3d196,e17b5a40-8730-495d-be26-07eda356e93f,FL,NA,NA,Governor,The Public Sentiment Institute,NA,NA,rv,183,2026-02-20,2026-02-20,NA,general,https://substack.com/home/post/p-188748831,David Jolly,34,Byron Donalds,36.7,-2.700000000000003,FALSE
72690b9b-5fcd-43cc-9f2e-8b5dd041b889,33e58ba6-71ac-407f-8740-3a71c90da4a1,FL,NA,NA,U.S. Senate,University of North Florida,NA,NA,lv,772,2026-02-21,2026-03-02,NA,general,https://floridapolitics.com/archives/783199-desantis-more-popular-trump-poll/,Alexander Vindman,38,Ashley Moody,45,-7,FALSE
72690b9b-5fcd-43cc-9f2e-8b5dd041b889,c8da8e9c-023d-43a9-8aaa-0f293384fa64,FL,NA,NA,U.S. Senate,University of North Florida,NA,NA,lv,768,2026-02-21,2026-03-02,NA,general,https://floridapolitics.com/archives/783199-desantis-more-popular-trump-poll/,Angie Nixon,38,Ashley Moody,46,-8,FALSE
72690b9b-5fcd-43cc-9f2e-8b5dd041b889,68d6f105-2302-44b4-bda5-e2572090b210,FL,NA,NA,Governor,University of North Florida,NA,NA,lv,776,2026-02-21,2026-03-02,NA,general,https://floridapolitics.com/archives/783199-desantis-more-popular-trump-poll/,David Jolly,36,Byron Donalds,42,-6,FALSE
72690b9b-5fcd-43cc-9f2e-8b5dd041b889,be07d43d-b751-4a83-af74-d882f9349f6e,FL,NA,NA,Governor,University of North Florida,NA,NA,lv,773,2026-02-21,2026-03-02,NA,general,https://floridapolitics.com/archives/783199-desantis-more-popular-trump-poll/,Jerry Demings,36,Byron Donalds,43,-7,FALSE
0c1d5568-d122-4047-b18a-d2ae1f2bc8c1,5dc82ea2-102e-4d9b-9294-5b8b8f21170e,FL,NA,NA,U.S. Senate,Emerson College,NA,NA,lv,1125,2026-03-29,2026-03-31,NA,general,https://emersoncollegepolling.com/florida-2026-poll-donalds-leads-gop-primary-for-governor-republicans-outpace-democrats-in-florida-elections/,Alexander Vindman,38,Ashley Moody,45.9,-7.899999999999999,FALSE
0c1d5568-d122-4047-b18a-d2ae1f2bc8c1,746c97d1-eba9-4ed4-a466-8d54dad8b313,FL,NA,NA,U.S. Senate,Emerson College,NA,NA,lv,1125,2026-03-29,2026-03-31,NA,general,https://emersoncollegepolling.com/florida-2026-poll-donalds-leads-gop-primary-for-governor-republicans-outpace-democrats-in-florida-elections/,Hector Mujica,37.6,Ashley Moody,45.3,-7.699999999999996,FALSE
0c1d5568-d122-4047-b18a-d2ae1f2bc8c1,d0ee150b-1415-41f9-a7e9-002d2014ae36,FL,NA,NA,U.S. Senate,Emerson College,NA,NA,lv,1125,2026-03-29,2026-03-31,NA,general,https://emersoncollegepolling.com/florida-2026-poll-donalds-leads-gop-primary-for-governor-republicans-outpace-democrats-in-florida-elections/,Angie Nixon,36.3,Ashley Moody,47.3,-11,FALSE
0c1d5568-d122-4047-b18a-d2ae1f2bc8c1,04a4bdd6-600d-4ea4-8451-b34c908939a3,FL,NA,NA,Governor,Emerson College,NA,NA,lv,1125,2026-03-29,2026-03-31,NA,general,https://emersoncollegepolling.com/florida-2026-poll-donalds-leads-gop-primary-for-governor-republicans-outpace-democrats-in-florida-elections/,Jerry Demings,36.2,Byron Donalds,45.2,-9,FALSE
0c1d5568-d122-4047-b18a-d2ae1f2bc8c1,5cd8a5d1-f78c-4911-8573-708b8f5be653,FL,NA,NA,Governor,Emerson College,NA,NA,lv,1125,2026-03-29,2026-03-31,NA,general,https://emersoncollegepolling.com/florida-2026-poll-donalds-leads-gop-primary-for-governor-republicans-outpace-democrats-in-florida-elections/,David Jolly,39.6,Casey DeSantis,39,0.6000000000000014,FALSE
0c1d5568-d122-4047-b18a-d2ae1f2bc8c1,7712ba9a-c3a2-4d95-9e69-7315eb5d3d52,FL,NA,NA,Governor,Emerson College,NA,NA,lv,1125,2026-03-29,2026-03-31,NA,general,https://emersoncollegepolling.com/florida-2026-poll-donalds-leads-gop-primary-for-governor-republicans-outpace-democrats-in-florida-elections/,Jerry Demings,39.1,Casey DeSantis,40.9,-1.7999999999999972,FALSE
0c1d5568-d122-4047-b18a-d2ae1f2bc8c1,c59905d1-89b2-44c7-baca-27770127fe33,FL,NA,NA,Governor,Emerson College,NA,NA,lv,1125,2026-03-29,2026-03-31,NA,general,https://emersoncollegepolling.com/florida-2026-poll-donalds-leads-gop-primary-for-governor-republicans-outpace-democrats-in-florida-elections/,David Jolly,39.4,Byron Donalds,44.2,-4.800000000000004,FALSE
6de9b68d-c895-4d9d-ae37-a4a63cc6e7da,47f32d3b-118b-48ee-8c55-ef116ecc0fd0,FL,NA,NA,U.S. Senate,MDW Communications,EDGE Communications,NA,lv,1834,2026-03-27,2026-04-03,NA,general,https://files.constantcontact.com/633ccf07901/581e6534-4e18-43a0-bffb-7cc7221a349a.pdf?rdr=true,Alexander Vindman,42.2,Ashley Moody,43.4,-1.1999999999999957,FALSE
cd9f4a7f-1185-4e27-89ae-9e8998e548b4,cc7b30bb-ba8d-4de4-8890-35bb5b6d84f3,FL,NA,NA,U.S. Senate,Public Policy Polling,NA,DEM,rv,574,2026-04-02,2026-04-03,NA,general,https://floridapolitics.com/archives/789481-alex-vindman-internal-poll-shows-him-within-striking-distance-of-ashley-moody/,Alexander Vindman,40,Ashley Moody,43,-3,TRUE
6de9b68d-c895-4d9d-ae37-a4a63cc6e7da,dc2e43b6-1f60-4ce7-958e-bd61939e3790,FL,NA,NA,Governor,MDW Communications,EDGE Communications,NA,lv,1834,2026-03-27,2026-04-03,NA,general,https://files.constantcontact.com/633ccf07901/581e6534-4e18-43a0-bffb-7cc7221a349a.pdf?rdr=true,David Jolly,40.5,Byron Donalds,41.2,-0.7000000000000028,FALSE
49b05a6f-e105-4f0b-8a6e-a05e9b0bbeae,33384df9-f039-4c7b-a83d-66f042c85e1a,FL,NA,NA,U.S. Senate,Echelon Insights,NetChoice,NA,lv,406,2026-04-03,2026-04-09,NA,general,https://netchoice.org/new-72-of-americans-want-regulators-to-focus-on-lowering-prices-ahead-of-midterms-not-punishing-success/,Alexander Vindman,43,Ashley Moody,50,-7,FALSE
49b05a6f-e105-4f0b-8a6e-a05e9b0bbeae,0f45fdf6-f3cb-4dae-a6a5-57d9aca47b62,FL,NA,NA,Governor,Echelon Insights,NetChoice,NA,lv,406,2026-04-03,2026-04-09,NA,general,https://netchoice.org/new-72-of-americans-want-regulators-to-focus-on-lowering-prices-ahead-of-midterms-not-punishing-success/,Jerry Demings,44,Byron Donalds,48,-4,FALSE
49b05a6f-e105-4f0b-8a6e-a05e9b0bbeae,47cee0a8-72dc-49fb-b25d-2e9c8ccf55e0,FL,NA,NA,Governor,Echelon Insights,NetChoice,NA,lv,406,2026-04-03,2026-04-09,NA,general,https://netchoice.org/new-72-of-americans-want-regulators-to-focus-on-lowering-prices-ahead-of-midterms-not-punishing-success/,David Jolly,43,Byron Donalds,49,-6,FALSE
e0c4d5f9-c97e-4b62-993b-32cda2a43ce8,5614f678-263b-4a6b-abbf-a73b3387b43f,FL,NA,NA,U.S. Senate,Stetson University Center for Public Opinion Research,NA,NA,lv,414,2026-03-25,2026-04-13,NA,general,https://www2.stetson.edu/today/2026/04/stetson-poll-republicans-lead-in-florida-2026-races-but-many-voters-still-undecided/,Angie Nixon,38,Ashley Moody,51,-13,FALSE
e0c4d5f9-c97e-4b62-993b-32cda2a43ce8,a7161be1-fb8c-407c-a9e6-a0e389ccaabb,FL,NA,NA,U.S. Senate,Stetson University Center for Public Opinion Research,NA,NA,lv,434,2026-03-25,2026-04-13,NA,general,https://www2.stetson.edu/today/2026/04/stetson-poll-republicans-lead-in-florida-2026-races-but-many-voters-still-undecided/,Alexander Vindman,42,Ashley Moody,49,-7,FALSE
e0c4d5f9-c97e-4b62-993b-32cda2a43ce8,385b5b73-5189-4dc7-929b-123df272f319,FL,NA,NA,Governor,Stetson University Center for Public Opinion Research,NA,NA,lv,848,2026-03-25,2026-04-13,NA,general,https://www2.stetson.edu/today/2026/04/stetson-poll-republicans-lead-in-florida-2026-races-but-many-voters-still-undecided/,David Jolly,40,Byron Donalds,47,-7,FALSE
e0c4d5f9-c97e-4b62-993b-32cda2a43ce8,a4a8c99d-5a69-4934-a66b-c62fe4bcaad4,FL,NA,NA,Governor,Stetson University Center for Public Opinion Research,NA,NA,lv,848,2026-03-25,2026-04-13,NA,general,https://www2.stetson.edu/today/2026/04/stetson-poll-republicans-lead-in-florida-2026-races-but-many-voters-still-undecided/,Jerry Demings,42,Byron Donalds,46,-4,FALSE
fba38c00-600a-4853-8185-203913c2ab61,67976d67-df82-4948-b47d-19f0b2092d96,FL,NA,NA,U.S. Senate,Cherry Communications,Florida Chamber of Commerce,REP,lv,604,2026-05-01,2026-05-09,NA,general,https://floridapolitics.com/archives/796600-florida-chamber-poll-floridas-republican-tilt-holds-steady/,Alexander Vindman,40,Ashley Moody,48,-8,TRUE
fba38c00-600a-4853-8185-203913c2ab61,53570405-61b9-4c93-8b18-9f538b889cae,FL,NA,NA,Governor,Cherry Communications,Florida Chamber of Commerce,REP,lv,604,2026-05-01,2026-05-09,NA,general,https://floridapolitics.com/archives/796600-florida-chamber-poll-floridas-republican-tilt-holds-steady/,Jerry Demings,39,Byron Donalds,48,-9,TRUE
fba38c00-600a-4853-8185-203913c2ab61,888138b9-b2e3-4999-8966-704493cecbde,FL,NA,NA,Governor,Cherry Communications,Florida Chamber of Commerce,REP,lv,604,2026-05-01,2026-05-09,NA,general,https://floridapolitics.com/archives/796600-florida-chamber-poll-floridas-republican-tilt-holds-steady/,David Jolly,39,Byron Donalds,47,-8,TRUE
d3c0332e-4eb3-40ce-9ca1-23424e5f5d79,59edfcda-3a7c-4e11-bf89-e8ca64fada72,FL,NA,NA,U.S. Senate,Change Research,Freedom Project USA,NA,lv,1593,2026-05-13,2026-05-16,NA,general,https://changeresearch.com/florida-governors-race-may-2026/,Alexander Vindman,47,Ashley Moody,45,2,FALSE
d3c0332e-4eb3-40ce-9ca1-23424e5f5d79,a231e157-877a-4f2d-b81a-c443270caa9f,FL,NA,NA,U.S. Senate,Change Research,Freedom Project USA,NA,rv,2070,2026-05-13,2026-05-16,NA,general,https://changeresearch.com/florida-governors-race-may-2026/,Alexander Vindman,41,Ashley Moody,46,-5,FALSE
d3c0332e-4eb3-40ce-9ca1-23424e5f5d79,2dd6262d-6983-4715-a44a-b64304929e87,FL,NA,NA,Governor,Change Research,Freedom Project USA,NA,rv,2070,2026-05-13,2026-05-16,NA,general,https://changeresearch.com/florida-governors-race-may-2026/,David Jolly,41,Byron Donalds,43,-2,FALSE
d3c0332e-4eb3-40ce-9ca1-23424e5f5d79,5b171429-f254-4312-95ed-89eae7835906,FL,NA,NA,Governor,Change Research,Freedom Project USA,NA,lv,1593,2026-05-13,2026-05-16,NA,general,https://changeresearch.com/florida-governors-race-may-2026/,David Jolly,46,Byron Donalds,42,4,FALSE
82abb093-a035-4baf-8454-9e8414a28e65,289d7288-375d-472b-bda4-23dbe90ccbdf,FL,NA,NA,U.S. Senate,Global Strategy Group,NA,DEM,lv,1000,2026-05-18,2026-05-21,NA,general,https://floridapolitics.com/archives/798776-alex-vindman-campaign-polling-shows-him-within-striking-distance-of-ashley-moody/,Alexander Vindman,43,Ashley Moody,46,-3,TRUE
cf8a97a9-9e76-43b9-9ea5-b8f605a65cc1,fcb1e3e7-76e8-4b51-ae99-3781f654820c,FL,NA,NA,Governor,Kaplan Strategies,NA,NPA,lv,668,2026-06-08,2026-06-09,NA,general,https://www.prnewswire.com/news-releases/new-poll-shows-frank-j-russo-gaining-meaningful-traction-in-florida-governors-race-302800453.html,David Jolly,29.8,Byron Donalds,34.9,-5.099999999999998,TRUE
4d861c8b-85ec-4c48-b202-172e27f1f06d,044baf98-c239-43ce-9271-33d3a7a8458d,FL,NA,NA,U.S. Senate,Change Research,Freedom Project USA,NA,rv,1273,2026-06-11,2026-06-14,NA,general,https://changeresearch.com/wp-content/uploads/2026/06/Florida-June-Poll-Memo.pdf,Alexander Vindman,42,Ashley Moody,46,-4,FALSE
4d861c8b-85ec-4c48-b202-172e27f1f06d,c24d04dd-befe-4ea2-b56e-85b6ed151e12,FL,NA,NA,U.S. Senate,Change Research,Freedom Project USA,NA,lv,1015,2026-06-11,2026-06-14,NA,general,https://changeresearch.com/wp-content/uploads/2026/06/Florida-June-Poll-Memo.pdf,Alexander Vindman,46,Ashley Moody,46,0,FALSE
b7344ec9-d1d2-459e-a5ad-16965b6345e8,8a563a7e-5e38-413e-b8f5-36bac054a7b6,FL,NA,NA,U.S. Senate,University of North Florida,NA,NA,lv,848,2026-07-08,2026-07-17,NA,general,https://floridapolitics.com/archives/808426-unf-poll-jolly-donalds/,Angie Nixon,41.6,Ashley Moody,50,-8.399999999999999,FALSE
b7344ec9-d1d2-459e-a5ad-16965b6345e8,998b3518-be15-4f62-a6de-a2bb5b47e8d6,FL,NA,NA,U.S. Senate,University of North Florida,NA,NA,lv,848,2026-07-08,2026-07-17,NA,general,https://floridapolitics.com/archives/808426-unf-poll-jolly-donalds/,Alexander Vindman,40.2,Ashley Moody,49.9,-9.699999999999996,FALSE
b7344ec9-d1d2-459e-a5ad-16965b6345e8,da4fa778-9192-4136-b4e6-1d362ea389af,FL,NA,NA,Governor,University of North Florida,NA,NA,lv,848,2026-07-08,2026-07-17,NA,general,https://floridapolitics.com/archives/808426-unf-poll-jolly-donalds/,David Jolly,41.4,Byron Donalds,46.1,-4.700000000000003,FALSE
1b4baf18-11eb-44fa-a210-a50b1d646781,27918eae-4fe8-43a4-9abe-bb166d6a2c1b,FL,NA,NA,Governor,Targoz Market Research,James Madison Institute,NA,rv,1332,2026-07-20,2026-07-26,NA,general,https://jamesmadison.org/wp-content/uploads/JMI-July-2026-Marginals.pdf,David Jolly,37,Jay Collins,40,-3,FALSE
1b4baf18-11eb-44fa-a210-a50b1d646781,3d3bf4ca-c5fb-49d6-b345-8cf85fe43904,FL,NA,NA,Governor,Targoz Market Research,James Madison Institute,NA,rv,1338,2026-07-20,2026-07-26,NA,general,https://jamesmadison.org/wp-content/uploads/JMI-July-2026-Marginals.pdf,David Jolly,36,Byron Donalds,40,-4,FALSE
1b4baf18-11eb-44fa-a210-a50b1d646781,520ebc6b-ea25-424c-835a-9174e370dd74,FL,NA,NA,Governor,Targoz Market Research,James Madison Institute,NA,lv,1027,2026-07-20,2026-07-26,NA,general,https://jamesmadison.org/wp-content/uploads/JMI-July-2026-Marginals.pdf,David Jolly,39,Jay Collins,44,-5,FALSE
1b4baf18-11eb-44fa-a210-a50b1d646781,980a0f33-f411-4995-8cb3-bb1999255b1a,FL,NA,NA,Governor,Targoz Market Research,James Madison Institute,NA,lv,1026,2026-07-20,2026-07-26,NA,general,https://jamesmadison.org/wp-content/uploads/JMI-July-2026-Marginals.pdf,David Jolly,38,Byron Donalds,45,-7,FALSE
fa210cd9-793f-41f5-aa99-d4461de47e9b,2af554ff-7c77-4b45-8f6f-51904bccd05f,FL,NA,NA,Governor,Hart Research Associates,Democratic Governors Association,DEM,lv,600,2026-08-10,2026-08-13,NA,general,https://democraticgovernors.org/updates/new-poll-shows-david-jolly-leading-congressman-byron-donalds-in-the-florida-governors-race/,David Jolly,46,Byron Donalds,45,1,TRUE
9d8b464b-d0f1-4fa9-a1c2-f611d332cb71,667a2ccb-cdd5-4be2-9e6a-f8383bc38555,FL,NA,NA,U.S. Senate,Change Research,Freedom Project USA,NA,lv,1107,2026-09-07,2026-09-09,NA,general,https://changeresearch.com/research/2026/2026-09-10-an-emerging-florida-blue-wave,Angie Nixon,47,Ashley Moody,47,0,FALSE
9d8b464b-d0f1-4fa9-a1c2-f611d332cb71,4b8af268-4e87-4dc9-984f-b6c46d5d1867,FL,NA,NA,Governor,Change Research,Freedom Project USA,NA,lv,1107,2026-09-07,2026-09-09,NA,general,https://changeresearch.com/research/2026/2026-09-10-an-emerging-florida-blue-wave,David Jolly,47,Byron Donalds,44,3,FALSE
7f4eca68-093c-447a-8a67-3560ea1e48ee,d866b029-e1d4-44e9-a76f-e6ec29ae8f3e,FL,NA,NA,U.S. Senate,Quantus Insights,NA,NA,lv,733,2026-09-08,2026-09-10,NA,general,https://quantusinsights.org/polling/f/new-quantus-polls-moody-leads-in-florida-flanagan-in-minnesota,Angie Nixon,43,Ashley Moody,50.4,-7.399999999999999,FALSE
1292c8da-3ce1-40f8-8e42-342d50715e67,2e467edb-7ce6-4dfe-80cd-9e749fcfac49,FL,NA,NA,U.S. Senate,St. Pete Polls,Florida Politics,NA,lv,913,2026-09-15,2026-09-17,NA,general,https://floridapolitics.com/archives/820638-poll-byron-donalds-44-david-jolly-43-in-dead-heat-race-for-florida-governor/,Angie Nixon,44.8,Ashley Moody,45.2,-0.4000000000000057,FALSE
1292c8da-3ce1-40f8-8e42-342d50715e67,124a5763-38ac-400e-a2f3-f75bd8b4ac8e,FL,NA,NA,Governor,St. Pete Polls,Florida Politics,NA,lv,913,2026-09-15,2026-09-17,NA,general,https://floridapolitics.com/archives/820638-poll-byron-donalds-44-david-jolly-43-in-dead-heat-race-for-florida-governor/,David Jolly,43.4,Byron Donalds,43.5,-0.10000000000000142,FALSE
3d0cc21f-86f0-5d6b-97a9-a9ed929600b5,36875564-2641-4cb0-9517-ee964a497e1d,GA,NA,NA,U.S. Senate,WPA Intelligence,Club for Growth,REP,lv,500,2025-01-14,2025-01-15,NA,general,https://www.politico.com/news/2025/01/16/kemp-ossoff-poll-georgia-senate-00198719,Jon Ossoff,44,Rich McCormick,33,11,TRUE
3d0cc21f-86f0-5d6b-97a9-a9ed929600b5,3b6d9630-1bdb-438d-8e1a-540071243047,GA,NA,NA,U.S. Senate,WPA Intelligence,Club for Growth,REP,lv,500,2025-01-14,2025-01-15,NA,general,https://www.politico.com/news/2025/01/16/kemp-ossoff-poll-georgia-senate-00198719,Jon Ossoff,45,Buddy Carter,32,13,TRUE
3d0cc21f-86f0-5d6b-97a9-a9ed929600b5,3d3be57e-bd52-472d-aa5f-16e01dda2ecf,GA,NA,NA,U.S. Senate,WPA Intelligence,Club for Growth,REP,lv,500,2025-01-14,2025-01-15,NA,general,https://www.politico.com/news/2025/01/16/kemp-ossoff-poll-georgia-senate-00198719,Jon Ossoff,46,Brad Raffensperger,32,14,TRUE
3d0cc21f-86f0-5d6b-97a9-a9ed929600b5,4aa6acb5-7b4c-49d6-b264-80252be38984,GA,NA,NA,U.S. Senate,WPA Intelligence,Club for Growth,REP,lv,500,2025-01-14,2025-01-15,NA,general,https://www.politico.com/news/2025/01/16/kemp-ossoff-poll-georgia-senate-00198719,Jon Ossoff,44,Mike Collins,34,10,TRUE
3d0cc21f-86f0-5d6b-97a9-a9ed929600b5,90f09295-62d2-4f21-a780-c8adb91a3279,GA,NA,NA,U.S. Senate,WPA Intelligence,Club for Growth,REP,lv,500,2025-01-14,2025-01-15,NA,general,https://www.politico.com/news/2025/01/16/kemp-ossoff-poll-georgia-senate-00198719,Jon Ossoff,47,John King,31,16,TRUE
3d0cc21f-86f0-5d6b-97a9-a9ed929600b5,d4dbbd51-98fa-4516-b54c-0959ce1ba59c,GA,NA,NA,U.S. Senate,WPA Intelligence,Club for Growth,REP,lv,500,2025-01-14,2025-01-15,NA,general,https://www.politico.com/news/2025/01/16/kemp-ossoff-poll-georgia-senate-00198719,Jon Ossoff,40,Brian Kemp,46,-6,TRUE
94664497-4ecc-5101-99f0-9312c1c742a5,834393ee-1c2f-471d-a34c-c5c08144dcc6,GA,NA,NA,U.S. Senate,The Tyson Group,NA,NA,lv,600,2025-01-30,2025-01-31,NA,general,https://dailycaller.com/2025/02/11/exclusive-early-polling-senate-race-democrats-kemp-offoff/,Jon Ossoff,42,Brian Kemp,49,-7,FALSE
94664497-4ecc-5101-99f0-9312c1c742a5,a97176fa-aa3f-474b-ab6b-451b521d4bff,GA,NA,NA,U.S. Senate,The Tyson Group,NA,NA,lv,600,2025-01-30,2025-01-31,NA,general,https://dailycaller.com/2025/02/11/exclusive-early-polling-senate-race-democrats-kemp-offoff/,Jon Ossoff,51,Marjorie Taylor Greene,39,12,FALSE
94664497-4ecc-5101-99f0-9312c1c742a5,acc935dc-d2d3-420f-896c-dc9b718d0a77,GA,NA,NA,U.S. Senate,The Tyson Group,NA,NA,lv,600,2025-01-30,2025-01-31,NA,general,https://dailycaller.com/2025/02/11/exclusive-early-polling-senate-race-democrats-kemp-offoff/,Jon Ossoff,47,Buddy Carter,39,8,FALSE
6b809f01-b50c-5e36-829e-2beeeeb8b6d7,cb7abc64-8167-46ea-b6f3-a9d108302296,GA,NA,NA,U.S. Senate,Quantus Insights,TrendingPolitics,REP,rv,800,2025-02-11,2025-02-13,NA,general,https://drive.google.com/file/d/1y1OMfSEOT4Y1_ABcW5Ap5cHAjyPr9kie/view,Jon Ossoff,44.5,Brian Kemp,48.3,-3.799999999999997,TRUE
4594c46a-f4c3-435f-9e7a-2fbfd4545209,895327cf-d35c-47fb-854a-d4d2a8799c18,GA,NA,NA,U.S. Senate,Cygnal Political,NA,NA,lv,600,2025-03-09,2025-03-10,NA,general,https://www.ajc.com/politics/politically-georgia/vote-to-block-transgender-bill-could-hurt-jon-ossoff-new-poll-finds/C4BYVU4YPNH7BDKLH3UUQUIVOM/,Jon Ossoff,43.7,Generic Republican,43.9,-0.19999999999999574,FALSE
88cf1205-1d9c-4264-8a4f-5464d6681ae6,6fadc041-9423-4f7e-aa18-49776d119e25,GA,NA,NA,U.S. Senate,University of Georgia,Atlanta Journal-Constitution,NA,rv,1000,2025-04-15,2025-04-24,NA,general,https://www.ajc.com/politics/trumps-support-sinks-in-georgia-as-economic-fears-rise/UVF4TQWIVNGBXCBNBPCWYX7YLI/,Jon Ossoff,50.9,John King,38.2,12.699999999999996,FALSE
88cf1205-1d9c-4264-8a4f-5464d6681ae6,78aff97a-6051-4cfc-b6a2-7ac15f3890ef,GA,NA,NA,U.S. Senate,University of Georgia,Atlanta Journal-Constitution,NA,rv,1000,2025-04-15,2025-04-24,NA,general,https://www.ajc.com/politics/trumps-support-sinks-in-georgia-as-economic-fears-rise/UVF4TQWIVNGBXCBNBPCWYX7YLI/,Jon Ossoff,48.4,Brad Raffensperger,38.8,9.600000000000001,FALSE
88cf1205-1d9c-4264-8a4f-5464d6681ae6,deb824b0-9c65-48f8-a7d2-68e5bb72c3a8,GA,NA,NA,U.S. Senate,University of Georgia,Atlanta Journal-Constitution,NA,rv,1000,2025-04-15,2025-04-24,NA,general,https://www.ajc.com/politics/trumps-support-sinks-in-georgia-as-economic-fears-rise/UVF4TQWIVNGBXCBNBPCWYX7YLI/,Jon Ossoff,45.7,Brian Kemp,49,-3.299999999999997,FALSE
88cf1205-1d9c-4264-8a4f-5464d6681ae6,e9642333-8646-4401-873f-43a1d81e5f14,GA,NA,NA,U.S. Senate,University of Georgia,Atlanta Journal-Constitution,NA,rv,1000,2025-04-15,2025-04-24,NA,general,https://www.ajc.com/politics/trumps-support-sinks-in-georgia-as-economic-fears-rise/UVF4TQWIVNGBXCBNBPCWYX7YLI/,Jon Ossoff,54.2,Marjorie Taylor Greene,37.3,16.900000000000006,FALSE
d58ed767-bc6f-4924-a6a9-fca28ac2e4f6,1205d8eb-6567-4b73-b888-3868850042fc,GA,NA,NA,U.S. Senate,Trafalgar Group,NA,REP,lv,1426,2025-04-24,2025-04-27,NA,general,https://www.thetrafalgargroup.org/news/ga-sen-2026-0429/,Jon Ossoff,47.5,Mike Collins,42.8,4.700000000000003,TRUE
d58ed767-bc6f-4924-a6a9-fca28ac2e4f6,9414dd9c-35ef-4ebc-92bf-d4b6c61cc50a,GA,NA,NA,U.S. Senate,Trafalgar Group,NA,REP,lv,1426,2025-04-24,2025-04-27,NA,general,https://www.thetrafalgargroup.org/news/ga-sen-2026-0429/,Jon Ossoff,48.3,Marjorie Taylor Greene,36.5,11.799999999999997,TRUE
d58ed767-bc6f-4924-a6a9-fca28ac2e4f6,baeacfc2-4def-4bd6-8bdd-d5818c6299a7,GA,NA,NA,U.S. Senate,Trafalgar Group,NA,REP,lv,1426,2025-04-24,2025-04-27,NA,general,https://www.thetrafalgargroup.org/news/ga-sen-2026-0429/,Jon Ossoff,46.4,Brad Raffensperger,37.5,8.899999999999999,TRUE
ee7a9f19-c33f-487e-bd2e-18ab99fd67a4,10815821-5b56-4632-b8e0-97ffb30d3d54,GA,NA,NA,U.S. Senate,Cygnal Political,Democracy Defense Project,NA,rv,800,2025-05-15,2025-05-17,NA,general,https://www.ajc.com/politics/2025/05/brad-raffensperger-for-senate-poll-shows-dead-heat-with-jon-ossoff/,Jon Ossoff,46.3,Kelly Loeffler,42.8,3.5,FALSE
ee7a9f19-c33f-487e-bd2e-18ab99fd67a4,1d8819b7-b2ca-457f-b308-d4f0a2bfd1ed,GA,NA,NA,U.S. Senate,Cygnal Political,Democracy Defense Project,NA,rv,800,2025-05-15,2025-05-17,NA,general,https://www.ajc.com/politics/2025/05/brad-raffensperger-for-senate-poll-shows-dead-heat-with-jon-ossoff/,Jon Ossoff,46,Buddy Carter,42.1,3.8999999999999986,FALSE
ee7a9f19-c33f-487e-bd2e-18ab99fd67a4,55e967b2-dc42-4ddc-9d2f-6c89b9d3cf0f,GA,NA,NA,U.S. Senate,Cygnal Political,Democracy Defense Project,NA,rv,800,2025-05-15,2025-05-17,NA,general,https://www.ajc.com/politics/2025/05/brad-raffensperger-for-senate-poll-shows-dead-heat-with-jon-ossoff/,Jon Ossoff,45.7,Mike Collins,43.3,2.4000000000000057,FALSE
ee7a9f19-c33f-487e-bd2e-18ab99fd67a4,7e6258c4-4b93-472e-bdb3-d351fbcdfa68,GA,NA,NA,U.S. Senate,Cygnal Political,Democracy Defense Project,NA,rv,800,2025-05-15,2025-05-17,NA,general,https://www.ajc.com/politics/2025/05/brad-raffensperger-for-senate-poll-shows-dead-heat-with-jon-ossoff/,Jon Ossoff,44.7,John King,42.1,2.6000000000000014,FALSE
ee7a9f19-c33f-487e-bd2e-18ab99fd67a4,bf2db0ed-f8aa-4056-ad25-5a0fcd0a5cfa,GA,NA,NA,U.S. Senate,Cygnal Political,Democracy Defense Project,NA,rv,800,2025-05-15,2025-05-17,NA,general,https://www.ajc.com/politics/2025/05/brad-raffensperger-for-senate-poll-shows-dead-heat-with-jon-ossoff/,Jon Ossoff,44.1,Brad Raffensperger,44.3,-0.19999999999999574,FALSE
813bd1f1-6548-48db-99c0-f776354028e1,1840d1e0-c1fb-4fde-a7be-4e3b2c96187f,GA,NA,NA,U.S. Senate,Cygnal Political,NA,REP,lv,610,2025-06-16,2025-06-18,NA,general,https://x.com/bluestein/status/1939633570688938308,Jon Ossoff,49.8,John King,40,9.799999999999997,TRUE
9cad2382-393f-45bb-8603-a0e7328c7393,177949d4-3053-4379-88de-81efb0053ac3,GA,NA,NA,U.S. Senate,TIPP Insights,League of American Workers,REP,lv,2395,2025-07-28,2025-08-01,NA,general,https://dailycaller.com/2025/08/07/mike-collins-georgia-senate-poll/,Jon Ossoff,45.16,Derek Dooley,42,3.1599999999999966,TRUE
9cad2382-393f-45bb-8603-a0e7328c7393,86b230ad-4a63-4956-81b4-4d4f074c1717,GA,NA,NA,U.S. Senate,TIPP Insights,League of American Workers,REP,lv,2395,2025-07-28,2025-08-01,NA,general,https://dailycaller.com/2025/08/07/mike-collins-georgia-senate-poll/,Jon Ossoff,45.12,Buddy Carter,43.43,1.6899999999999977,TRUE
9cad2382-393f-45bb-8603-a0e7328c7393,966884d0-665d-453f-93a1-f07524510afa,GA,NA,NA,U.S. Senate,TIPP Insights,League of American Workers,REP,rv,2956,2025-07-28,2025-08-01,NA,general,https://dailycaller.com/2025/08/07/mike-collins-georgia-senate-poll/,Jon Ossoff,43.62,Derek Dooley,38.95,4.669999999999995,TRUE
9cad2382-393f-45bb-8603-a0e7328c7393,a151bb68-71e9-4282-a6b7-1ff0e10ddcf0,GA,NA,NA,U.S. Senate,TIPP Insights,League of American Workers,REP,lv,2395,2025-07-28,2025-08-01,NA,general,https://dailycaller.com/2025/08/07/mike-collins-georgia-senate-poll/,Jon Ossoff,44.94,Mike Collins,44.1,0.8399999999999963,TRUE
9cad2382-393f-45bb-8603-a0e7328c7393,e0b698f5-05d9-4ee5-8319-15ca1fd75bbc,GA,NA,NA,U.S. Senate,TIPP Insights,League of American Workers,REP,rv,2956,2025-07-28,2025-08-01,NA,general,https://dailycaller.com/2025/08/07/mike-collins-georgia-senate-poll/,Jon Ossoff,43.51,Buddy Carter,40.34,3.1699999999999946,TRUE
9cad2382-393f-45bb-8603-a0e7328c7393,ebbed8cd-3f05-4de9-bd08-b136618da1f8,GA,NA,NA,U.S. Senate,TIPP Insights,League of American Workers,REP,rv,2956,2025-07-28,2025-08-01,NA,general,https://dailycaller.com/2025/08/07/mike-collins-georgia-senate-poll/,Jon Ossoff,43.5,Mike Collins,40.61,2.8900000000000006,TRUE
46ad4875-aab2-462d-a5e7-0b60d3965034,117d5347-ed91-469e-a15f-055245fdd2c9,GA,NA,NA,U.S. Senate,Quantus Insights,NA,NA,rv,624,2025-09-09,2025-09-12,NA,general,https://drive.google.com/file/d/1s_XyIo0Rre1TGtVisHKu9hW3S4yEvxRl/view,Jon Ossoff,40.2,Buddy Carter,37.1,3.1000000000000014,FALSE
46ad4875-aab2-462d-a5e7-0b60d3965034,66b21bed-b00e-4f38-93f6-eb533570dbbc,GA,NA,NA,U.S. Senate,Quantus Insights,NA,NA,rv,624,2025-09-09,2025-09-12,NA,general,https://drive.google.com/file/d/1s_XyIo0Rre1TGtVisHKu9hW3S4yEvxRl/view,Jon Ossoff,42.1,Derek Dooley,35.4,6.700000000000003,FALSE
46ad4875-aab2-462d-a5e7-0b60d3965034,ab985816-1761-4030-9272-80bab001053c,GA,NA,NA,U.S. Senate,Quantus Insights,NA,NA,rv,624,2025-09-09,2025-09-12,NA,general,https://drive.google.com/file/d/1s_XyIo0Rre1TGtVisHKu9hW3S4yEvxRl/view,Jon Ossoff,37.8,Mike Collins,37.7,0.09999999999999432,FALSE
7720f3fa-d9be-461e-a9ab-0ddb661a7672,87a33e31-b862-465c-b4c1-7c3605b39eab,GA,NA,NA,U.S. Senate,Emerson College,Nexstar,NA,lv,1000,2026-02-28,2026-03-02,NA,general,https://emersoncollegepolling.com/georgia-2026-poll-senator-ossoff-starts-re-election-near-50-and-outpaces-gop-field/,Jon Ossoff,48.9,Derek Dooley,41.4,7.5,FALSE
7720f3fa-d9be-461e-a9ab-0ddb661a7672,c5396d07-88c7-4c43-b4bc-6b798fb19871,GA,NA,NA,U.S. Senate,Emerson College,Nexstar,NA,lv,1000,2026-02-28,2026-03-02,NA,general,https://emersoncollegepolling.com/georgia-2026-poll-senator-ossoff-starts-re-election-near-50-and-outpaces-gop-field/,Jon Ossoff,47.7,Mike Collins,43.3,4.400000000000006,FALSE
7720f3fa-d9be-461e-a9ab-0ddb661a7672,ddf4500c-cff8-48f8-8292-1186dc45e8ad,GA,NA,NA,U.S. Senate,Emerson College,Nexstar,NA,lv,1000,2026-02-28,2026-03-02,NA,general,https://emersoncollegepolling.com/georgia-2026-poll-senator-ossoff-starts-re-election-near-50-and-outpaces-gop-field/,Jon Ossoff,47.1,Buddy Carter,43.7,3.3999999999999986,FALSE
e154d9f8-b73d-4cec-b9db-b5df7f368768,2b04c004-dedb-46be-8b39-5622ec0f004a,GA,NA,NA,U.S. Senate,Echelon Insights,NetChoice,NA,lv,407,2026-04-03,2026-04-09,NA,general,https://netchoice.org/new-72-of-americans-want-regulators-to-focus-on-lowering-prices-ahead-of-midterms-not-punishing-success/,Jon Ossoff,52,Buddy Carter,43,9,FALSE
e154d9f8-b73d-4cec-b9db-b5df7f368768,dac15d33-9fe5-4e6c-a841-6927f495fd52,GA,NA,NA,U.S. Senate,Echelon Insights,NetChoice,NA,lv,407,2026-04-03,2026-04-09,NA,general,https://netchoice.org/new-72-of-americans-want-regulators-to-focus-on-lowering-prices-ahead-of-midterms-not-punishing-success/,Jon Ossoff,51,Mike Collins,44,7,FALSE
e154d9f8-b73d-4cec-b9db-b5df7f368768,439ea679-f829-44ad-b82d-fb6610f5e50e,GA,NA,NA,Governor,Echelon Insights,NetChoice,NA,lv,407,2026-04-03,2026-04-09,NA,general,https://netchoice.org/new-72-of-americans-want-regulators-to-focus-on-lowering-prices-ahead-of-midterms-not-punishing-success/,Keisha Lance Bottoms,49,Burt Jones,43,6,FALSE
e154d9f8-b73d-4cec-b9db-b5df7f368768,84138803-91d2-4ce6-9fd6-7696e6527115,GA,NA,NA,Governor,Echelon Insights,NetChoice,NA,lv,407,2026-04-03,2026-04-09,NA,general,https://netchoice.org/new-72-of-americans-want-regulators-to-focus-on-lowering-prices-ahead-of-midterms-not-punishing-success/,Keisha Lance Bottoms,46,Brad Raffensperger,44,2,FALSE
e154d9f8-b73d-4cec-b9db-b5df7f368768,9f078686-073b-42e7-9eb2-a461920e3973,GA,NA,NA,Governor,Echelon Insights,NetChoice,NA,lv,407,2026-04-03,2026-04-09,NA,general,https://netchoice.org/new-72-of-americans-want-regulators-to-focus-on-lowering-prices-ahead-of-midterms-not-punishing-success/,Keisha Lance Bottoms,49,Rick Jackson,43,6,FALSE
0e593d7b-c6db-4e3e-9971-2ca674972da1,938d5c48-6534-4d95-92ad-2a1d70f959d8,GA,NA,NA,Governor,Concord Public Opinion Partners,Education Reform Now Advocacy,DEM,lv,510,2026-05-30,2026-06-02,NA,general,https://acrobat.adobe.com/id/urn:aaid:sc:US:29f66864-4f32-47fe-b5e2-85322b2a761b,Keisha Lance Bottoms,53,Rick Jackson,38,15,TRUE
0e593d7b-c6db-4e3e-9971-2ca674972da1,dadec5e5-fba3-4536-851a-b2d4b73f5c79,GA,NA,NA,Governor,Concord Public Opinion Partners,Education Reform Now Advocacy,DEM,lv,510,2026-05-30,2026-06-02,NA,general,https://acrobat.adobe.com/id/urn:aaid:sc:US:29f66864-4f32-47fe-b5e2-85322b2a761b,Keisha Lance Bottoms,52,Burt Jones,42,10,TRUE
218f0f52-9f5d-4b50-ae1d-bae3778ef88e,6a937898-d2f5-45be-9ad1-5d9675b8c578,GA,NA,NA,U.S. Senate,Beacon Research/Shaw & Company Research,Fox News,NA,rv,1002,2026-06-23,2026-06-27,NA,general,https://www.foxnews.com/politics/fox-news-poll-early-look-georgia-senate-race,Jon Ossoff,56,Mike Collins,43,13,FALSE
218f0f52-9f5d-4b50-ae1d-bae3778ef88e,0a3146c3-80ac-4c5f-8790-5c1fd59cc762,GA,NA,NA,Governor,Beacon Research/Shaw & Company Research,Fox News,NA,rv,1002,2026-06-23,2026-06-27,NA,general,https://www.foxnews.com/politics/fox-news-poll-early-look-georgia-senate-race,Keisha Lance Bottoms,52,Rick Jackson,47,5,FALSE
3eccfb66-aab7-475e-a672-bc7dd16272cc,8084018b-2e4c-461f-a069-38322cbf83c7,GA,NA,NA,U.S. Senate,Wick,NA,NA,lv,1175,2026-06-27,2026-06-30,NA,general,https://wick.io/research-georgia-election-survey-june-2026,Jon Ossoff,46.7,Mike Collins,42.9,3.8000000000000043,FALSE
3eccfb66-aab7-475e-a672-bc7dd16272cc,59b1c70e-1706-4249-ace3-7d62a6a5b03b,GA,NA,NA,Governor,Wick,NA,NA,lv,1175,2026-06-27,2026-06-30,NA,general,https://wick.io/research-georgia-election-survey-june-2026,Keisha Lance Bottoms,42.7,Rick Jackson,43.2,-0.5,FALSE
e58a82a9-fa43-4e6a-8a68-a5c338afdb38,67ab2f19-bfd5-4ad9-b288-737eb4da1c16,GA,NA,NA,Governor,State Navigate,NA,NA,lv,448,2026-07-10,2026-07-13,NA,general,https://statenavigate.org/wp-content/uploads/2026/07/GA_Statewide_July_StateNav_Briefing_PartyID-1.pdf,Keisha Lance Bottoms,51,Rick Jackson,44,7,FALSE
ea64198b-578f-401b-9d11-1c8ea5c5c122,39830d1f-9dca-4db2-bd41-81a467cc9f07,GA,NA,NA,U.S. Senate,Fabrizio Ward/Impact Research,AARP,NA,lv,1060,2026-07-13,2026-07-16,NA,general,https://www.aarp.org/pri/topics/voter-research/politics/2026-midterm-election-poll-georgia/,Jon Ossoff,52,Mike Collins,43,9,FALSE
ea64198b-578f-401b-9d11-1c8ea5c5c122,50897374-46af-4158-a64a-edd8aee58fe0,GA,NA,NA,Governor,Fabrizio Ward/Impact Research,AARP,NA,lv,1060,2026-07-13,2026-07-16,NA,general,https://www.aarp.org/pri/topics/voter-research/politics/2026-midterm-election-poll-georgia/,Keisha Lance Bottoms,48,Rick Jackson,46,2,FALSE
994c3add-5d62-42bf-a225-242386523738,0ac133d2-3db5-4aca-8f6d-47a9c4b2333f,GA,NA,NA,Governor,Quantus Insights,Natural Gas Association of Georgia,NA,lv,815,2026-07-29,2026-08-01,NA,general,https://quantusinsights.org/f/georgia-voters-put-affordability-first-as-2026-races-tighten,Keisha Lance Bottoms,46.4,Rick Jackson,44.9,1.5,FALSE
36116a64-5101-4c69-9a3d-f1d3c4c6a83d,c953f8f7-c3dd-4bd5-ac8b-230254a27ade,GA,NA,NA,U.S. Senate,InsiderAdvantage,James Magazine Online,NA,lv,800,2026-08-16,2026-08-17,NA,general,https://jamesmagazinega.com/2026/08/18/exclusive-jmo-insideradvantage-georgia-survey-ossoff-leads-jackson-lance-bottoms-tied/,Jon Ossoff,50.1,Mike Collins,42.6,7.5,FALSE
36116a64-5101-4c69-9a3d-f1d3c4c6a83d,7a1048cb-aedd-4184-8ff3-ca227e71d01e,GA,NA,NA,Governor,InsiderAdvantage,James Magazine Online,NA,lv,800,2026-08-16,2026-08-17,NA,general,https://jamesmagazinega.com/2026/08/18/exclusive-jmo-insideradvantage-georgia-survey-ossoff-leads-jackson-lance-bottoms-tied/,Keisha Lance Bottoms,46.2,Rick Jackson,46.3,-0.09999999999999432,FALSE
0e1449be-7a0f-4fc2-beb1-6d95675b7439,e4e8615f-9864-482a-9569-ad14a1ffb78d,GA,NA,NA,U.S. Senate,Trafalgar Group,NA,REP,lv,1091,2026-09-10,2026-09-12,NA,general,https://www.thetrafalgargroup.org/wp-content/uploads/2026/09/GA-General-Full-Report-0912.pdf,Jon Ossoff,49.4,Mike Collins,42.8,6.600000000000001,TRUE
d6876f4e-e4f8-4a30-8d1d-c425e4e597aa,3fdcf2d2-d867-46ba-a30f-f37464381098,GA,NA,NA,U.S. Senate,Quantus Insights,NA,NA,lv,645,2026-09-14,2026-09-16,NA,general,https://quantusinsights.org/f/ossoff-leads-collins-by-four-points-in-georgia-senate-race,Jon Ossoff,49,Mike Collins,44.9,4.100000000000001,FALSE
39375afc-d9f8-471e-82c0-adf6483528c2,237ae63f-f2c3-4f39-9288-b51673d913a9,IA,NA,NA,U.S. Senate,Public Policy Polling,Senate Majority PAC,DEM,rv,568,2025-06-02,2025-06-03,NA,general,https://www.publicpolicypolling.com/wp-content/uploads/2025/06/IowaPollJune2025.pdf,Generic Democrat,43,Joni Ernst,45,-2,TRUE
721758b1-a6cd-45d9-a764-99959b17c7a2,845eb3cb-3ed1-4b90-82f0-9a1c24cd2760,IA,NA,NA,U.S. Senate,Public Policy Polling,NA,DEM,rv,572,2025-08-18,2025-08-19,NA,general,https://littlevillagemag.com/new-poll-finds-sen-joni-ernst-struggling/,Zach Wahls,45,Joni Ernst,43,2,TRUE
721758b1-a6cd-45d9-a764-99959b17c7a2,8959451f-3f1c-4d73-94b8-0119e6201b60,IA,NA,NA,U.S. Senate,Public Policy Polling,NA,DEM,rv,572,2025-08-18,2025-08-19,NA,general,https://littlevillagemag.com/new-poll-finds-sen-joni-ernst-struggling/,Nathan Sage,42,Joni Ernst,44,-2,TRUE
721758b1-a6cd-45d9-a764-99959b17c7a2,a32107a6-060e-4ba7-b806-1bb78f64f7bc,IA,NA,NA,U.S. Senate,Public Policy Polling,NA,DEM,rv,572,2025-08-18,2025-08-19,NA,general,https://littlevillagemag.com/new-poll-finds-sen-joni-ernst-struggling/,Jackie Norris,43,Joni Ernst,44,-1,TRUE
721758b1-a6cd-45d9-a764-99959b17c7a2,c38af407-14ab-44e6-bdae-20a867bb57bf,IA,NA,NA,U.S. Senate,Public Policy Polling,NA,DEM,rv,572,2025-08-18,2025-08-19,NA,general,https://littlevillagemag.com/new-poll-finds-sen-joni-ernst-struggling/,Josh Turek,43,Joni Ernst,44,-1,TRUE
9a2b0ab0-8dd8-452c-8846-9a8d620d9d01,58b53098-3abf-4eb9-ac1d-a94af3ce758a,IA,NA,NA,U.S. Senate,Change Research,NA,NA,lv,1108,2026-01-08,2026-01-11,NA,general,https://x.com/Bencjacobs/status/2020894441196663099,Nathan Sage,41,Ashley Hinson,44,-3,FALSE
9a2b0ab0-8dd8-452c-8846-9a8d620d9d01,6ec04ca5-dcf5-43d6-8b9e-d05ad64cc56d,IA,NA,NA,U.S. Senate,Change Research,NA,NA,lv,1108,2026-01-08,2026-01-11,NA,general,https://x.com/Bencjacobs/status/2020894441196663099,Josh Turek,41,Ashley Hinson,44,-3,FALSE
9a2b0ab0-8dd8-452c-8846-9a8d620d9d01,8eeb3387-e0f7-4a91-86e8-88e51d643647,IA,NA,NA,U.S. Senate,Change Research,NA,NA,lv,1108,2026-01-08,2026-01-11,NA,general,https://x.com/Bencjacobs/status/2020894441196663099,Zach Wahls,41,Ashley Hinson,44,-3,FALSE
e6cb5ea0-a482-40b1-aa49-45f7eef8eb57,d60fe5ca-e54f-4c6c-ab04-e12326a540bb,IA,NA,NA,U.S. Senate,GBAO,ModSquad,DEM,lv,1200,2026-03-10,2026-03-16,NA,general,https://www.politico.com/newsletters/playbook/2026/04/13/what-dems-should-take-from-orbans-defeat-00868714?nname=playbook&nid=0000014f-1646-d88f-a1cf-5f46b7bd0000&nrid=4d735b47-a8a7-41f4-9c35-277919f359ed,Josh Turek,43,Ashley Hinson,47,-4,TRUE
e6cb5ea0-a482-40b1-aa49-45f7eef8eb57,fde0b38f-4979-402e-9bc3-6d3006b65575,IA,NA,NA,U.S. Senate,GBAO,ModSquad,DEM,lv,1200,2026-03-10,2026-03-16,NA,general,https://www.politico.com/newsletters/playbook/2026/04/13/what-dems-should-take-from-orbans-defeat-00868714?nname=playbook&nid=0000014f-1646-d88f-a1cf-5f46b7bd0000&nrid=4d735b47-a8a7-41f4-9c35-277919f359ed,Zach Wahls,44,Ashley Hinson,47,-3,TRUE
e6cb5ea0-a482-40b1-aa49-45f7eef8eb57,c72adf5c-4343-47e8-802c-337aca8bd346,IA,NA,NA,Governor,GBAO,ModSquad,DEM,lv,1200,2026-03-10,2026-03-16,NA,general,https://www.politico.com/newsletters/playbook/2026/04/13/what-dems-should-take-from-orbans-defeat-00868714?nname=playbook&nid=0000014f-1646-d88f-a1cf-5f46b7bd0000&nrid=4d735b47-a8a7-41f4-9c35-277919f359ed,Rob Sand,50,Randy Feenstra,42,8,TRUE
bfdc9478-9560-4666-9689-c10a7f491db2,b51ba24f-1617-4aad-ac3a-f461635f5d92,IA,NA,NA,U.S. Senate,Echelon Insights,NetChoice,NA,lv,377,2026-04-03,2026-04-09,NA,general,https://netchoice.org/new-72-of-americans-want-regulators-to-focus-on-lowering-prices-ahead-of-midterms-not-punishing-success/,Zach Wahls,46,Ashley Hinson,44,2,FALSE
bfdc9478-9560-4666-9689-c10a7f491db2,f87a8be6-8cc4-4211-aa23-2c199059a7db,IA,NA,NA,U.S. Senate,Echelon Insights,NetChoice,NA,lv,377,2026-04-03,2026-04-09,NA,general,https://netchoice.org/new-72-of-americans-want-regulators-to-focus-on-lowering-prices-ahead-of-midterms-not-punishing-success/,Josh Turek,46,Ashley Hinson,45,1,FALSE
bfdc9478-9560-4666-9689-c10a7f491db2,3869a744-94f4-48e4-b2e1-be6c8ad663f4,IA,NA,NA,Governor,Echelon Insights,NetChoice,NA,lv,377,2026-04-03,2026-04-09,NA,general,https://netchoice.org/new-72-of-americans-want-regulators-to-focus-on-lowering-prices-ahead-of-midterms-not-punishing-success/,Rob Sand,51,Randy Feenstra,39,12,FALSE
bd892042-2c29-4d6c-8bed-1af4d4368916,f83dcc03-44a7-4ec5-8abb-72ac8e6699c3,IA,NA,NA,Governor,Global Strategy Group,NA,DEM,lv,NA,2026-04-23,2026-04-28,NA,general,https://substack.com/@galendruke/note/c-270037171,Rob Sand,50,Zach Lahn,41,9,TRUE
f592df59-2938-4f60-9b35-8bb8c1797b2d,bde33656-d3b2-42a1-bb5c-baa71779a04f,IA,NA,NA,U.S. Senate,Public Policy Polling,Democratic Senatorial Campaign Committee,DEM,rv,557,2026-06-03,2026-06-04,NA,general,https://www.politico.com/newsletters/playbook/2026/06/08/ron-klain-picks-his-2028-horse-00953194?nname=playbook&nid=0000014f-1646-d88f-a1cf-5f46b7bd0000&nrid=0000014e-f10d-dd93-ad7f-f90de50d0003,Josh Turek,46,Ashley Hinson,46,0,TRUE
451d8bec-3834-470b-ac9a-1ba5e1a05a5b,60801fd4-c642-4197-bc3e-40911606462a,IA,NA,NA,U.S. Senate,Global Strategy Group,NA,DEM,lv,1000,2026-06-08,2026-06-11,NA,general,https://www.politico.com/newsletters/playbook/2026/06/22/the-next-geopolitical-crisis-00969509?,Generic Democrat,45,Generic Republican,47,-2,TRUE
451d8bec-3834-470b-ac9a-1ba5e1a05a5b,6e303674-d8f9-460d-a9d0-fe5d32c25fca,IA,NA,NA,U.S. Senate,Global Strategy Group,NA,DEM,lv,1000,2026-06-08,2026-06-11,NA,general,https://www.politico.com/newsletters/playbook/2026/06/22/the-next-geopolitical-crisis-00969509?,Josh Turek,47,Ashley Hinson,45,2,TRUE
24dd386f-3111-4c4a-9e7e-08d902516a53,32b82489-803b-47cd-9db4-490c9b50f4e3,IA,NA,NA,U.S. Senate,Cygnal Political,Iowans for Tax Relief Foundation,REP,lv,600,2026-06-16,2026-06-19,NA,general,https://taxrelief.org/itr-foundation-poll-shows-iowans-want-taxpayer-protection/,Josh Turek,44.2,Ashley Hinson,46,-1.7999999999999972,TRUE
24dd386f-3111-4c4a-9e7e-08d902516a53,a81fc9bb-5576-4f6c-b60e-5ef3368911cb,IA,NA,NA,Governor,Cygnal Political,Iowans for Tax Relief Foundation,REP,lv,600,2026-06-16,2026-06-19,NA,general,https://taxrelief.org/itr-foundation-poll-shows-iowans-want-taxpayer-protection/,Rob Sand,47.7,Zach Lahn,43.4,4.300000000000004,TRUE
0adcbad6-4f3a-4ede-9d94-ab1ffe58c64f,84bf212d-7be8-4243-aab1-d027880a9f3c,IA,NA,NA,U.S. Senate,The New York Times/Siena University,NA,NA,lv,600,2026-06-15,2026-06-27,NA,general,https://www.nytimes.com/interactive/2026/07/01/polls/times-siena-iowa-poll-crosstabs.html,Josh Turek,46.01,Ashley Hinson,48.48,-2.469999999999999,FALSE
29db67fd-4e3f-48b5-bc3e-a47216e0df73,dc054fad-9f8e-4157-83eb-a0d13ea3717d,IA,NA,NA,U.S. Senate,Beacon Research/Shaw & Company Research,Fox News,NA,rv,1003,2026-06-23,2026-06-27,NA,general,https://www.foxnews.com/politics/fox-news-poll-close-senate-contest-brewing-iowa,Josh Turek,50,Ashley Hinson,46,4,FALSE
0adcbad6-4f3a-4ede-9d94-ab1ffe58c64f,b81b5b7d-adb0-423a-828e-ee983771c546,IA,NA,NA,Governor,The New York Times/Siena University,NA,NA,lv,600,2026-06-15,2026-06-27,NA,general,https://www.nytimes.com/interactive/2026/07/01/polls/times-siena-iowa-poll-crosstabs.html,Rob Sand,48.19,Zach Lahn,46.54,1.6499999999999986,FALSE
29db67fd-4e3f-48b5-bc3e-a47216e0df73,14d9d29f-2d04-44de-a2b5-642094574c22,IA,NA,NA,Governor,Beacon Research/Shaw & Company Research,Fox News,NA,rv,1003,2026-06-23,2026-06-27,NA,general,https://www.foxnews.com/politics/fox-news-poll-close-senate-contest-brewing-iowa,Rob Sand,53,Zach Lahn,44,9,FALSE
c04eb984-be14-411e-8c39-84c047d5b0c2,1c0e0e0c-40ec-4a27-b4f9-aa5589d1ef33,IA,NA,NA,U.S. Senate,Emerson College,Nexstar,NA,lv,712,2026-08-02,2026-08-04,NA,general,https://emersoncollegepolling.com/iowa-2026-poll/,Josh Turek,44.98,Ashley Hinson,47.52,-2.5400000000000063,FALSE
c04eb984-be14-411e-8c39-84c047d5b0c2,93a15f51-e2c6-4ba5-906b-f7be77745d03,IA,NA,NA,Governor,Emerson College,Nexstar,NA,lv,712,2026-08-02,2026-08-04,NA,general,https://emersoncollegepolling.com/iowa-2026-poll/,Rob Sand,48.4,Zach Lahn,42.69,5.710000000000001,FALSE
bfa1e330-e1e0-4fb7-9be9-1ee513cb362e,ae0fa27a-89cf-4c5d-9285-460e5ec27a36,IA,NA,NA,U.S. Senate,Suffolk University,NA,NA,lv,500,2026-08-20,2026-08-23,NA,general,https://www.suffolk.edu/academics/research-at-suffolk/political-research-center/polls/other-states#collapse-August-26-2026-Iowa-Governor-and-US-Senate-General-Election,Josh Turek,40.8,Ashley Hinson,45.4,-4.600000000000001,FALSE
bfa1e330-e1e0-4fb7-9be9-1ee513cb362e,5ac499e8-04e8-4428-8b00-099e8b616e27,IA,NA,NA,Governor,Suffolk University,NA,NA,lv,500,2026-08-20,2026-08-23,NA,general,https://www.suffolk.edu/academics/research-at-suffolk/political-research-center/polls/other-states#collapse-August-26-2026-Iowa-Governor-and-US-Senate-General-Election,Rob Sand,47.8,Zach Lahn,43.6,4.199999999999996,FALSE
4a8cbf1d-25af-407c-afde-6ed939b8a7b8,8001aa00-3ab0-4387-b34a-2d3de2be4c9f,IA,NA,NA,U.S. Senate,Abacus Data,NA,NA,lv,323,2026-08-26,2026-08-28,NA,general,https://abacusdata.ca/the-trade-war-next-door-what-american-voters-think-about-tariffs-canada-and-the-battle-for-the-u-s-senate/,Josh Turek,48,Ashley Hinson,41,7,FALSE
4a8cbf1d-25af-407c-afde-6ed939b8a7b8,d47f0c55-f69c-491d-815d-5820c9922f41,IA,NA,NA,U.S. Senate,Abacus Data,NA,NA,rv,500,2026-08-26,2026-08-28,NA,general,https://abacusdata.ca/the-trade-war-next-door-what-american-voters-think-about-tariffs-canada-and-the-battle-for-the-u-s-senate/,Josh Turek,41,Ashley Hinson,36,5,FALSE
d2f6780d-b3b3-407a-87bf-11d8e07e30f2,406622f4-5c24-427d-91ca-e4dab2910d73,IA,NA,NA,U.S. Senate,Wedgewood Polls,NA,NA,lv,600,2026-08-27,2026-08-29,NA,general,https://drive.google.com/file/d/1db0gbhfCa_aNzU7yfM3dufl601cW1FbY/view?usp=drivesdk,Josh Turek,48,Ashley Hinson,50,-2,FALSE
d2f6780d-b3b3-407a-87bf-11d8e07e30f2,290b8d76-8321-4cbe-be98-b172e1c63505,IA,NA,NA,Governor,Wedgewood Polls,NA,NA,lv,600,2026-08-27,2026-08-29,NA,general,https://drive.google.com/file/d/1db0gbhfCa_aNzU7yfM3dufl601cW1FbY/view?usp=drivesdk,Rob Sand,51,Zach Lahn,46,5,FALSE
da7271f6-a289-40b8-bd8f-dcf49de9142e,777346dd-ae6e-41e8-980f-7fdf5a60d48b,IA,NA,NA,U.S. Senate,Global Strategy Group,NA,DEM,lv,800,2026-08-27,2026-08-31,NA,general,https://www.semafor.com/article/09/09/2026/democratic-turek-holds-narrow-lead-in-iowa-senate-race-internal-polling-shows,Josh Turek,46,Ashley Hinson,42,4,TRUE
499bff96-0834-41dc-bc89-d2dd01eacac1,ffa6f33b-3f61-4b91-86d4-7727d0348e28,IA,NA,NA,U.S. Senate,Emerson College,Nexstar,NA,lv,750,2026-08-31,2026-09-01,NA,general,https://emersoncollegepolling.com/iowa-2026-poll-hinson-leads-turek/,Josh Turek,45.05,Ashley Hinson,49.47,-4.420000000000002,FALSE
499bff96-0834-41dc-bc89-d2dd01eacac1,ad1784b9-d634-4244-a336-60799226e983,IA,NA,NA,Governor,Emerson College,Nexstar,NA,lv,750,2026-08-31,2026-09-01,NA,general,https://emersoncollegepolling.com/iowa-2026-poll-hinson-leads-turek/,Rob Sand,48.64,Zach Lahn,45.52,3.1199999999999974,FALSE
35aeda0e-b9e6-4fcd-9284-7518c4b38581,2505328a-7d26-4a4c-a588-664e6deadfbd,IA,NA,NA,U.S. Senate,YouGov,NA,NA,rv,2166,2026-09-03,2026-09-08,NA,general,https://d3nkl3psvxxpe9.cloudfront.net/documents/iowa_election_20260903.pdf,Josh Turek,44,Ashley Hinson,43,1,FALSE
35aeda0e-b9e6-4fcd-9284-7518c4b38581,752a8d42-8ede-4847-afcc-9a51f9e491fc,IA,NA,NA,U.S. Senate,YouGov,NA,NA,lv,2127,2026-09-03,2026-09-08,NA,general,https://d3nkl3psvxxpe9.cloudfront.net/documents/iowa_election_20260903.pdf,Josh Turek,45,Ashley Hinson,43,2,FALSE
35aeda0e-b9e6-4fcd-9284-7518c4b38581,abf0ae01-602f-4d04-b8f3-f7277b41df6c,IA,NA,NA,U.S. Senate,YouGov,NA,NA,lv,2041,2026-09-03,2026-09-08,NA,general,https://d3nkl3psvxxpe9.cloudfront.net/documents/iowa_election_20260903.pdf,Josh Turek,47,Ashley Hinson,43,4,FALSE
35aeda0e-b9e6-4fcd-9284-7518c4b38581,a4a050f9-1b52-44dd-8bff-7953dea5686c,IA,NA,NA,Governor,YouGov,NA,NA,lv,2041,2026-09-03,2026-09-08,NA,general,https://d3nkl3psvxxpe9.cloudfront.net/documents/iowa_election_20260903.pdf,Rob Sand,51,Zach Lahn,41,10,FALSE
35aeda0e-b9e6-4fcd-9284-7518c4b38581,de4f9c5b-a96b-4e7d-9181-7c6b42452a8f,IA,NA,NA,Governor,YouGov,NA,NA,rv,2167,2026-09-03,2026-09-08,NA,general,https://d3nkl3psvxxpe9.cloudfront.net/documents/iowa_election_20260903.pdf,Rob Sand,50,Zach Lahn,39,11,FALSE
35aeda0e-b9e6-4fcd-9284-7518c4b38581,e03d6358-7483-4821-a337-d31c567959ea,IA,NA,NA,Governor,YouGov,NA,NA,lv,2128,2026-09-03,2026-09-08,NA,general,https://d3nkl3psvxxpe9.cloudfront.net/documents/iowa_election_20260903.pdf,Rob Sand,51,Zach Lahn,40,11,FALSE
3e3eb534-bebb-49dd-9c2a-0297381037f5,89ad2f64-2dc7-45a4-9e0d-72f74db5a7b0,IA,NA,NA,U.S. Senate,Cygnal Political,Iowans for Tax Relief Foundation,REP,lv,500,2026-09-09,2026-09-11,NA,general,https://itrfoundation.org/new-poll-iowa-voters-support-supermajority-requirement-to-raise-income-taxes/,Josh Turek,42.9,Ashley Hinson,42.9,0,TRUE
3e3eb534-bebb-49dd-9c2a-0297381037f5,0b7ff0a9-af6c-4e3a-8f92-eeee541f1d67,IA,NA,NA,Governor,Cygnal Political,Iowans for Tax Relief Foundation,REP,lv,500,2026-09-09,2026-09-11,NA,general,https://itrfoundation.org/new-poll-iowa-voters-support-supermajority-requirement-to-raise-income-taxes/,Rob Sand,47.8,Zach Lahn,44.4,3.3999999999999986,TRUE
efaddaa3-267a-497a-9cc4-a840834841aa,989ad8cf-099e-4c7a-99e4-d21cd2173c49,IA,NA,NA,U.S. Senate,co/efficient,NA,NA,lv,831,2026-09-14,2026-09-16,NA,general,https://battlegrounds.coefficient.org/ia/,Generic Democrat,43,Generic Republican,48,-5,FALSE
efaddaa3-267a-497a-9cc4-a840834841aa,b5203d5a-6dcd-4a1d-b566-8e5fb30c3e4e,IA,NA,NA,U.S. Senate,co/efficient,NA,NA,lv,831,2026-09-14,2026-09-16,NA,general,https://battlegrounds.coefficient.org/ia/,Josh Turek,42,Ashley Hinson,46,-4,FALSE
efaddaa3-267a-497a-9cc4-a840834841aa,da4b765c-feec-48c0-8d61-9ad88927c8dc,IA,NA,NA,Governor,co/efficient,NA,NA,lv,831,2026-09-14,2026-09-16,NA,general,https://battlegrounds.coefficient.org/ia/,Rob Sand,46,Zach Lahn,42,4,FALSE
2cefc24c-dab8-41e7-954c-c1e56215262b,a7a35d59-fc2f-4ee7-9670-dd18cbaad2e9,ID,NA,NA,U.S. Senate,The Bullfinch Group,NA,IND,rv,774,2026-05-29,2026-06-01,NA,general,https://www.thebullfinchgroup.com/post/for-immediate-release-independent-todd-achilles-surges-on-informed-ballot,David Roth,15,James Risch,41,-26,TRUE
2cefc24c-dab8-41e7-954c-c1e56215262b,b5b3436a-efa7-41d4-9a96-112e6d07da85,ID,NA,NA,U.S. Senate,The Bullfinch Group,NA,IND,rv,774,2026-05-29,2026-06-01,NA,general,https://www.thebullfinchgroup.com/post/for-immediate-release-independent-todd-achilles-surges-on-informed-ballot,David Roth,33,James Risch,50,-17,TRUE
c122ad52-5f1f-4e63-adb5-0e3e0218943e,daff86b9-af5f-4064-a641-19e32257bf81,ID,NA,NA,U.S. Senate,Peak Insights,NA,REP,lv,500,2026-06-06,2026-06-07,NA,general,https://senatorrisch.com/polling/,David Roth,15,James Risch,55,-40,TRUE
909a333a-6acb-47ed-9a65-5b475b941da2,bcf7bc7f-bd97-4037-9999-9536c18f1fab,ID,NA,NA,U.S. Senate,Change Research,NA,IND,lv,NA,2026-07-28,2026-07-30,NA,general,https://static1.squarespace.com/static/69781c4082a86d0a267710a0/t/6a74dd64f53c5d50f999296c/1786043748443/Release_Polling+Results_Final_8.6.26.pdf,David Roth,13,James Risch,42,-29,TRUE
909a333a-6acb-47ed-9a65-5b475b941da2,61a1d6b9-5055-47ae-aeb3-59fea64816d8,ID,NA,NA,Governor,Change Research,NA,IND,lv,1213,2026-07-28,2026-07-30,NA,general,https://static1.squarespace.com/static/69781c4082a86d0a267710a0/t/6a74dd64f53c5d50f999296c/1786043748443/Release_Polling+Results_Final_8.6.26.pdf,Generic Democrat,31,Brad Little,52,-21,TRUE
909a333a-6acb-47ed-9a65-5b475b941da2,78271eed-d6f1-4b1e-81c7-3438e2a4e6a7,ID,NA,NA,Governor,Change Research,NA,IND,lv,1213,2026-07-28,2026-07-30,NA,general,https://static1.squarespace.com/static/69781c4082a86d0a267710a0/t/6a74dd64f53c5d50f999296c/1786043748443/Release_Polling+Results_Final_8.6.26.pdf,Terri Pickens,26,Brad Little,47,-21,TRUE
909a333a-6acb-47ed-9a65-5b475b941da2,94b369d4-65a2-4331-a9ad-0b93c7c75976,ID,NA,NA,Governor,Change Research,NA,IND,lv,1213,2026-07-28,2026-07-30,NA,general,https://static1.squarespace.com/static/69781c4082a86d0a267710a0/t/6a74dd64f53c5d50f999296c/1786043748443/Release_Polling+Results_Final_8.6.26.pdf,Terri Pickens,32,Brad Little,54,-22,TRUE
8fe3ba32-52bc-45e8-b8c2-2fc650cd2e1c,12ba0c6c-c55d-4c46-8ef6-209e23f0ef11,IL,NA,NA,Governor,Victory Research,NA,NA,lv,1200,2025-11-20,2025-11-24,NA,general,https://www.fox32chicago.com/news/illinois-jb-pritzker-poll-nov-25,JB Pritzker,54.3,Darren Bailey,34,20.299999999999997,FALSE
1609f740-bfac-4e97-967a-7a4609268938,1a32bb7c-e772-4c09-98a4-cf324acd574b,KS,NA,NA,U.S. Senate,Tavern Research,NA,NA,lv,1013,2026-01-26,2026-01-28,NA,general,https://mailchi.mp/noahforkansas/041726icymi?e=eabd966005,Patrick Schmidt,46,Roger Marshall,54,-8,FALSE
1609f740-bfac-4e97-967a-7a4609268938,20a63636-0314-4308-9dcf-213dda869425,KS,NA,NA,U.S. Senate,Tavern Research,NA,NA,lv,1013,2026-01-26,2026-01-28,NA,general,https://mailchi.mp/noahforkansas/041726icymi?e=eabd966005,Noah Taylor,45,Roger Marshall,55,-10,FALSE
1609f740-bfac-4e97-967a-7a4609268938,608ac264-2cf0-473f-9077-4a4e42a05fc1,KS,NA,NA,U.S. Senate,Tavern Research,NA,NA,lv,1013,2026-01-26,2026-01-28,NA,general,https://mailchi.mp/noahforkansas/041726icymi?e=eabd966005,Adam Hamilton,46,Roger Marshall,54,-8,FALSE
1609f740-bfac-4e97-967a-7a4609268938,d0441e5f-a870-45fa-87e9-8fdb63ea8e1c,KS,NA,NA,U.S. Senate,Tavern Research,NA,NA,lv,1013,2026-01-26,2026-01-28,NA,general,https://mailchi.mp/noahforkansas/041726icymi?e=eabd966005,Generic Democrat,46,Roger Marshall,54,-8,FALSE
db1fc453-f2fa-46e8-a6cf-dc61581e548b,4fef14ea-5eb6-423e-8828-e4c07f234e69,KS,NA,NA,U.S. Senate,GQR,NA,DEM,lv,500,2026-04-23,2026-04-27,NA,general,https://x.com/JacobRubashkin/status/2052495746461471175?s=20,Patrick Schmidt,45,Roger Marshall,49,-4,TRUE
a5409ebe-3c9f-42c9-8e26-ffba5acadc68,4c09ee9b-2f3b-44e5-94b7-fa76d0755570,KS,NA,NA,U.S. Senate,GBAO,NA,DEM,lv,600,2026-07-08,2026-07-13,NA,general,https://www.politico.com/newsletters/playbook-pm/2026/08/07/the-gops-new-economic-anchor-01029005,Adam Hamilton,43,Roger Marshall,47,-4,TRUE
e7abad22-0e2d-47e8-8f87-76f63f3ea716,69641804-acc4-4e61-bb10-10f3f6995bcb,KS,NA,NA,U.S. Senate,Public Policy Polling,Senate Majority PAC,DEM,rv,NA,2026-08-07,2026-08-08,NA,general,https://static01.nyt.com/newsgraphics/documenttools/b727068b48546990/3bda8f92-full.pdf,Adam Hamilton,45,Roger Marshall,46,-1,TRUE
3a7ff75c-d551-4cbd-aadc-b455292f1ada,4e5cc697-380c-4c35-9625-27e4ff83d0bb,KS,NA,NA,U.S. Senate,Global Strategy Group,People Over Politics Action Fund,DEM,lv,800,2026-08-12,2026-08-16,NA,general,https://www.the-downballot.com/p/morning-digest-massachusetts-could,Adam Hamilton,44,Roger Marshall,43,1,TRUE
fcb4abeb-9b26-40d8-bf53-6b6806354c7c,d558def1-792e-4d23-983c-2556307ded1f,KS,NA,NA,Governor,Global Strategy Group,NA,DEM,lv,600,2026-08-13,2026-08-16,NA,general,https://www.politico.com/newsletters/playbook/2026/08/28/nevada-dems-2028-reality-check-01053864,Cindy Holscher,47,Ty Masterson,46,1,TRUE
8f9d28d7-4b18-4a97-b827-bd29bb7d211a,6d56ec46-f347-4bdf-b651-ddf7ec3a41cd,KS,NA,NA,U.S. Senate,co/efficient,NA,NA,lv,915,2026-09-08,2026-09-10,NA,general,https://battlegrounds.coefficient.org/ks/,Adam Hamilton,44,Roger Marshall,49,-5,FALSE
8f9d28d7-4b18-4a97-b827-bd29bb7d211a,b18354c4-724c-4435-960a-b0b6fde5a694,KS,NA,NA,U.S. Senate,co/efficient,NA,NA,lv,915,2026-09-08,2026-09-10,NA,general,https://battlegrounds.coefficient.org/ks/,Generic Democrat,45,Generic Republican,51,-6,FALSE
8f9d28d7-4b18-4a97-b827-bd29bb7d211a,d2d5de3d-c8f6-4644-acda-478cb227902b,KS,NA,NA,Governor,co/efficient,NA,NA,lv,915,2026-09-08,2026-09-10,NA,general,https://battlegrounds.coefficient.org/ks/,Cindy Holscher,43,Ty Masterson,51,-8,FALSE
8b579ddd-2169-412e-8ce9-074cc2643108,8c872235-9531-44b6-ad7e-48d891628dba,KS,NA,NA,U.S. Senate,Emerson College,Nexstar,NA,lv,750,2026-09-15,2026-09-16,NA,general,https://emersoncollegepolling.com/kansas-2026/,Adam Hamilton,44.75,Roger Marshall,43.3,1.4500000000000028,FALSE
8b579ddd-2169-412e-8ce9-074cc2643108,b68a8b18-533a-4a5b-aba1-b1f7b3e0cf90,KS,NA,NA,Governor,Emerson College,Nexstar,NA,lv,750,2026-09-15,2026-09-16,NA,general,https://emersoncollegepolling.com/kansas-2026/,Cindy Holscher,43.48,Ty Masterson,50.82,-7.340000000000003,FALSE
0b7fff34-7e98-4953-92ba-f7035a5f7e8f,4af965d7-0b2e-4d75-8db3-acc353976585,KY,NA,NA,U.S. Senate,Public Policy Polling,NA,DEM,rv,650,2025-12-18,2025-12-19,NA,general,https://www.kentucky.com/news/politics-government/article314061118.html,Charles Booker,39,Daniel Cameron,46,-7,TRUE
0b7fff34-7e98-4953-92ba-f7035a5f7e8f,82a5994a-b26f-45b3-afb1-455e8ff90c61,KY,NA,NA,U.S. Senate,Public Policy Polling,NA,DEM,rv,648,2025-12-18,2025-12-19,NA,general,https://www.kentucky.com/news/politics-government/article314061118.html,Amy McGrath,35,Generic Republican,51,-16,TRUE
0b7fff34-7e98-4953-92ba-f7035a5f7e8f,a4daf9fd-c50a-4e06-b07e-796e108b3206,KY,NA,NA,U.S. Senate,Public Policy Polling,NA,DEM,rv,650,2025-12-18,2025-12-19,NA,general,https://www.kentucky.com/news/politics-government/article314061118.html,Charles Booker,40,Nate Morris,41,-1,TRUE
0b7fff34-7e98-4953-92ba-f7035a5f7e8f,b846453f-7232-4dbe-901b-0580780c39fc,KY,NA,NA,U.S. Senate,Public Policy Polling,NA,DEM,rv,650,2025-12-18,2025-12-19,NA,general,https://www.kentucky.com/news/politics-government/article314061118.html,Charles Booker,38,Andy Barr,49,-11,TRUE
0b7fff34-7e98-4953-92ba-f7035a5f7e8f,e6d3070e-e05a-4be6-936e-a56393d81726,KY,NA,NA,U.S. Senate,Public Policy Polling,NA,DEM,rv,649,2025-12-18,2025-12-19,NA,general,https://www.kentucky.com/news/politics-government/article314061118.html,Charles Booker,36,Generic Republican,50,-14,TRUE
8e8d7685-88cb-4337-ae68-848158d5d113,84c909b8-7800-40a9-ad74-0ddcd9d08ef8,KY,NA,NA,U.S. Senate,Global Strategy Group,NA,DEM,lv,600,2026-08-24,2026-08-27,NA,general,https://fox56news.com/news/kentucky/new-poll-shows-charles-booker-trailing-just-behind-andy-barr-in-race-for-senate/,Charles Booker,40,Andy Barr,49,-9,TRUE
1be76207-bfa8-40f6-aa1f-b0a835f069ea,c8f1ad3c-55a1-477a-ac95-85a0fa9be383,LA,NA,NA,U.S. Senate,Public Policy Polling,NA,DEM,rv,518,2026-07-21,2026-07-22,NA,primary,https://bayouprogressive.com/2026/08/new-poll-puts-jamie-davis-four-points-behind-julia-letlow-as-1-in-5-voters-remain-undecided/,James Davis,37,Julia Letlow,41,-4,TRUE
9e28ae65-9223-53c4-b97f-b3c086eb8593,af0be288-e84f-467c-9aed-9a299fb73f8d,MA,NA,NA,U.S. Senate,MassINC Polling Group,NA,NA,lv,582,2024-10-29,2024-11-01,NA,general,https://www.massincpolling.com/our-work/final-mpg-poll-of-massachusetts-voters-find-harris-warren-maintaining-commanding-leads,Ed Markey,34,Charles D. Baker,40,-6,FALSE
29d3584e-4df8-5947-9540-b9433f7bb0a1,aa762b68-9403-4ed3-b2c6-a169ebac11e3,MA,NA,NA,U.S. Senate,YouGov,UMass Amherst | WCVB-TV,NA,a,700,2025-02-14,2025-02-20,NA,general,https://www.umass.edu/news/article/housing-tops-list-concerns-massachusetts-voters-new-umass-amherstwcvb-poll-finds,Ed Markey,35,Charles D. Baker,33,2,FALSE
732db927-e4bc-43f7-abcb-17a12248964a,0bbe8c7e-c09c-41ad-a7c9-b8f34af93658,MA,NA,NA,Governor,YouGov,UMass Amherst,NA,a,700,2025-02-14,2025-02-20,NA,general,https://www.umass.edu/political-science/about/reports/2025#toc-toplines-and-crosstabs,Maura Healey,44,Brian Shortsleeve,12,32,FALSE
732db927-e4bc-43f7-abcb-17a12248964a,260cc4c7-39e7-49b6-a2f9-c9b4745fa03e,MA,NA,NA,Governor,YouGov,UMass Amherst,NA,a,700,2025-02-14,2025-02-20,NA,general,https://www.umass.edu/political-science/about/reports/2025#toc-toplines-and-crosstabs,Maura Healey,41,Peter Durant,14,27,FALSE
732db927-e4bc-43f7-abcb-17a12248964a,444766db-aa0d-44ee-8408-55a4aad24baa,MA,NA,NA,Governor,YouGov,UMass Amherst,NA,a,700,2025-02-14,2025-02-20,NA,general,https://www.umass.edu/political-science/about/reports/2025#toc-toplines-and-crosstabs,Maura Healey,40,Mike Kennealy,15,25,FALSE
732db927-e4bc-43f7-abcb-17a12248964a,904c338d-82ac-4b46-81e4-801ab3a8696a,MA,NA,NA,Governor,YouGov,UMass Amherst,NA,a,700,2025-02-14,2025-02-20,NA,general,https://www.umass.edu/political-science/about/reports/2025#toc-toplines-and-crosstabs,Maura Healey,44,Lew Evangelidis,14,30,FALSE
732db927-e4bc-43f7-abcb-17a12248964a,c8552648-0a0c-44be-aa5d-f59f7c1cfb6b,MA,NA,NA,Governor,YouGov,UMass Amherst,NA,a,700,2025-02-14,2025-02-20,NA,general,https://www.umass.edu/political-science/about/reports/2025#toc-toplines-and-crosstabs,Maura Healey,45,John Deaton,25,20,FALSE
ca567a7a-3461-4a1f-b293-0446e1b77369,1cc071d1-3aff-4a93-afcb-73fad8b0c0b7,MA,NA,NA,U.S. Senate,SurveyUSA,MA Responsible Alliance,NA,rv,775,2025-02-28,2025-03-04,NA,general,https://www.surveyusa.com/client/PollReport.aspx?g=adc70fa6-00da-4a97-9b1a-7eb4844e0302,Ed Markey,45,John Deaton,26,19,FALSE
b45b423a-6030-4efe-aa55-b1c0226839ac,111bae70-03cc-42d4-8e45-fbdd0ba699ae,MA,NA,NA,Governor,Advantage Inc.,Fiscal Alliance Foundation,NA,lv,750,2025-09-24,2025-09-25,NA,general,https://www.fiscalalliancefoundation.org/new-poll-voters-back-income-tax-cut-reject-rent-control-support-natural-gas-nuclear-expansion,Maura Healey,46,Brian Shortsleeve,31.33,14.670000000000002,FALSE
b45b423a-6030-4efe-aa55-b1c0226839ac,7e290a67-59b6-493d-b4ec-92cd61894d6a,MA,NA,NA,Governor,Advantage Inc.,Fiscal Alliance Foundation,NA,lv,750,2025-09-24,2025-09-25,NA,general,https://www.fiscalalliancefoundation.org/new-poll-voters-back-income-tax-cut-reject-rent-control-support-natural-gas-nuclear-expansion,Maura Healey,44.93,Mike Kennealy,34.13,10.799999999999997,FALSE
50ae1ae8-f389-430b-a43a-db848b697b56,9ac4a65f-fea5-4c58-b2ad-fd58c9831c70,MA,NA,NA,Governor,YouGov,UMass Amherst | WCVB-TV,NA,a,800,2025-10-21,2025-10-29,NA,general,https://www.umass.edu/political-science/about/reports/2025-12,Maura Healey,48,Brian Shortsleeve,27,21,FALSE
50ae1ae8-f389-430b-a43a-db848b697b56,d68ca1d1-1e82-4ef5-83cb-cf58ea10dcec,MA,NA,NA,Governor,YouGov,UMass Amherst | WCVB-TV,NA,a,800,2025-10-21,2025-10-29,NA,general,https://www.umass.edu/political-science/about/reports/2025-12,Maura Healey,51,Mike Minogue,26,25,FALSE
50ae1ae8-f389-430b-a43a-db848b697b56,d8f14f99-f98b-4fb1-a34c-27f7cd626551,MA,NA,NA,Governor,YouGov,UMass Amherst | WCVB-TV,NA,a,800,2025-10-21,2025-10-29,NA,general,https://www.umass.edu/political-science/about/reports/2025-12,Maura Healey,49,Mike Kennealy,27,22,FALSE
2c6268e3-dccd-438f-9b60-9f9ecdb3f9ae,353c9de0-0385-43c5-bbc3-ae5e879b367b,MA,NA,NA,U.S. Senate,Suffolk University,Boston Globe,NA,rv,500,2025-11-19,2025-11-23,NA,general,https://www.suffolk.edu/academics/research-at-suffolk/political-research-center/polls/massachusetts#collapse-November-25-2025-Massachusetts-Statewide-Issues-with-The-Boston-Globe,Seth Moulton,52,John Deaton,29,23,FALSE
2c6268e3-dccd-438f-9b60-9f9ecdb3f9ae,d68a7ce7-3bb1-4755-8d7b-736e9066c8ad,MA,NA,NA,U.S. Senate,Suffolk University,Boston Globe,NA,rv,500,2025-11-19,2025-11-23,NA,general,https://www.suffolk.edu/academics/research-at-suffolk/political-research-center/polls/massachusetts#collapse-November-25-2025-Massachusetts-Statewide-Issues-with-The-Boston-Globe,Ed Markey,54,John Deaton,31,23,FALSE
32777793-8991-4605-8ee2-872a809cb7bd,ad5236af-d427-4646-b5a8-ed124b62729b,MA,NA,NA,U.S. Senate,Cygnal Political,NA,REP,lv,800,2026-01-22,2026-01-25,NA,general,https://www.politico.com/newsletters/massachusetts-playbook/2026/02/19/senate-adds-healeys-higher-ed-bill-to-the-agenda-00787852,Ed Markey,54,John Deaton,30,24,TRUE
747b9db8-e140-45f5-b3ef-3ba1054bd8b1,650e9293-8613-4c65-acfd-f58a68a29795,MA,NA,NA,U.S. Senate,University of New Hampshire,NA,NA,lv,611,2026-02-12,2026-02-16,NA,general,https://scholars.unh.edu/survey_center_polls/931/,Seth Moulton,59,John Deaton,23,36,FALSE
747b9db8-e140-45f5-b3ef-3ba1054bd8b1,94006e38-da76-41a2-849c-d0a93e49614a,MA,NA,NA,U.S. Senate,University of New Hampshire,NA,NA,lv,616,2026-02-12,2026-02-16,NA,general,https://scholars.unh.edu/survey_center_polls/931/,Ed Markey,56,John Deaton,27,29,FALSE
747b9db8-e140-45f5-b3ef-3ba1054bd8b1,419efad4-2a0b-420f-8e1d-98603da89e52,MA,NA,NA,Governor,University of New Hampshire,NA,NA,lv,612,2026-02-12,2026-02-16,NA,general,https://scholars.unh.edu/survey_center_polls/931/,Maura Healey,55,Mike Kennealy,28,27,FALSE
747b9db8-e140-45f5-b3ef-3ba1054bd8b1,7a674ae6-5e4c-4e08-8235-1b95974aabdd,MA,NA,NA,Governor,University of New Hampshire,NA,NA,lv,612,2026-02-12,2026-02-16,NA,general,https://scholars.unh.edu/survey_center_polls/931/,Maura Healey,58,Brian Shortsleeve,28,30,FALSE
747b9db8-e140-45f5-b3ef-3ba1054bd8b1,ab41e600-0c99-4aa4-81c2-c02843e1f263,MA,NA,NA,Governor,University of New Hampshire,NA,NA,lv,612,2026-02-12,2026-02-16,NA,general,https://scholars.unh.edu/survey_center_polls/931/,Maura Healey,56,Mike Minogue,27,29,FALSE
d402ce3b-830d-4b62-a170-3c6f99f55879,4ccbfc9c-3eef-4c23-b334-c53afa089f3b,MA,NA,NA,U.S. Senate,University of New Hampshire,NA,NA,lv,603,2026-04-16,2026-04-20,NA,general,https://scholars.unh.edu/survey_center_polls/945/,Ed Markey,55,John Deaton,32,23,FALSE
d402ce3b-830d-4b62-a170-3c6f99f55879,f570c67e-0e6b-4fe2-90d9-dad763fd3bd9,MA,NA,NA,U.S. Senate,University of New Hampshire,NA,NA,lv,600,2026-04-16,2026-04-20,NA,general,https://scholars.unh.edu/survey_center_polls/945/,Seth Moulton,56,John Deaton,25,31,FALSE
d402ce3b-830d-4b62-a170-3c6f99f55879,8aeded60-ba2a-492a-bb65-37423fcdd83a,MA,NA,NA,Governor,University of New Hampshire,NA,NA,lv,603,2026-04-16,2026-04-20,NA,general,https://scholars.unh.edu/survey_center_polls/945/,Maura Healey,51,Brian Shortsleeve,29,22,FALSE
d402ce3b-830d-4b62-a170-3c6f99f55879,d4c71eef-704c-4651-9c04-869f10e2973a,MA,NA,NA,Governor,University of New Hampshire,NA,NA,lv,597,2026-04-16,2026-04-20,NA,general,https://scholars.unh.edu/survey_center_polls/945/,Maura Healey,53,Mike Kennealy,32,21,FALSE
d402ce3b-830d-4b62-a170-3c6f99f55879,e2219df1-7c99-4e11-8876-250b56fd70e2,MA,NA,NA,Governor,University of New Hampshire,NA,NA,lv,599,2026-04-16,2026-04-20,NA,general,https://scholars.unh.edu/survey_center_polls/945/,Maura Healey,52,Mike Minogue,32,20,FALSE
bf0901ac-25b5-40c3-b526-3fa10c20dbcf,55d9accc-68fb-44c4-a5a0-a28e47100b25,MA,NA,NA,Governor,Polity Research Consulting,Retailers Association of Massachusetts,NA,rv,608,2026-04-29,2026-05-07,NA,general,https://www.wwlp.com/news/massachusetts/poll-voters-support-healey-but-unsure-of-states-future/,Maura Healey,59,Brian Shortsleeve,30,29,FALSE
bf0901ac-25b5-40c3-b526-3fa10c20dbcf,e81c47f7-90a5-49f0-9019-62a5221e8e37,MA,NA,NA,Governor,Polity Research Consulting,Retailers Association of Massachusetts,NA,rv,608,2026-04-29,2026-05-07,NA,general,https://www.wwlp.com/news/massachusetts/poll-voters-support-healey-but-unsure-of-states-future/,Maura Healey,58,Mike Minogue,31,27,FALSE
47a39d12-58de-4b2d-914b-9a03d338c607,548114f1-da7b-4519-8f94-28ba4d366734,MA,NA,NA,U.S. Senate,Suffolk University,Boston Globe,NA,rv,500,2026-06-08,2026-06-12,NA,general,https://www.suffolk.edu/academics/research-at-suffolk/political-research-center/polls/massachusetts#collapse-June-16-2026-Massachusetts-Governor-and-US-Senate-with-The-Boston-Globe,Seth Moulton,53.8,John Deaton,26.2,27.599999999999998,FALSE
47a39d12-58de-4b2d-914b-9a03d338c607,adef2685-55ff-4160-b83c-bdd9c1a20338,MA,NA,NA,U.S. Senate,Suffolk University,Boston Globe,NA,rv,500,2026-06-08,2026-06-12,NA,general,https://www.suffolk.edu/academics/research-at-suffolk/political-research-center/polls/massachusetts#collapse-June-16-2026-Massachusetts-Governor-and-US-Senate-with-The-Boston-Globe,Ed Markey,55,John Deaton,29.8,25.2,FALSE
47a39d12-58de-4b2d-914b-9a03d338c607,2c0c2d64-4548-4f93-8d0a-85dd3a13e30b,MA,NA,NA,Governor,Suffolk University,Boston Globe,NA,rv,500,2026-06-08,2026-06-12,NA,general,https://www.suffolk.edu/academics/research-at-suffolk/political-research-center/polls/massachusetts#collapse-June-16-2026-Massachusetts-Governor-and-US-Senate-with-The-Boston-Globe,Maura Healey,56.2,Mike Minogue,31,25.200000000000003,FALSE
47a39d12-58de-4b2d-914b-9a03d338c607,7199e325-d177-477a-86cb-940e6a4831de,MA,NA,NA,Governor,Suffolk University,Boston Globe,NA,rv,500,2026-06-08,2026-06-12,NA,general,https://www.suffolk.edu/academics/research-at-suffolk/political-research-center/polls/massachusetts#collapse-June-16-2026-Massachusetts-Governor-and-US-Senate-with-The-Boston-Globe,Maura Healey,56.4,Brian Shortsleeve,29.4,27,FALSE
28aaca86-3405-459d-bde1-783a3c56eef3,b91ed6fd-97df-463a-a670-266fbe3ad4c2,MA,NA,NA,U.S. Senate,University of New Hampshire,NA,NA,lv,600,2026-06-18,2026-06-23,NA,general,https://scholars.unh.edu/survey_center_polls/973/,Seth Moulton,50,John Deaton,30,20,FALSE
28aaca86-3405-459d-bde1-783a3c56eef3,e1dd8e80-9fb0-4f83-8af4-0a3dfddbe0ef,MA,NA,NA,U.S. Senate,University of New Hampshire,NA,NA,lv,618,2026-06-18,2026-06-23,NA,general,https://scholars.unh.edu/survey_center_polls/973/,Ed Markey,50,John Deaton,34,16,FALSE
28aaca86-3405-459d-bde1-783a3c56eef3,0fdfd6f6-8a9a-4ce0-9cce-1ee2183f2344,MA,NA,NA,Governor,University of New Hampshire,NA,NA,lv,608,2026-06-18,2026-06-23,NA,general,https://scholars.unh.edu/survey_center_polls/973/,Maura Healey,51,Mike Minogue,32,19,FALSE
28aaca86-3405-459d-bde1-783a3c56eef3,d05d8a89-2ecd-46fa-8944-a67ee9e5a2a6,MA,NA,NA,Governor,University of New Hampshire,NA,NA,lv,608,2026-06-18,2026-06-23,NA,general,https://scholars.unh.edu/survey_center_polls/973/,Maura Healey,50,Brian Shortsleeve,32,18,FALSE
4b4746d6-4dad-447c-8659-d24dd5be4b13,347f596e-fc2b-425e-b896-0ddbdf31aa6b,MA,NA,NA,U.S. Senate,YouGov,UMass Amherst | WCVB-TV,NA,rv,800,2026-08-05,2026-08-12,NA,general,https://www.umass.edu/news/article/experience-trust-drive-bay-state-primary-voters-support-markey-over-moulton-new-umass,Seth Moulton,49,John Deaton,25,24,FALSE
4b4746d6-4dad-447c-8659-d24dd5be4b13,b2a251e9-3c43-4821-a338-f6e9229aead3,MA,NA,NA,U.S. Senate,YouGov,UMass Amherst | WCVB-TV,NA,rv,800,2026-08-05,2026-08-12,NA,general,https://www.umass.edu/news/article/experience-trust-drive-bay-state-primary-voters-support-markey-over-moulton-new-umass,Ed Markey,51,John Deaton,30,21,FALSE
4b4746d6-4dad-447c-8659-d24dd5be4b13,26ab46ac-4225-4ba8-94b1-9974a4ceab43,MA,NA,NA,Governor,YouGov,UMass Amherst | WCVB-TV,NA,rv,800,2026-08-05,2026-08-12,NA,general,https://www.umass.edu/news/article/experience-trust-drive-bay-state-primary-voters-support-markey-over-moulton-new-umass,Maura Healey,53,Mike Minogue,33,20,FALSE
4b4746d6-4dad-447c-8659-d24dd5be4b13,e985d00c-90e1-4bcf-9d04-be42e73ec329,MA,NA,NA,Governor,YouGov,UMass Amherst | WCVB-TV,NA,rv,800,2026-08-05,2026-08-12,NA,general,https://www.umass.edu/news/article/experience-trust-drive-bay-state-primary-voters-support-markey-over-moulton-new-umass,Maura Healey,51,Brian Shortsleeve,32,19,FALSE
c3730e7e-803e-4ba0-bc0f-f7ada8bd3fc2,341089bf-e324-430d-8db9-2b8b080481fe,MA,NA,NA,U.S. Senate,University of New Hampshire,7News,NA,lv,893,2026-08-20,2026-08-24,NA,general,https://scholars.unh.edu/survey_center_polls/989/,Seth Moulton,38,John Deaton,25,13,FALSE
c3730e7e-803e-4ba0-bc0f-f7ada8bd3fc2,4d38a24c-8f0c-4725-9e49-325ca5f32797,MA,NA,NA,U.S. Senate,University of New Hampshire,7News,NA,lv,906,2026-08-20,2026-08-24,NA,general,https://scholars.unh.edu/survey_center_polls/989/,Ed Markey,49,John Deaton,30,19,FALSE
c3730e7e-803e-4ba0-bc0f-f7ada8bd3fc2,8c2c89cc-405e-425c-ac68-f8a64b106702,MA,NA,NA,Governor,University of New Hampshire,7News,NA,lv,881,2026-08-20,2026-08-24,NA,general,https://scholars.unh.edu/survey_center_polls/989/,Maura Healey,55,Brian Shortsleeve,28,27,FALSE
c3730e7e-803e-4ba0-bc0f-f7ada8bd3fc2,df4f2ea0-8c90-4c6b-aacb-2dd16d54eb31,MA,NA,NA,Governor,University of New Hampshire,7News,NA,lv,884,2026-08-20,2026-08-24,NA,general,https://scholars.unh.edu/survey_center_polls/989/,Maura Healey,54,Mike Minogue,30,24,FALSE
81b666da-7da3-4591-8c9c-592406ae6544,0478cfa9-6fc9-46d9-91a0-04a425a3ac10,MD,NA,NA,Governor,OpinionWorks,Baltimore Banner | Robert W. Deutsch Foundation,NA,rv,928,2025-10-07,2025-10-10,NA,general,https://www.thebanner.com/politics-power/state-government/banner-poll-wes-moore-approval-HBCT5K7QNZBOZM2K2BVO32QKYA/,Wes Moore,45,Larry Hogan,37,8,FALSE
ec83baa8-0c41-4f2d-b588-2c65965eeacd,95aa430a-55aa-4cfb-8f62-a5a6faba97db,MD,NA,NA,Governor,University of Maryland Baltimore County,NA,NA,rv,757,2025-10-21,2025-10-25,NA,general,https://htv-prod-media.s3.amazonaws.com/files/umbc-poll-part-1-69056edeb03af.pdf,Wes Moore,49,Generic Republican,29,20,FALSE
3b7ea0a7-3ca6-4ab2-b617-c317db644808,61325b9a-b005-4e87-874c-5332ae7e7dbc,MD,NA,NA,Governor,Gonzales Research,NA,NA,lv,808,2025-12-21,2026-01-06,NA,general,https://wjla.com/news/local/marylanders-divided-on-states-direction-gov-moores-approval-rating-drops-poll-shows,Wes Moore,49.9,Generic Republican,28,21.9,FALSE
096dcd38-110d-4289-908e-ea799c4b3fa8,a293ee6c-8948-4e11-b8ae-7ef4553e304b,MD,NA,NA,Governor,Zenith Research,Blended Public Affairs | Perry Jacobson,DEM,lv,800,2026-07-27,2026-08-03,NA,general,https://marylandmatters.org/2026/08/12/poll-moore-enjoys-comfortable-early-lead-against-cox-in-governors-rematch/,Wes Moore,58,Dan Cox,31,27,TRUE
5aee4b52-8287-4385-ae50-de34900fb9ac,6794f33e-e9a9-40b1-bddd-7d6193816c05,ME,NA,NA,U.S. Senate,Upswing Research,NA,DEM,lv,600,2025-03-21,2025-03-25,NA,general,https://x.com/NenoNicolosio/status/1955659960748290197,Jordan Wood,42,Susan Collins,43,-1,TRUE
44968742-8516-466f-906e-85dfe3e195a9,95f29866-50f1-40b4-ba5d-17823acdd20e,ME,NA,NA,U.S. Senate,Public Policy Polling,NA,DEM,rv,642,2025-09-08,2025-09-09,NA,general,https://s3.documentcloud.org/documents/26100765/me-sen-public-policy-polling-d-for-dan-kleban-sept-2025.pdf?utm_source=substack&utm_medium=email,Dan Kleban,44,Susan Collins,35,9,TRUE
b5100979-2740-4faa-bf28-7177a120bbce,1cfae712-e955-446d-82fe-86c8d3e957df,ME,NA,NA,U.S. Senate,Zenith Research,More Perfect Union,NA,lv,501,2025-10-07,2025-10-10,NA,general,https://substack.perfectunion.us/p/poll-platner-best-positioned-maine,Graham Platner,38,Susan Collins,38,0,FALSE
b5100979-2740-4faa-bf28-7177a120bbce,abb50f20-fb96-4aa8-80c6-da922a58cb66,ME,NA,NA,U.S. Senate,Zenith Research,More Perfect Union,NA,lv,501,2025-10-07,2025-10-10,NA,general,https://substack.perfectunion.us/p/poll-platner-best-positioned-maine,Janet Mills,42,Susan Collins,37,5,FALSE
07f68eff-7e26-4d5d-a77f-1194be2dbd43,13612c74-1d74-48ff-b0d9-a8e3b6bed0e1,ME,NA,NA,U.S. Senate,Maine People's Resource Center,NA,NA,rv,783,2025-10-26,2025-10-29,NA,general,https://mainepeoplesalliance.org/poll-majority-of-voters-disapprove-of-collins-on-shutdown/,Janet Mills,41.7,Susan Collins,45.8,-4.099999999999994,FALSE
07f68eff-7e26-4d5d-a77f-1194be2dbd43,317e3600-2ac9-4995-81da-9eb1269fc1eb,ME,NA,NA,U.S. Senate,Maine People's Resource Center,NA,NA,rv,783,2025-10-26,2025-10-29,NA,general,https://mainepeoplesalliance.org/poll-majority-of-voters-disapprove-of-collins-on-shutdown/,Graham Platner,44.8,Susan Collins,40.9,3.8999999999999986,FALSE
0c313589-1867-4fc7-a570-e124dc20fd0f,96796342-cd84-4958-83ac-f672b1e44c3b,ME,NA,NA,U.S. Senate,Cygnal Political,Plymouth Union Public Advocacy,NA,lv,600,2025-11-10,2025-11-11,NA,general,https://pup-advocacy.com/wp-content/uploads/2025/11/ME-HC-Tax-Credit-Poll-Memo-3.pdf,Generic Democrat,49,Susan Collins,41,8,FALSE
2acdb89c-0b1e-44ea-9b77-f6bb833e2766,290b5458-a07d-4dd3-8c7d-e2f4e51ad270,ME,NA,NA,U.S. Senate,Pan Atlantic SMS Group,NA,NA,lv,820,2025-11-29,2025-12-07,NA,general,https://www.newscentermaine.com/article/news/politics/maine-politics/mills-platner-maine-us-senate-race-susan-collins-pan-atlantic-research-poll/97-78602517-3f27-4144-bf7b-894bb2366fc5,Janet Mills,43,Susan Collins,43,0,FALSE
2acdb89c-0b1e-44ea-9b77-f6bb833e2766,e42e01cc-6fcd-445e-b504-596cd28a9f1a,ME,NA,NA,U.S. Senate,Pan Atlantic SMS Group,NA,NA,lv,820,2025-11-29,2025-12-07,NA,general,https://www.newscentermaine.com/article/news/politics/maine-politics/mills-platner-maine-us-senate-race-susan-collins-pan-atlantic-research-poll/97-78602517-3f27-4144-bf7b-894bb2366fc5,Graham Platner,43,Susan Collins,42,1,FALSE
701549bc-b2f6-46ff-82cc-b85549b7bc2e,771a43ab-0381-41cc-91d4-b78f2f976e46,ME,NA,NA,U.S. Senate,Workbench Strategy,NA,DEM,lv,900,2025-12-11,2025-12-16,NA,general,https://x.com/grahamformaine/status/2011157211050074612,Graham Platner,50.4,Susan Collins,49.6,0.7999999999999972,TRUE
701549bc-b2f6-46ff-82cc-b85549b7bc2e,f25d0a29-8143-4bf3-aad2-4494199aee64,ME,NA,NA,U.S. Senate,Workbench Strategy,NA,DEM,lv,900,2025-12-11,2025-12-16,NA,general,https://x.com/grahamformaine/status/2011157211050074612,Janet Mills,48.6,Susan Collins,51.4,-2.799999999999997,TRUE
23d4dab6-450d-401f-98a1-cb40e23c57d0,a25afe57-b128-45cf-990e-980a2819b1ed,ME,NA,NA,U.S. Senate,"Fabrizio, Lee & Associates",Pine Tree Results,REP,lv,800,2026-01-20,2026-01-24,NA,general,https://subscriber.politicopro.com/f/?id=0000019c-2aaf-d647-addc-abef0b310000,Janet Mills,44,Susan Collins,45,-1,TRUE
23d4dab6-450d-401f-98a1-cb40e23c57d0,c29108b0-eb2e-4d7b-8b6b-f1b700226657,ME,NA,NA,U.S. Senate,"Fabrizio, Lee & Associates",Pine Tree Results,REP,lv,800,2026-01-20,2026-01-24,NA,general,https://subscriber.politicopro.com/f/?id=0000019c-2aaf-d647-addc-abef0b310000,Graham Platner,44,Susan Collins,45,-1,TRUE
bee4c333-68db-4b75-99ff-9e09ce897299,0766a3cf-a203-42f0-9a74-435c26865ea9,ME,NA,NA,U.S. Senate,University of New Hampshire,NA,NA,lv,1097,2026-02-12,2026-02-16,NA,general,https://scholars.unh.edu/survey_center_polls/930/,Janet Mills,41,Susan Collins,40,1,FALSE
bee4c333-68db-4b75-99ff-9e09ce897299,0e6a292f-26af-46b4-93e8-129accbf1779,ME,NA,NA,U.S. Senate,University of New Hampshire,NA,NA,lv,1105,2026-02-12,2026-02-16,NA,general,https://scholars.unh.edu/survey_center_polls/930/,Graham Platner,49,Susan Collins,38,11,FALSE
472d778a-24cc-484c-bf35-30b2de78c5b1,83063c18-fec0-4a8b-a1f6-c6b0dae36d1a,ME,NA,NA,U.S. Senate,Pan Atlantic SMS Group,NA,NA,lv,810,2026-02-13,2026-03-02,NA,general,https://hs-21701012.f.hubspotstarter.net/hubfs/21701012/20260304%2068th%20Omnibus%20Poll%20March%202026.pdf?utm_medium=email&_hsenc=p2ANqtz-8Smdd7JAYw6nBcKm1gfTX5TzCqm0rgKMxcZRco0jyjJhxQiJcRLcVhwNLu29zTOsV3FCNkzssQ0i1ZVFuKVQ_UUvqzVQ&_hsmi=406936398&utm_content=406936398&utm_source=hs_email,Janet Mills,44,Susan Collins,44,0,FALSE
472d778a-24cc-484c-bf35-30b2de78c5b1,8f44a0a4-78f3-4762-9197-0c966554fe6b,ME,NA,NA,U.S. Senate,Pan Atlantic SMS Group,NA,NA,lv,810,2026-02-13,2026-03-02,NA,general,https://hs-21701012.f.hubspotstarter.net/hubfs/21701012/20260304%2068th%20Omnibus%20Poll%20March%202026.pdf?utm_medium=email&_hsenc=p2ANqtz-8Smdd7JAYw6nBcKm1gfTX5TzCqm0rgKMxcZRco0jyjJhxQiJcRLcVhwNLu29zTOsV3FCNkzssQ0i1ZVFuKVQ_UUvqzVQ&_hsmi=406936398&utm_content=406936398&utm_source=hs_email,Graham Platner,44,Susan Collins,40,4,FALSE
3f93eb53-de86-4b13-a99b-bc6f52b4d504,3ef133f6-9912-4a26-82a5-a053258a67eb,ME,NA,NA,U.S. Senate,Quantus Insights,NA,NA,lv,800,2026-03-03,2026-03-05,NA,general,https://quantusinsights.org/f/maine-senate-2026-collins-faces-uncertain-path-to-re-election,Janet Mills,43,Susan Collins,44.6,-1.6000000000000014,FALSE
3f93eb53-de86-4b13-a99b-bc6f52b4d504,70b39abf-3b37-4f67-87c5-ef902c730fa7,ME,NA,NA,U.S. Senate,Quantus Insights,NA,NA,lv,800,2026-03-03,2026-03-05,NA,general,https://quantusinsights.org/f/maine-senate-2026-collins-faces-uncertain-path-to-re-election,Graham Platner,48.6,Susan Collins,41.8,6.800000000000004,FALSE
75c19443-5507-4ead-b1ea-2dc8c5adf836,937b200e-f45f-443d-aa42-006452bc6e65,ME,NA,NA,U.S. Senate,OnMessage Inc.,Insurance Watchdog Coalition,NA,lv,600,2026-03-03,2026-03-08,NA,general,https://www.politico.com/newsletters/playbook/2026/03/11/the-white-house-pain-threshold-00822448,Janet Mills,42,Susan Collins,42,0,FALSE
75c19443-5507-4ead-b1ea-2dc8c5adf836,f6252114-87d9-4405-902b-b4762673c7de,ME,NA,NA,U.S. Senate,OnMessage Inc.,Insurance Watchdog Coalition,NA,lv,600,2026-03-03,2026-03-08,NA,general,https://www.politico.com/newsletters/playbook/2026/03/11/the-white-house-pain-threshold-00822448,Graham Platner,44,Susan Collins,42,2,FALSE
75d5f8bb-0e43-46ea-85f4-64709da26763,015450d2-8ffb-4199-96a5-85fa50c010d8,ME,NA,NA,U.S. Senate,Emerson College,NA,NA,lv,1075,2026-03-21,2026-03-23,NA,general,https://emersoncollegepolling.com/maine-2026-poll-platner-leads-gov-mills-democrats-lead-sen-collins-in-maine/,Janet Mills,46.2,Susan Collins,42.5,3.700000000000003,FALSE
75d5f8bb-0e43-46ea-85f4-64709da26763,473511dc-32e0-4faa-acf1-0a7a98b238b7,ME,NA,NA,U.S. Senate,Emerson College,NA,NA,lv,1075,2026-03-21,2026-03-23,NA,general,https://emersoncollegepolling.com/maine-2026-poll-platner-leads-gov-mills-democrats-lead-sen-collins-in-maine/,Graham Platner,47.8,Susan Collins,40.6,7.199999999999996,FALSE
aa477250-005b-48ed-9b69-46af9f7611e8,3ae37a28-07b9-49e6-9447-32b43a0ed489,ME,NA,NA,U.S. Senate,Maine People's Resource Center,NA,NA,lv,1167,2026-03-20,2026-03-31,NA,general,https://static.notus.org/0b/9f/97515a054eaa89882d18ab798388/poll.pdf,Graham Platner,48.3,Susan Collins,39.3,9,FALSE
aa477250-005b-48ed-9b69-46af9f7611e8,e3412c19-7c32-438b-bbeb-3d9f78456cac,ME,NA,NA,U.S. Senate,Maine People's Resource Center,NA,NA,lv,1167,2026-03-20,2026-03-31,NA,general,https://static.notus.org/0b/9f/97515a054eaa89882d18ab798388/poll.pdf,Janet Mills,41.9,Susan Collins,45,-3.1000000000000014,FALSE
3b22cd8f-d6b6-40ac-8081-858b036bdb3a,401d6fa4-580c-4945-af93-16b10672fa8a,ME,NA,NA,U.S. Senate,Echelon Insights,NetChoice,NA,lv,378,2026-04-03,2026-04-09,NA,general,https://netchoice.org/new-72-of-americans-want-regulators-to-focus-on-lowering-prices-ahead-of-midterms-not-punishing-success/,Janet Mills,48,Susan Collins,46,2,FALSE
3b22cd8f-d6b6-40ac-8081-858b036bdb3a,7ad7f52f-9faa-4887-a5ae-3cf2eb5378ea,ME,NA,NA,U.S. Senate,Echelon Insights,NetChoice,NA,lv,378,2026-04-03,2026-04-09,NA,general,https://netchoice.org/new-72-of-americans-want-regulators-to-focus-on-lowering-prices-ahead-of-midterms-not-punishing-success/,Graham Platner,51,Susan Collins,45,6,FALSE
09a21c73-2dcf-4c37-8c14-fa62361b2c7e,726f59dd-305d-4271-89ac-64f7efdc0cd9,ME,NA,NA,U.S. Senate,Pan Atlantic SMS Group,NA,DEM,lv,827,2026-05-08,2026-05-18,NA,general,https://panatlanticresearch.com/omnibus?_hsenc=p2ANqtz--mveNzLZvrz2o4YuEa_SKLf2ii0MZZVGozgzHfLpMabnQ90q1oovMYUV0sTsyHjLApBbjAh9JT-pWPxeqioipHBuJpTA&_hsmi=419719216&utm_content=419719216,Graham Platner,48,Susan Collins,41,7,TRUE
7bac6163-a4b1-4378-872d-9e3247a9f447,f08730e9-3f4a-4224-a477-ddd18788bd20,ME,NA,NA,U.S. Senate,University of New Hampshire,NA,NA,lv,1250,2026-05-21,2026-05-25,NA,general,https://scholars.unh.edu/survey_center_polls/960/,Graham Platner,51,Susan Collins,42,9,FALSE
e6d59634-97b2-42cb-8244-7fc90f926784,1bad2937-e35c-4904-be2f-20065fab568e,ME,NA,NA,U.S. Senate,University of Massachusetts Lowell Center for Public Opinion/YouGov,NA,NA,lv,650,2026-05-13,2026-05-26,NA,general,https://www.uml.edu/Research/public-opinion/polls/default.aspx,Graham Platner,48,Susan Collins,43,5,FALSE
85d3f37d-3223-465e-8238-2007aa57b45b,3912c052-0bf7-4207-be46-a7e7daf24b37,ME,NA,NA,U.S. Senate,"Fabrizio, Lee & Associates",Pine Tree Results,REP,lv,800,2026-06-01,2026-06-03,NA,general,https://www.politico.com/f/?id=0000019e-95c1-d71f-a5df-97e7612c0000&nname=playbook&nid=0000014f-1646-d88f-a1cf-5f46b7bd0000&nrid=28dd2567-1dde-421b-a770-8c29b8ac0ac9,Graham Platner,46,Susan Collins,46,0,TRUE
8b7b391c-981b-485f-89fa-35ace0cf3903,09175536-f642-40a1-8cc2-ed5b75541d2b,ME,NA,NA,U.S. Senate,Public Policy Polling,NA,DEM,rv,670,2026-06-02,2026-06-03,NA,general,https://drive.google.com/file/d/1sKlb0NNxUIQWQghegeCBjVyOgHhAepGk/view,Graham Platner,49,Susan Collins,45,4,TRUE
2e2c0413-91b8-44b6-b805-5e2f8bc934a1,c93adfe9-7cb2-47c0-9998-17e4908ce176,ME,NA,NA,U.S. Senate,Tavern Research,NA,NA,lv,1642,2026-06-05,2026-06-08,NA,general,https://www.tavernresearch.com/research-and-writings/maine-senate-platner-primary-mills-generic-gap,Janet Mills,52,Susan Collins,48,4,FALSE
2e2c0413-91b8-44b6-b805-5e2f8bc934a1,e2b538ea-d9c4-4113-b29e-4a6c755e6b05,ME,NA,NA,U.S. Senate,Tavern Research,NA,NA,lv,1642,2026-06-05,2026-06-08,NA,general,https://www.tavernresearch.com/research-and-writings/maine-senate-platner-primary-mills-generic-gap,Graham Platner,51,Susan Collins,49,2,FALSE
2e2c0413-91b8-44b6-b805-5e2f8bc934a1,ea03d589-5fef-4b45-981a-6dba56066ff0,ME,NA,NA,U.S. Senate,Tavern Research,NA,NA,lv,1642,2026-06-05,2026-06-08,NA,general,https://www.tavernresearch.com/research-and-writings/maine-senate-platner-primary-mills-generic-gap,Generic Democrat,55,Susan Collins,45,10,FALSE
1dc1cc06-a65f-46f1-a53b-c11769d634dd,4ce5c41d-2c5b-4a2f-9b4e-a67860fad72d,ME,NA,NA,U.S. Senate,Quantus Insights,NA,NA,lv,870,2026-06-09,2026-06-11,NA,general,https://quantusinsights.org/f/maine-senate-race-narrows-to-toss-up-as-collins-closes-gap,Graham Platner,46,Susan Collins,45,1,FALSE
6539644e-fc58-4f80-9d89-ed3a81a98bc6,59aedcbe-d7a7-4508-8b74-c6e181e9378f,ME,NA,NA,U.S. Senate,Wick,2Way,NA,lv,1008,2026-06-11,2026-06-14,NA,general,https://wickhq.ai/blog-maine-2026-senate-race-poll,Graham Platner,47.6,Susan Collins,45.4,2.200000000000003,FALSE
67b56c94-89a5-47e0-ace0-551879438390,db4fb828-b688-4fa2-b8d5-207dfc1b5ec6,ME,NA,NA,U.S. Senate,The New York Times/Siena University,Portland Press Herald,NA,lv,608,2026-06-19,2026-06-26,NA,general,https://www.nytimes.com/2026/06/29/us/politics/collins-platner-maine-senate-poll.html,Graham Platner,49.2,Susan Collins,47.02,2.1799999999999997,FALSE
67b56c94-89a5-47e0-ace0-551879438390,e6da2819-570d-4d76-abe1-2ee0328eaf7b,ME,NA,NA,Governor,The New York Times/Siena University,Portland Press Herald,NA,lv,608,2026-06-19,2026-06-26,NA,general,https://www.nytimes.com/2026/06/29/us/politics/collins-platner-maine-senate-poll.html,Hannah Pingree,55.38,Bobby Charles,39.62,15.760000000000005,FALSE
67b56c94-89a5-47e0-ace0-551879438390,ffc7b78c-11ed-45bb-8c0b-f7e5ef6f0c74,ME,NA,NA,Governor,The New York Times/Siena University,Portland Press Herald,NA,lv,608,2026-06-19,2026-06-26,NA,general,https://www.nytimes.com/2026/06/29/us/politics/collins-platner-maine-senate-poll.html,Hannah Pingree,49.63,Bobby Charles,36.38,13.25,FALSE
ae1179f5-1fe6-4bf7-8b9c-77cc2c2407a1,3d02d386-c3d3-4ab7-b558-0c59ee42754e,ME,NA,NA,U.S. Senate,Beacon Research/Shaw & Company Research,Fox News,NA,rv,1003,2026-06-23,2026-06-27,NA,general,https://www.foxnews.com/politics/fox-news-poll-maine-senate-race-tight-concerns-about-both-candidates,Graham Platner,47,Susan Collins,50,-3,FALSE
ae1179f5-1fe6-4bf7-8b9c-77cc2c2407a1,157140c3-73ea-43aa-a746-81b3a5b88882,ME,NA,NA,Governor,Beacon Research/Shaw & Company Research,Fox News,NA,rv,1003,2026-06-23,2026-06-27,NA,general,https://www.foxnews.com/politics/fox-news-poll-maine-senate-race-tight-concerns-about-both-candidates,Hannah Pingree,53,Bobby Charles,42,11,FALSE
4017c7ce-c6f0-479c-b778-dcb8097a7766,a2bc3752-94f5-4993-b283-e91a6158d4fd,ME,NA,NA,U.S. Senate,Tavern Research,NA,NA,lv,1074,2026-07-03,2026-07-06,NA,general,https://242750075.fs1.hubspotusercontent-na2.net/hubfs/242750075/Toplines%20-%20Maine%20Senate%2007062026.pdf,Graham Platner,52,Susan Collins,48,4,FALSE
f151442b-b6f2-4e67-88fe-f982cd4677c1,149490e0-bac2-4af0-a750-b6c838046576,ME,NA,NA,U.S. Senate,Wedgewood Polls,NA,NA,lv,405,2026-07-04,2026-07-06,NA,general,https://drive.google.com/file/d/1D7onbq7aV59X8lq2-YatdLNakqqCYTnB/view,Janet Mills,47,Susan Collins,47,0,FALSE
f151442b-b6f2-4e67-88fe-f982cd4677c1,890faf44-8988-43da-9122-a527f9babc9c,ME,NA,NA,U.S. Senate,Wedgewood Polls,NA,NA,lv,405,2026-07-04,2026-07-06,NA,general,https://drive.google.com/file/d/1D7onbq7aV59X8lq2-YatdLNakqqCYTnB/view,Troy Jackson,48,Susan Collins,43,5,FALSE
f151442b-b6f2-4e67-88fe-f982cd4677c1,dc285c36-db73-4cda-b916-393c593b5604,ME,NA,NA,U.S. Senate,Wedgewood Polls,NA,NA,lv,405,2026-07-04,2026-07-06,NA,general,https://drive.google.com/file/d/1D7onbq7aV59X8lq2-YatdLNakqqCYTnB/view,Graham Platner,46,Susan Collins,50,-4,FALSE
089a174b-74ee-4363-9ca1-60d01ed22eba,168b661b-ec16-440c-9e58-251e4eabca00,ME,NA,NA,U.S. Senate,Public Policy Polling,NA,DEM,rv,785,2026-07-07,2026-07-07,NA,general,https://www.politico.com/news/2026/07/08/graham-platner-polls-replacements-senate-00990664,Graham Platner,42,Susan Collins,47,-5,TRUE
089a174b-74ee-4363-9ca1-60d01ed22eba,6a9176e4-60f0-487a-ad9f-47cf4d25dfb0,ME,NA,NA,U.S. Senate,Public Policy Polling,NA,DEM,rv,785,2026-07-07,2026-07-07,NA,general,https://www.politico.com/news/2026/07/08/graham-platner-polls-replacements-senate-00990664,Nirav Shah,45,Susan Collins,45,0,TRUE
089a174b-74ee-4363-9ca1-60d01ed22eba,8a5276f7-6a91-49e5-a18e-291266fa6f1d,ME,NA,NA,U.S. Senate,Public Policy Polling,NA,DEM,rv,785,2026-07-07,2026-07-07,NA,general,https://www.politico.com/news/2026/07/08/graham-platner-polls-replacements-senate-00990664,Troy Jackson,49,Susan Collins,44,5,TRUE
089a174b-74ee-4363-9ca1-60d01ed22eba,aab1f236-0259-4f8b-9a86-27c7f0655062,ME,NA,NA,U.S. Senate,Public Policy Polling,NA,DEM,rv,785,2026-07-07,2026-07-07,NA,general,https://www.politico.com/news/2026/07/08/graham-platner-polls-replacements-senate-00990664,Janet Mills,37,Susan Collins,48,-11,TRUE
089a174b-74ee-4363-9ca1-60d01ed22eba,b443f4b1-f528-48ce-91ef-a8fbe8bac673,ME,NA,NA,U.S. Senate,Public Policy Polling,NA,DEM,rv,785,2026-07-07,2026-07-07,NA,general,https://www.politico.com/news/2026/07/08/graham-platner-polls-replacements-senate-00990664,Jordan Wood,38,Susan Collins,47,-9,TRUE
089a174b-74ee-4363-9ca1-60d01ed22eba,c3b2afe5-fdd3-4e83-af3c-b04cfc3e2a4d,ME,NA,NA,U.S. Senate,Public Policy Polling,NA,DEM,rv,785,2026-07-07,2026-07-07,NA,general,https://www.politico.com/news/2026/07/08/graham-platner-polls-replacements-senate-00990664,Shenna Bellows,47,Susan Collins,47,0,TRUE
f1a66eab-67e9-4c28-bb4b-7bc27b8c131d,326658d3-de32-4245-9dbe-6432bb58c64a,ME,NA,NA,U.S. Senate,University of New Hampshire,NA,NA,lv,1178,2026-07-15,2026-07-20,NA,general,https://scholars.unh.edu/survey_center_polls/981/,Troy Jackson,49,Susan Collins,46,3,FALSE
f1a66eab-67e9-4c28-bb4b-7bc27b8c131d,171c4b9c-3a3b-4114-a26e-42d9d6cd6b53,ME,NA,NA,Governor,University of New Hampshire,NA,NA,lv,1150,2026-07-15,2026-07-20,NA,general,https://scholars.unh.edu/survey_center_polls/981/,Hannah Pingree,49,Bobby Charles,35,14,FALSE
78ae7aa1-0e53-4035-a797-21143b2303e0,967a3d73-372e-4d9c-8324-c321dd3dd3cc,ME,NA,NA,U.S. Senate,Hart Research Associates,Senate Majority PAC,DEM,lv,802,2026-07-27,2026-08-01,NA,general,https://drive.google.com/file/d/1c_Oz7n375ncOkmMWPs8DJTKcBD3Gke4-/view,Troy Jackson,49,Susan Collins,45,4,TRUE
5b686156-9822-45bb-a17c-ad5d38d09f37,a7679919-eab7-426b-b45a-67f3b750ba5a,ME,NA,NA,U.S. Senate,Beacon Research/Shaw & Company Research,Fox News,NA,rv,1000,2026-08-06,2026-08-10,NA,general,https://www.foxnews.com/politics/fox-news-poll-new-matchup-same-result-maine-senate-race-stays-locked,Troy Jackson,48,Susan Collins,46,2,FALSE
5b686156-9822-45bb-a17c-ad5d38d09f37,4470c82c-7309-44f7-9916-aad362e398e1,ME,NA,NA,Governor,Beacon Research/Shaw & Company Research,Fox News,NA,rv,1000,2026-08-06,2026-08-10,NA,general,https://www.foxnews.com/politics/fox-news-poll-new-matchup-same-result-maine-senate-race-stays-locked,Hannah Pingree,49,Bobby Charles,38,11,FALSE
41f7d42d-ab2a-4fb0-abe5-2d64da737526,572a935b-975f-4fc3-83ff-8d7399d7c3ef,ME,NA,NA,U.S. Senate,Abacus Data,NA,NA,lv,327,2026-08-26,2026-08-28,NA,general,https://abacusdata.ca/the-trade-war-next-door-what-american-voters-think-about-tariffs-canada-and-the-battle-for-the-u-s-senate/,Troy Jackson,50,Susan Collins,42,8,FALSE
41f7d42d-ab2a-4fb0-abe5-2d64da737526,99325e6b-f54d-4abd-8312-83fb5f34f77e,ME,NA,NA,U.S. Senate,Abacus Data,NA,NA,rv,499,2026-08-26,2026-08-28,NA,general,https://abacusdata.ca/the-trade-war-next-door-what-american-voters-think-about-tariffs-canada-and-the-battle-for-the-u-s-senate/,Troy Jackson,40,Susan Collins,40,0,FALSE
be77c821-d548-48e3-94dc-b9a31cd171ef,e6b1a8a4-bfb6-4f6f-871a-cdca35beb2b4,ME,NA,NA,U.S. Senate,CNN/SSRS,NA,NA,lv,880,2026-08-31,2026-09-06,NA,general,https://www.cnn.com/2026/09/09/politics/cnn-polls-maine-senate-michigan-senate-abdul-el-sayed-susan-collins,Troy Jackson,48,Susan Collins,45,3,FALSE
be77c821-d548-48e3-94dc-b9a31cd171ef,ab7875b3-7159-4345-948e-8d9f5d7c2917,ME,NA,NA,Governor,CNN/SSRS,NA,NA,lv,880,2026-08-31,2026-09-06,NA,general,https://www.cnn.com/2026/09/09/politics/cnn-polls-maine-senate-michigan-senate-abdul-el-sayed-susan-collins,Hannah Pingree,52,Bobby Charles,39,13,FALSE
169a8eb8-b9e5-4288-a307-319244670cc9,14ef4296-9791-4c45-a13f-4ddbc261654d,ME,NA,NA,U.S. Senate,YouGov,NA,NA,lv,1335,2026-09-02,2026-09-08,NA,general,https://d3nkl3psvxxpe9.cloudfront.net/documents/ttw_me_20260902.pdf,Troy Jackson,48,Susan Collins,44,4,FALSE
169a8eb8-b9e5-4288-a307-319244670cc9,49bf2f36-2a06-4b22-a5b3-c1501c5b0ff7,ME,NA,NA,U.S. Senate,YouGov,NA,NA,rv,1378,2026-09-02,2026-09-08,NA,general,https://d3nkl3psvxxpe9.cloudfront.net/documents/ttw_me_20260902.pdf,Troy Jackson,46,Susan Collins,44,2,FALSE
169a8eb8-b9e5-4288-a307-319244670cc9,7e9c3bbb-d4e6-447a-9e9a-00f23acf53aa,ME,NA,NA,Governor,YouGov,NA,NA,rv,1377,2026-09-02,2026-09-08,NA,general,https://d3nkl3psvxxpe9.cloudfront.net/documents/ttw_me_20260902.pdf,Hannah Pingree,44,Bobby Charles,35,9,FALSE
169a8eb8-b9e5-4288-a307-319244670cc9,b4f1936f-d938-43cf-8cd0-097e4c065e12,ME,NA,NA,Governor,YouGov,NA,NA,lv,1334,2026-09-02,2026-09-08,NA,general,https://d3nkl3psvxxpe9.cloudfront.net/documents/ttw_me_20260902.pdf,Hannah Pingree,47,Bobby Charles,36,11,FALSE
9dedd226-93bf-4881-9d16-8c5d9f6a4d06,a1f97ee7-f4a3-461c-9e46-803a0590525d,ME,NA,NA,U.S. Senate,Quantus Insights,NA,NA,lv,621,2026-09-14,2026-09-15,NA,general,https://quantusinsights.org/f/quantus-survey-collins-and-jackson-even-in-maine-senate-race,Troy Jackson,47.4,Susan Collins,47.6,-0.20000000000000284,FALSE
2ed1c72b-17c8-4799-9a38-7367695df329,62bf14db-c6c2-4c29-a050-5bd25280eb75,MI,NA,NA,U.S. Senate,Target Insyght,MIRS News Service,NA,rv,600,2025-03-03,2025-03-06,NA,general,https://mirs-uploads.s3.us-east-2.amazonaws.com/1818-Freq%20Target%20Insyght%20Statewide%2003072025.pdf,Pete Buttigieg,46,Mike Rogers,44,2,FALSE
2ed1c72b-17c8-4799-9a38-7367695df329,bfc4f441-9870-47f2-8057-5a17e74a5cd8,MI,NA,NA,U.S. Senate,Target Insyght,MIRS News Service,NA,rv,600,2025-03-03,2025-03-06,NA,general,https://mirs-uploads.s3.us-east-2.amazonaws.com/1818-Freq%20Target%20Insyght%20Statewide%2003072025.pdf,Haley Stevens,35,Mike Rogers,41,-6,FALSE
2ed1c72b-17c8-4799-9a38-7367695df329,cc621385-8d82-42f6-9fa2-3696e15414f9,MI,NA,NA,U.S. Senate,Target Insyght,MIRS News Service,NA,rv,600,2025-03-03,2025-03-06,NA,general,https://mirs-uploads.s3.us-east-2.amazonaws.com/1818-Freq%20Target%20Insyght%20Statewide%2003072025.pdf,Gretchen Whitmer,42,Mike Rogers,41,1,FALSE
2ed1c72b-17c8-4799-9a38-7367695df329,088f6b31-b6d3-4adb-8375-2059bc843980,MI,NA,NA,Governor,Target Insyght,MIRS News Service,NA,rv,600,2025-03-03,2025-03-06,NA,general,https://mirs-uploads.s3.us-east-2.amazonaws.com/1818-Freq%20Target%20Insyght%20Statewide%2003072025.pdf,Jocelyn Benson,42,John James,30,12,FALSE
843c4867-4786-4521-b919-9fbad66846fc,77e9fa56-1c23-4f22-9b96-05eb1a1a1940,MI,NA,NA,Governor,Mitchell Research & Communications,MIRS News Service,NA,lv,688,2025-03-13,2025-03-13,NA,general,https://www.dropbox.com/scl/fi/x27fr1mfswozmtnmhn732/Mitchell-MIRS-MI-Poll-1115PM-3-18-25-Press-Release-Gov-Race-A.docx?rlkey=4ga86228p2vg4mym3y78ns728&e=2&st=fe37z288&dl=0,Jocelyn Benson,38,Tudor Dixon,36,2,FALSE
843c4867-4786-4521-b919-9fbad66846fc,983eccac-5911-4b85-b66d-ad427754a9a2,MI,NA,NA,Governor,Mitchell Research & Communications,MIRS News Service,NA,lv,688,2025-03-13,2025-03-13,NA,general,https://www.dropbox.com/scl/fi/x27fr1mfswozmtnmhn732/Mitchell-MIRS-MI-Poll-1115PM-3-18-25-Press-Release-Gov-Race-A.docx?rlkey=4ga86228p2vg4mym3y78ns728&e=2&st=fe37z288&dl=0,Jocelyn Benson,37,John James,34,3,FALSE
843c4867-4786-4521-b919-9fbad66846fc,a6edc031-bb7b-454a-a2cc-c95b1fe222df,MI,NA,NA,Governor,Mitchell Research & Communications,MIRS News Service,NA,lv,688,2025-03-13,2025-03-13,NA,general,https://www.dropbox.com/scl/fi/x27fr1mfswozmtnmhn732/Mitchell-MIRS-MI-Poll-1115PM-3-18-25-Press-Release-Gov-Race-A.docx?rlkey=4ga86228p2vg4mym3y78ns728&e=2&st=fe37z288&dl=0,Jocelyn Benson,37,Mike Cox,35,2,FALSE
4a00a654-caa2-47c4-99ed-f35d446ec88b,04ec511b-42b6-408b-8c4f-17a809d7d875,MI,NA,NA,U.S. Senate,"Glengariff Group, Inc.",Detroit Regional Chamber,NA,rv,600,2025-05-05,2025-05-08,NA,general,https://www.detroitchamber.com/wp-content/uploads/2025/05/Detroit-Regional-Chamber_Glengariff-Group_May-2025-Political-Survey-Report.pdf,Haley Stevens,45.1,Bill Huizenga,39.1,6,FALSE
4a00a654-caa2-47c4-99ed-f35d446ec88b,33062a62-98f3-4881-a86e-381bd09f32ca,MI,NA,NA,U.S. Senate,"Glengariff Group, Inc.",Detroit Regional Chamber,NA,rv,600,2025-05-05,2025-05-08,NA,general,https://www.detroitchamber.com/wp-content/uploads/2025/05/Detroit-Regional-Chamber_Glengariff-Group_May-2025-Political-Survey-Report.pdf,Haley Stevens,45.2,Mike Rogers,43.8,1.4000000000000057,FALSE
4a00a654-caa2-47c4-99ed-f35d446ec88b,707c5d96-2afd-4491-90e3-1eb32333cb74,MI,NA,NA,U.S. Senate,"Glengariff Group, Inc.",Detroit Regional Chamber,NA,rv,600,2025-05-05,2025-05-08,NA,general,https://www.detroitchamber.com/wp-content/uploads/2025/05/Detroit-Regional-Chamber_Glengariff-Group_May-2025-Political-Survey-Report.pdf,Mallory McMorrow,41.6,Mike Rogers,45.9,-4.299999999999997,FALSE
4a00a654-caa2-47c4-99ed-f35d446ec88b,88702173-ffbd-4c83-8ccb-783735af872b,MI,NA,NA,U.S. Senate,"Glengariff Group, Inc.",Detroit Regional Chamber,NA,rv,600,2025-05-05,2025-05-08,NA,general,https://www.detroitchamber.com/wp-content/uploads/2025/05/Detroit-Regional-Chamber_Glengariff-Group_May-2025-Political-Survey-Report.pdf,Abdul El-Sayed,40.5,Bill Huizenga,41,-0.5,FALSE
4a00a654-caa2-47c4-99ed-f35d446ec88b,c2ae1bc7-f55d-4e7e-9223-0bf3f5413934,MI,NA,NA,U.S. Senate,"Glengariff Group, Inc.",Detroit Regional Chamber,NA,rv,600,2025-05-05,2025-05-08,NA,general,https://www.detroitchamber.com/wp-content/uploads/2025/05/Detroit-Regional-Chamber_Glengariff-Group_May-2025-Political-Survey-Report.pdf,Abdul El-Sayed,40.8,Mike Rogers,46.9,-6.100000000000001,FALSE
4a00a654-caa2-47c4-99ed-f35d446ec88b,c2f69d0a-9870-4210-89ae-ce6ea9006519,MI,NA,NA,U.S. Senate,"Glengariff Group, Inc.",Detroit Regional Chamber,NA,rv,600,2025-05-05,2025-05-08,NA,general,https://www.detroitchamber.com/wp-content/uploads/2025/05/Detroit-Regional-Chamber_Glengariff-Group_May-2025-Political-Survey-Report.pdf,Mallory McMorrow,41.4,Bill Huizenga,40.5,0.8999999999999986,FALSE
4a00a654-caa2-47c4-99ed-f35d446ec88b,19f29868-8811-4443-ba24-f0c42b14751d,MI,NA,NA,Governor,"Glengariff Group, Inc.",Detroit Regional Chamber,NA,rv,600,2025-05-05,2025-05-08,NA,general,https://www.detroitchamber.com/wp-content/uploads/2025/05/Detroit-Regional-Chamber_Glengariff-Group_May-2025-Political-Survey-Report.pdf,Garlin Gilchrist,29.3,John James,34.9,-5.599999999999998,FALSE
4a00a654-caa2-47c4-99ed-f35d446ec88b,4c084b60-6061-495a-891d-8d8a803e1f89,MI,NA,NA,Governor,"Glengariff Group, Inc.",Detroit Regional Chamber,NA,rv,600,2025-05-05,2025-05-08,NA,general,https://www.detroitchamber.com/wp-content/uploads/2025/05/Detroit-Regional-Chamber_Glengariff-Group_May-2025-Political-Survey-Report.pdf,Jocelyn Benson,35,Tudor Dixon,31.3,3.6999999999999993,FALSE
4a00a654-caa2-47c4-99ed-f35d446ec88b,54f32c25-b4e8-44a9-94e9-de523ad89943,MI,NA,NA,Governor,"Glengariff Group, Inc.",Detroit Regional Chamber,NA,rv,600,2025-05-05,2025-05-08,NA,general,https://www.detroitchamber.com/wp-content/uploads/2025/05/Detroit-Regional-Chamber_Glengariff-Group_May-2025-Political-Survey-Report.pdf,Chris Swanson,29.6,John James,34.5,-4.899999999999999,FALSE
4a00a654-caa2-47c4-99ed-f35d446ec88b,71f046b8-3678-4b7e-968b-ddecf29cca03,MI,NA,NA,Governor,"Glengariff Group, Inc.",Detroit Regional Chamber,NA,rv,600,2025-05-05,2025-05-08,NA,general,https://www.detroitchamber.com/wp-content/uploads/2025/05/Detroit-Regional-Chamber_Glengariff-Group_May-2025-Political-Survey-Report.pdf,Jocelyn Benson,36.2,Aric Nesbitt,26.3,9.900000000000002,FALSE
4a00a654-caa2-47c4-99ed-f35d446ec88b,a61d1d4c-b624-480e-8dad-e033491ab6f1,MI,NA,NA,Governor,"Glengariff Group, Inc.",Detroit Regional Chamber,NA,rv,600,2025-05-05,2025-05-08,NA,general,https://www.detroitchamber.com/wp-content/uploads/2025/05/Detroit-Regional-Chamber_Glengariff-Group_May-2025-Political-Survey-Report.pdf,Jocelyn Benson,35.4,Mike Cox,27,8.399999999999999,FALSE
4a00a654-caa2-47c4-99ed-f35d446ec88b,aba81c13-b5da-4138-85eb-34f2861b135c,MI,NA,NA,Governor,"Glengariff Group, Inc.",Detroit Regional Chamber,NA,rv,600,2025-05-05,2025-05-08,NA,general,https://www.detroitchamber.com/wp-content/uploads/2025/05/Detroit-Regional-Chamber_Glengariff-Group_May-2025-Political-Survey-Report.pdf,Jocelyn Benson,34.5,John James,34,0.5,FALSE
056c5919-461b-4fd7-bb50-e04c47588d89,2e684b07-925d-4455-ac65-cf75899fa878,MI,NA,NA,U.S. Senate,"Normington, Petts & Associates",Yes Michigan,DEM,lv,700,2025-06-12,2025-06-16,NA,general,https://www.politico.com/f/?id=00000197-e30f-da98-a3b7-fb0fd50f0000,Mallory McMorrow,44,Mike Rogers,48,-4,TRUE
056c5919-461b-4fd7-bb50-e04c47588d89,395f5f7f-4340-4201-b3f1-e61d494b5e31,MI,NA,NA,U.S. Senate,"Normington, Petts & Associates",Yes Michigan,DEM,lv,700,2025-06-12,2025-06-16,NA,general,https://www.politico.com/f/?id=00000197-e30f-da98-a3b7-fb0fd50f0000,Haley Stevens,47,Mike Rogers,45,2,TRUE
3c7c7f13-97c7-4e24-8837-46aa7c4167a2,776133c3-e11e-481c-9926-a335c3c7fdb0,MI,NA,NA,Governor,The Tyson Group,Plymouth Union Public Advocacy,NA,lv,600,2025-10-08,2025-10-09,NA,general,https://pup-research.com/polling-memo/michigan-statewide-survey/,Generic Democrat,31,John James,35,-4,FALSE
3c7c7f13-97c7-4e24-8837-46aa7c4167a2,87608cca-8a24-492e-becf-b4f41b96a9dc,MI,NA,NA,Governor,The Tyson Group,Plymouth Union Public Advocacy,NA,lv,600,2025-10-08,2025-10-09,NA,general,https://pup-research.com/polling-memo/michigan-statewide-survey/,Generic Democrat,35,Generic Republican,39,-4,FALSE
3c7c7f13-97c7-4e24-8837-46aa7c4167a2,b43d86d9-f0a5-4d1f-bdd8-67ab018ea3ef,MI,NA,NA,Governor,The Tyson Group,Plymouth Union Public Advocacy,NA,lv,600,2025-10-08,2025-10-09,NA,general,https://pup-research.com/polling-memo/michigan-statewide-survey/,Generic Democrat,31,Mike Cox,28,3,FALSE
a8f2d041-6059-4ab6-a4ae-b671521bee6d,4db47ebc-9f5b-42ab-bded-f004e5db794c,MI,NA,NA,Governor,Schoen Cooperman Research,NA,IND,lv,600,2025-10-09,2025-10-14,NA,general,https://www.politico.com/newsletters/playbook/2025/10/24/detroits-mayor-diagnoses-the-problem-for-democrats-00621347,Jocelyn Benson,30,John James,29,1,TRUE
87756c91-078b-4414-b782-ae65c23e4e14,06830259-d394-49e4-9a5f-694e4deabe54,MI,NA,NA,U.S. Senate,Rosetta Stone,NA,NA,lv,637,2025-10-23,2025-10-25,NA,general,https://x.com/IAPolls2022/status/1986533537747472500,Haley Stevens,40,Mike Rogers,47,-7,FALSE
87756c91-078b-4414-b782-ae65c23e4e14,445639fc-dd4f-4eb5-b1f3-95bc73f8d4ec,MI,NA,NA,U.S. Senate,Rosetta Stone,NA,NA,lv,637,2025-10-23,2025-10-25,NA,general,https://x.com/IAPolls2022/status/1986533537747472500,Abdul El-Sayed,31,Mike Rogers,45,-14,FALSE
87756c91-078b-4414-b782-ae65c23e4e14,e04222a5-4912-45a7-82f1-0887926442dc,MI,NA,NA,U.S. Senate,Rosetta Stone,NA,NA,lv,637,2025-10-23,2025-10-25,NA,general,https://x.com/IAPolls2022/status/1986533537747472500,Mallory McMorrow,39,Mike Rogers,46,-7,FALSE
87756c91-078b-4414-b782-ae65c23e4e14,647419c3-6d77-4763-a09d-906d03d1c427,MI,NA,NA,Governor,Rosetta Stone,NA,NA,lv,637,2025-10-23,2025-10-25,NA,general,https://x.com/IAPolls2022/status/1986533537747472500,Jocelyn Benson,37,Mike Cox,33,4,FALSE
87756c91-078b-4414-b782-ae65c23e4e14,725aa6a1-5429-4b33-91f9-762bc1947f28,MI,NA,NA,Governor,Rosetta Stone,NA,NA,lv,637,2025-10-23,2025-10-25,NA,general,https://x.com/IAPolls2022/status/1986533537747472500,Jocelyn Benson,35,Tudor Dixon,38,-3,FALSE
87756c91-078b-4414-b782-ae65c23e4e14,dd74ce82-c368-496c-abad-e094a7719693,MI,NA,NA,Governor,Rosetta Stone,NA,NA,lv,637,2025-10-23,2025-10-25,NA,general,https://x.com/IAPolls2022/status/1986533537747472500,Jocelyn Benson,34,John James,39,-5,FALSE
a6499282-cd16-4daa-badb-f81d769f5087,46fa349f-a3fb-499f-ad61-bb6120ed0e44,MI,NA,NA,U.S. Senate,EPIC-MRA,ABC 12,NA,lv,600,2025-11-06,2025-11-11,NA,general,https://www.abc12.com/news/politics/exclusive-poll-shows-tight-races-for-michigan-governor-senate-races/article_7b0cec7f-87c6-4084-9b07-0f393f2a0816.html,Haley Stevens,44,Mike Rogers,42,2,FALSE
a6499282-cd16-4daa-badb-f81d769f5087,f5cc2a65-9e44-4e90-ab9a-96985d9e6cdf,MI,NA,NA,U.S. Senate,EPIC-MRA,ABC 12,NA,lv,600,2025-11-06,2025-11-11,NA,general,https://www.abc12.com/news/politics/exclusive-poll-shows-tight-races-for-michigan-governor-senate-races/article_7b0cec7f-87c6-4084-9b07-0f393f2a0816.html,Mallory McMorrow,43,Mike Rogers,42,1,FALSE
a6499282-cd16-4daa-badb-f81d769f5087,2f355862-fc75-4eaf-bfb6-326db035e160,MI,NA,NA,Governor,EPIC-MRA,ABC 12,NA,lv,600,2025-11-06,2025-11-11,NA,general,https://www.abc12.com/news/politics/exclusive-poll-shows-tight-races-for-michigan-governor-senate-races/article_7b0cec7f-87c6-4084-9b07-0f393f2a0816.html,Jocelyn Benson,33,John James,34,-1,FALSE
f5b58ace-3cac-4876-a31f-7422705bbdfb,2f9fd7ae-8613-4bd5-af39-5fb28c9e3f9e,MI,NA,NA,U.S. Senate,Mitchell Research & Communications,MIRS News Service,NA,lv,616,2025-11-18,2025-11-21,NA,general,https://mirs-polls.s3.us-east-2.amazonaws.com/c7ba70f28c3812c553cbf07db509f469.pdf,Haley Stevens,40,Mike Rogers,42,-2,FALSE
f5b58ace-3cac-4876-a31f-7422705bbdfb,8a4acbb1-d54d-4bcb-be6f-6ad98ea8892e,MI,NA,NA,U.S. Senate,Mitchell Research & Communications,MIRS News Service,NA,lv,616,2025-11-18,2025-11-21,NA,general,https://mirs-polls.s3.us-east-2.amazonaws.com/c7ba70f28c3812c553cbf07db509f469.pdf,Mallory McMorrow,38,Mike Rogers,44,-6,FALSE
f5b58ace-3cac-4876-a31f-7422705bbdfb,8bd9d18a-fdaa-44a2-9762-fe63ded1d8ac,MI,NA,NA,U.S. Senate,Mitchell Research & Communications,MIRS News Service,NA,lv,616,2025-11-18,2025-11-21,NA,general,https://mirs-polls.s3.us-east-2.amazonaws.com/c7ba70f28c3812c553cbf07db509f469.pdf,Abdul El-Sayed,38,Mike Rogers,41,-3,FALSE
f5b58ace-3cac-4876-a31f-7422705bbdfb,18cf8982-102c-4dc4-8448-b1b22c3491db,MI,NA,NA,Governor,Mitchell Research & Communications,MIRS News Service,NA,lv,616,2025-11-18,2025-11-21,NA,general,https://mirs-polls.s3.us-east-2.amazonaws.com/c7ba70f28c3812c553cbf07db509f469.pdf,Jocelyn Benson,33,Mike Cox,32,1,FALSE
f5b58ace-3cac-4876-a31f-7422705bbdfb,6d1b2631-6fd0-4693-868d-4adbc67103ed,MI,NA,NA,Governor,Mitchell Research & Communications,MIRS News Service,NA,lv,616,2025-11-18,2025-11-21,NA,general,https://mirs-polls.s3.us-east-2.amazonaws.com/c7ba70f28c3812c553cbf07db509f469.pdf,Jocelyn Benson,31,John James,37,-6,FALSE
f5b58ace-3cac-4876-a31f-7422705bbdfb,f4cacd13-e4b5-4283-9f17-e33059504417,MI,NA,NA,Governor,Mitchell Research & Communications,MIRS News Service,NA,lv,616,2025-11-18,2025-11-21,NA,general,https://mirs-polls.s3.us-east-2.amazonaws.com/c7ba70f28c3812c553cbf07db509f469.pdf,Jocelyn Benson,32,Aric Nesbitt,27,5,FALSE
28660620-44e6-4e18-999f-6b06d90e282b,4ea5a71d-cfac-4f2d-ba45-e09cf7eb6f70,MI,NA,NA,U.S. Senate,"Glengariff Group, Inc.",Detroit News | WDIV-TV,NA,lv,600,2026-01-02,2026-01-06,NA,general,https://www.detroitnews.com/story/news/politics/2026/01/13/michigan-race-for-governor-polling-john-james-jocelyn-benson-mike-duggan/88134923007/,Abdul El-Sayed,41.6,Mike Rogers,48,-6.399999999999999,FALSE
28660620-44e6-4e18-999f-6b06d90e282b,8f05026e-e11f-4012-a338-299de6bedfa5,MI,NA,NA,U.S. Senate,"Glengariff Group, Inc.",Detroit News | WDIV-TV,NA,lv,600,2026-01-02,2026-01-06,NA,general,https://www.detroitnews.com/story/news/politics/2026/01/13/michigan-race-for-governor-polling-john-james-jocelyn-benson-mike-duggan/88134923007/,Mallory McMorrow,42.4,Mike Rogers,45.7,-3.3000000000000043,FALSE
28660620-44e6-4e18-999f-6b06d90e282b,a002fb8b-49a3-4576-b3ac-5974505b42cc,MI,NA,NA,U.S. Senate,"Glengariff Group, Inc.",Detroit News | WDIV-TV,NA,lv,600,2026-01-02,2026-01-06,NA,general,https://www.detroitnews.com/story/news/politics/2026/01/13/michigan-race-for-governor-polling-john-james-jocelyn-benson-mike-duggan/88134923007/,Haley Stevens,43.7,Mike Rogers,44.1,-0.3999999999999986,FALSE
28660620-44e6-4e18-999f-6b06d90e282b,0eabead1-0d1d-43ba-a92b-69ed92842ee5,MI,NA,NA,Governor,"Glengariff Group, Inc.",Detroit News | WDIV-TV,NA,lv,600,2026-01-02,2026-01-06,NA,general,https://www.detroitnews.com/story/news/politics/2026/01/13/michigan-race-for-governor-polling-john-james-jocelyn-benson-mike-duggan/88134923007/,Jocelyn Benson,35,Aric Nesbitt,24,11,FALSE
28660620-44e6-4e18-999f-6b06d90e282b,16a6d76a-be30-44d5-a0a0-83b6d6e0e072,MI,NA,NA,Governor,"Glengariff Group, Inc.",Detroit News | WDIV-TV,NA,lv,600,2026-01-02,2026-01-06,NA,general,https://www.detroitnews.com/story/news/politics/2026/01/13/michigan-race-for-governor-polling-john-james-jocelyn-benson-mike-duggan/88134923007/,Jocelyn Benson,32,John James,34,-2,FALSE
28660620-44e6-4e18-999f-6b06d90e282b,24c78841-af8b-44bf-bac4-16c76f65ccec,MI,NA,NA,Governor,"Glengariff Group, Inc.",Detroit News | WDIV-TV,NA,lv,600,2026-01-02,2026-01-06,NA,general,https://www.detroitnews.com/story/news/politics/2026/01/13/michigan-race-for-governor-polling-john-james-jocelyn-benson-mike-duggan/88134923007/,Jocelyn Benson,47,John James,45,2,FALSE
28660620-44e6-4e18-999f-6b06d90e282b,6cc7bc9e-7d69-47b2-8c4c-e652e9a8e364,MI,NA,NA,Governor,"Glengariff Group, Inc.",Detroit News | WDIV-TV,NA,lv,600,2026-01-02,2026-01-06,NA,general,https://www.detroitnews.com/story/news/politics/2026/01/13/michigan-race-for-governor-polling-john-james-jocelyn-benson-mike-duggan/88134923007/,Jocelyn Benson,34,Tom Leonard,24,10,FALSE
28660620-44e6-4e18-999f-6b06d90e282b,83e21bfb-0bf5-4afa-8cf8-0ae5d7a59485,MI,NA,NA,Governor,"Glengariff Group, Inc.",Detroit News | WDIV-TV,NA,lv,600,2026-01-02,2026-01-06,NA,general,https://www.detroitnews.com/story/news/politics/2026/01/13/michigan-race-for-governor-polling-john-james-jocelyn-benson-mike-duggan/88134923007/,Jocelyn Benson,34,Mike Cox,28,6,FALSE
ad15c7d5-e8e0-4525-b45a-3fc93cc72455,12ec82eb-9253-4506-9258-a29a12c544f8,MI,NA,NA,U.S. Senate,Emerson College,Nexstar,NA,lv,1000,2026-01-24,2026-01-25,NA,general,https://emersoncollegepolling.com/michigan-2026-poll-crowded-democratic-senate-primary-remains-wide-open/,Mallory McMorrow,45.7,Mike Rogers,42.6,3.1000000000000014,FALSE
ad15c7d5-e8e0-4525-b45a-3fc93cc72455,89453556-f586-4446-83e8-fa1852440d4b,MI,NA,NA,U.S. Senate,Emerson College,Nexstar,NA,lv,1000,2026-01-24,2026-01-25,NA,general,https://emersoncollegepolling.com/michigan-2026-poll-crowded-democratic-senate-primary-remains-wide-open/,Haley Stevens,47.3,Mike Rogers,41.6,5.699999999999996,FALSE
ad15c7d5-e8e0-4525-b45a-3fc93cc72455,c4a9a39c-02fd-4449-81cb-68d713b33103,MI,NA,NA,U.S. Senate,Emerson College,Nexstar,NA,lv,1000,2026-01-24,2026-01-25,NA,general,https://emersoncollegepolling.com/michigan-2026-poll-crowded-democratic-senate-primary-remains-wide-open/,Abdul El-Sayed,42.5,Mike Rogers,42.8,-0.29999999999999716,FALSE
7e8fd334-bd1b-4b57-9e1e-b3540c61cd3b,25b25d80-7ed0-43e8-864d-2b7a0c7e482d,MI,NA,NA,Governor,"Glengariff Group, Inc.",Detroit Regional Chamber,NA,lv,NA,2026-01-27,2026-02-02,NA,general,https://www.detroitchamber.com/feb-2026-michigan-voter-poll/,Jocelyn Benson,28,John James,28.9,-0.8999999999999986,FALSE
7e8fd334-bd1b-4b57-9e1e-b3540c61cd3b,27dcc338-9ace-40db-aa98-059fbd261d89,MI,NA,NA,Governor,"Glengariff Group, Inc.",Detroit Regional Chamber,NA,rv,600,2026-01-27,2026-02-02,NA,general,https://www.detroitchamber.com/feb-2026-michigan-voter-poll/,Jocelyn Benson,44.6,John James,40.4,4.200000000000003,FALSE
7e8fd334-bd1b-4b57-9e1e-b3540c61cd3b,709cfbb0-196b-4b7c-98e6-840d6130d70b,MI,NA,NA,Governor,"Glengariff Group, Inc.",Detroit Regional Chamber,NA,rv,600,2026-01-27,2026-02-02,NA,general,https://www.detroitchamber.com/feb-2026-michigan-voter-poll/,Jocelyn Benson,27.8,John James,28.3,-0.5,FALSE
7e8fd334-bd1b-4b57-9e1e-b3540c61cd3b,be5c6ffc-cd0a-418b-94fb-779424a5cb52,MI,NA,NA,Governor,"Glengariff Group, Inc.",Detroit Regional Chamber,NA,lv,NA,2026-01-27,2026-02-02,NA,general,https://www.detroitchamber.com/feb-2026-michigan-voter-poll/,Jocelyn Benson,45,John James,40.8,4.200000000000003,FALSE
67ff6f0b-e140-4d8a-b0d6-4673fd0eb3e9,1a87d33d-abdc-42b9-bf1d-67665f04c4d1,MI,NA,NA,Governor,Impact Research,NA,DEM,lv,800,2026-02-09,2026-02-16,NA,general,https://www.metrotimes.com/news/new-poll-shows-benson-pulling-ahead-as-duggan-slips-despite-big-spending/,Jocelyn Benson,39,John James,36,3,TRUE
4ed4999a-c1ff-4c0c-b320-d63a0df8a5af,e3627117-9807-4ea7-a647-8218f59316ef,MI,NA,NA,Governor,Michigan State University Institute for Public Policy and Social Research/YouGov,NA,NA,a,1000,2026-03-02,2026-03-24,NA,general,https://ippsr.msu.edu/news/msu-governors-poll-shows-slight-benson-lead-no-clear-cut-frontrunner,Jocelyn Benson,29.5,John James,22.7,6.800000000000001,FALSE
7d044e9f-6b2c-44ca-8091-477f88814fa9,dc8e7948-f648-4d12-95a4-a488800ed01f,MI,NA,NA,Governor,Impact Research,NA,DEM,lv,800,2026-03-23,2026-03-29,NA,general,https://x.com/daveweigel/status/2043764693118988670?s=20,Jocelyn Benson,40,John James,36,4,TRUE
1a46e29b-fef9-46bd-910c-0dc101930ec8,1af96744-a1ae-425b-92bb-cd89641281f6,MI,NA,NA,U.S. Senate,"Glengariff Group, Inc.",Detroit Regional Chamber,NA,lv,600,2026-04-28,2026-05-01,NA,general,https://www.detroitchamber.com/chamber-poll-voters-views-on-candidates-2026-election/,Abdul El-Sayed,39.8,Mike Rogers,44.7,-4.900000000000006,FALSE
1a46e29b-fef9-46bd-910c-0dc101930ec8,8ed7cea6-72a2-4c8e-bbd3-e1db2ea8f1cc,MI,NA,NA,U.S. Senate,"Glengariff Group, Inc.",Detroit Regional Chamber,NA,lv,600,2026-04-28,2026-05-01,NA,general,https://www.detroitchamber.com/chamber-poll-voters-views-on-candidates-2026-election/,Haley Stevens,41.5,Mike Rogers,43.8,-2.299999999999997,FALSE
1a46e29b-fef9-46bd-910c-0dc101930ec8,be6f8a76-0f8e-41de-8cbc-39cbe8dd9d5c,MI,NA,NA,U.S. Senate,"Glengariff Group, Inc.",Detroit Regional Chamber,NA,lv,600,2026-04-28,2026-05-01,NA,general,https://www.detroitchamber.com/chamber-poll-voters-views-on-candidates-2026-election/,Mallory McMorrow,40.7,Mike Rogers,42.8,-2.0999999999999943,FALSE
1a46e29b-fef9-46bd-910c-0dc101930ec8,4f933ad8-389a-4d2b-8138-f717fd635fc8,MI,NA,NA,Governor,"Glengariff Group, Inc.",Detroit Regional Chamber,NA,lv,600,2026-04-28,2026-05-01,NA,general,https://www.detroitchamber.com/chamber-poll-voters-views-on-candidates-2026-election/,Jocelyn Benson,34.2,John James,29.2,5.0000000000000036,FALSE
1a46e29b-fef9-46bd-910c-0dc101930ec8,eed5d292-89d6-4dd9-b174-7c7024843336,MI,NA,NA,Governor,"Glengariff Group, Inc.",Detroit Regional Chamber,NA,lv,600,2026-04-28,2026-05-01,NA,general,https://www.detroitchamber.com/chamber-poll-voters-views-on-candidates-2026-election/,Jocelyn Benson,34,Perry Johnson,26,8,FALSE
26ee4caa-20a1-4547-8faa-12fd3976299a,bc3bf23b-340f-441d-99be-a5553e53f2a4,MI,NA,NA,U.S. Senate,Mitchell Research & Communications,MIRS News Service,NA,lv,607,2026-05-01,2026-05-07,NA,general,https://www.dropbox.com/scl/fi/852uovvc2zfsqrnphdn9q/MIRS-MITCHELL-DEM-Primary-Press-Release-5-11-26-150PM_A.docx?rlkey=v522wmle6zvzlajt6m6nfoj78&e=1&st=l7aslgpl&dl=0,Abdul El-Sayed,41,Mike Rogers,42,-1,FALSE
26ee4caa-20a1-4547-8faa-12fd3976299a,c94db2ed-152e-481e-ad89-45fb6ef2db0f,MI,NA,NA,U.S. Senate,Mitchell Research & Communications,MIRS News Service,NA,lv,606,2026-05-01,2026-05-07,NA,general,https://www.dropbox.com/scl/fi/852uovvc2zfsqrnphdn9q/MIRS-MITCHELL-DEM-Primary-Press-Release-5-11-26-150PM_A.docx?rlkey=v522wmle6zvzlajt6m6nfoj78&e=1&st=l7aslgpl&dl=0,Mallory McMorrow,41,Mike Rogers,43,-2,FALSE
26ee4caa-20a1-4547-8faa-12fd3976299a,d3d0d3f1-5ecc-46bf-a8e3-a0be53e2f035,MI,NA,NA,U.S. Senate,Mitchell Research & Communications,MIRS News Service,NA,lv,606,2026-05-01,2026-05-07,NA,general,https://www.dropbox.com/scl/fi/852uovvc2zfsqrnphdn9q/MIRS-MITCHELL-DEM-Primary-Press-Release-5-11-26-150PM_A.docx?rlkey=v522wmle6zvzlajt6m6nfoj78&e=1&st=l7aslgpl&dl=0,Haley Stevens,39,Mike Rogers,42,-3,FALSE
26ee4caa-20a1-4547-8faa-12fd3976299a,481a1187-90ee-499e-b9f5-346b801de3df,MI,NA,NA,Governor,Mitchell Research & Communications,MIRS News Service,NA,lv,606,2026-05-01,2026-05-07,NA,general,https://www.dropbox.com/scl/fi/852uovvc2zfsqrnphdn9q/MIRS-MITCHELL-DEM-Primary-Press-Release-5-11-26-150PM_A.docx?rlkey=v522wmle6zvzlajt6m6nfoj78&e=1&st=l7aslgpl&dl=0,Jocelyn Benson,41,Mike Cox,30,11,FALSE
26ee4caa-20a1-4547-8faa-12fd3976299a,6b194ce6-6a52-4557-b2b0-090871bbf505,MI,NA,NA,Governor,Mitchell Research & Communications,MIRS News Service,NA,lv,606,2026-05-01,2026-05-07,NA,general,https://www.dropbox.com/scl/fi/852uovvc2zfsqrnphdn9q/MIRS-MITCHELL-DEM-Primary-Press-Release-5-11-26-150PM_A.docx?rlkey=v522wmle6zvzlajt6m6nfoj78&e=1&st=l7aslgpl&dl=0,Jocelyn Benson,42,Perry Johnson,32,10,FALSE
26ee4caa-20a1-4547-8faa-12fd3976299a,74e39129-c7e7-4686-a02c-affd8120bd5e,MI,NA,NA,Governor,Mitchell Research & Communications,MIRS News Service,NA,lv,606,2026-05-01,2026-05-07,NA,general,https://www.dropbox.com/scl/fi/852uovvc2zfsqrnphdn9q/MIRS-MITCHELL-DEM-Primary-Press-Release-5-11-26-150PM_A.docx?rlkey=v522wmle6zvzlajt6m6nfoj78&e=1&st=l7aslgpl&dl=0,Jocelyn Benson,42,John James,30,12,FALSE
4edb8181-1463-4c6b-b48d-17951e1158d0,0b9242a3-8c22-475b-a64d-edea143786d2,MI,NA,NA,U.S. Senate,TIPP Insights,League of American Workers,REP,lv,1163,2026-05-20,2026-05-23,NA,general,https://tippinsights.com/league-of-american-workers-survey-michigan/,Haley Stevens,47.84,Mike Rogers,40.99,6.850000000000001,TRUE
4edb8181-1463-4c6b-b48d-17951e1158d0,12e20038-9490-49cb-987c-808f22073a71,MI,NA,NA,U.S. Senate,TIPP Insights,League of American Workers,REP,rv,1456,2026-05-20,2026-05-23,NA,general,https://tippinsights.com/league-of-american-workers-survey-michigan/,Abdul El-Sayed,39.77,Mike Rogers,39.65,0.12000000000000455,TRUE
4edb8181-1463-4c6b-b48d-17951e1158d0,4e57a172-4867-4b0c-a8ff-534bcf7ad2b3,MI,NA,NA,U.S. Senate,TIPP Insights,League of American Workers,REP,rv,1456,2026-05-20,2026-05-23,NA,general,https://tippinsights.com/league-of-american-workers-survey-michigan/,Mallory McMorrow,42.26,Mike Rogers,38.57,3.6899999999999977,TRUE
4edb8181-1463-4c6b-b48d-17951e1158d0,521f4949-6872-4760-a27b-be28e43e685f,MI,NA,NA,U.S. Senate,TIPP Insights,League of American Workers,REP,lv,1163,2026-05-20,2026-05-23,NA,general,https://tippinsights.com/league-of-american-workers-survey-michigan/,Abdul El-Sayed,43.43,Mike Rogers,42.14,1.2899999999999991,TRUE
4edb8181-1463-4c6b-b48d-17951e1158d0,71969919-2d37-415e-8ff5-e5f37ce006dd,MI,NA,NA,U.S. Senate,TIPP Insights,League of American Workers,REP,lv,1163,2026-05-20,2026-05-23,NA,general,https://tippinsights.com/league-of-american-workers-survey-michigan/,Mallory McMorrow,45.16,Mike Rogers,41.6,3.559999999999995,TRUE
4edb8181-1463-4c6b-b48d-17951e1158d0,8641969d-bfcf-4367-93b8-d7ae2d45694b,MI,NA,NA,U.S. Senate,TIPP Insights,League of American Workers,REP,rv,1456,2026-05-20,2026-05-23,NA,general,https://tippinsights.com/league-of-american-workers-survey-michigan/,Haley Stevens,44.96,Mike Rogers,38.38,6.579999999999998,TRUE
4edb8181-1463-4c6b-b48d-17951e1158d0,2f9372b4-d5c0-452a-90ae-d6e805f6c042,MI,NA,NA,Governor,TIPP Insights,League of American Workers,REP,rv,1456,2026-05-20,2026-05-23,NA,general,https://tippinsights.com/league-of-american-workers-survey-michigan/,Jocelyn Benson,45.71,John James,35.11,10.600000000000001,TRUE
4edb8181-1463-4c6b-b48d-17951e1158d0,48d5b091-2458-492b-90fb-ae06e2691e8b,MI,NA,NA,Governor,TIPP Insights,League of American Workers,REP,lv,1163,2026-05-20,2026-05-23,NA,general,https://tippinsights.com/league-of-american-workers-survey-michigan/,Jocelyn Benson,48.93,John James,38.03,10.899999999999999,TRUE
171c2baa-929a-4545-9980-55d6685168c3,5f052c26-a02a-4b4e-ae3d-602c65d4a3cf,MI,NA,NA,U.S. Senate,Tulchin Research,Fighting for Michigan PAC,DEM,lv,500,2026-06-02,2026-06-04,NA,general,https://drive.google.com/file/d/15KbOIW_L4iGdkgIbMWDr2m80N0ZUr3d3/view,Abdul El-Sayed,46,Mike Rogers,41,5,TRUE
65ba6cdf-2251-4329-92db-d3957baf9616,8ae31109-fb64-4170-bc7e-8d1bfa1649aa,MI,NA,NA,U.S. Senate,Mitchell Research & Communications,MIRS News Service,NA,lv,827,2026-06-11,2026-06-13,NA,general,https://www.freep.com/story/news/politics/2026/06/16/john-james-mike-cox-michigan-gop-primary-governor/90569723007/,Mallory McMorrow,41,Mike Rogers,47,-6,FALSE
65ba6cdf-2251-4329-92db-d3957baf9616,a9984f8e-74e9-4c75-9911-ccf3e5834660,MI,NA,NA,U.S. Senate,Mitchell Research & Communications,MIRS News Service,NA,lv,827,2026-06-11,2026-06-13,NA,general,https://www.freep.com/story/news/politics/2026/06/16/john-james-mike-cox-michigan-gop-primary-governor/90569723007/,Haley Stevens,41,Mike Rogers,45,-4,FALSE
65ba6cdf-2251-4329-92db-d3957baf9616,ed5f68e0-b54c-418e-86ac-153f2736598f,MI,NA,NA,U.S. Senate,Mitchell Research & Communications,MIRS News Service,NA,lv,827,2026-06-11,2026-06-13,NA,general,https://www.freep.com/story/news/politics/2026/06/16/john-james-mike-cox-michigan-gop-primary-governor/90569723007/,Abdul El-Sayed,47,Mike Rogers,42,5,FALSE
65ba6cdf-2251-4329-92db-d3957baf9616,29c4692a-03ae-4381-bb17-052b1757fce7,MI,NA,NA,Governor,Mitchell Research & Communications,MIRS News Service,NA,lv,827,2026-06-11,2026-06-13,NA,general,https://www.freep.com/story/news/politics/2026/06/16/john-james-mike-cox-michigan-gop-primary-governor/90569723007/,Jocelyn Benson,48,Mike Cox,41,7,FALSE
65ba6cdf-2251-4329-92db-d3957baf9616,50426e26-37a6-45df-9c77-3c5f51330ffe,MI,NA,NA,Governor,Mitchell Research & Communications,MIRS News Service,NA,lv,827,2026-06-11,2026-06-13,NA,general,https://www.freep.com/story/news/politics/2026/06/16/john-james-mike-cox-michigan-gop-primary-governor/90569723007/,Jocelyn Benson,51,John James,40,11,FALSE
65ba6cdf-2251-4329-92db-d3957baf9616,5788b30f-c9d4-4f83-81fa-4d52cae71d89,MI,NA,NA,Governor,Mitchell Research & Communications,MIRS News Service,NA,lv,827,2026-06-11,2026-06-13,NA,general,https://www.freep.com/story/news/politics/2026/06/16/john-james-mike-cox-michigan-gop-primary-governor/90569723007/,Jocelyn Benson,50,Perry Johnson,42,8,FALSE
71938f8f-5729-4080-8138-466f03f51516,4391a621-ae2c-4545-9a8a-1b1ffcfc36fb,MI,NA,NA,U.S. Senate,Zenith Research,Common Defense,DEM,lv,602,2026-06-11,2026-06-14,NA,general,https://drive.google.com/file/d/1tC6hr1QiRdiegnxdJjAf0WkOE-XfZwEI/view,Haley Stevens,43,Mike Rogers,42,1,TRUE
71938f8f-5729-4080-8138-466f03f51516,d3369289-6e9f-4f8a-97a6-957108d9f468,MI,NA,NA,U.S. Senate,Zenith Research,Common Defense,DEM,lv,602,2026-06-11,2026-06-14,NA,general,https://drive.google.com/file/d/1tC6hr1QiRdiegnxdJjAf0WkOE-XfZwEI/view,Abdul El-Sayed,45,Mike Rogers,42,3,TRUE
71938f8f-5729-4080-8138-466f03f51516,e0a24dac-31bc-46ed-944f-05976befe709,MI,NA,NA,U.S. Senate,Zenith Research,Common Defense,DEM,lv,602,2026-06-11,2026-06-14,NA,general,https://drive.google.com/file/d/1tC6hr1QiRdiegnxdJjAf0WkOE-XfZwEI/view,Mallory McMorrow,44,Mike Rogers,42,2,TRUE
007278d5-49cd-4aa2-9400-8c95c5fc50c5,071b6561-2fc5-4c00-98dd-4119da46c8d9,MI,NA,NA,U.S. Senate,Data for Progress,Working Families Party PAC,DEM,lv,709,2026-06-15,2026-06-22,NA,general,https://workingfamilies.org/wp-content/uploads/2026/07/DFP-__-WFP-Michigan-Senate-Race-Memorandum.pdf,Haley Stevens,45,Mike Rogers,46,-1,TRUE
007278d5-49cd-4aa2-9400-8c95c5fc50c5,5afce063-c336-43c7-b41b-5766cd1221de,MI,NA,NA,U.S. Senate,Data for Progress,Working Families Party PAC,DEM,lv,709,2026-06-15,2026-06-22,NA,general,https://workingfamilies.org/wp-content/uploads/2026/07/DFP-__-WFP-Michigan-Senate-Race-Memorandum.pdf,Abdul El-Sayed,47,Mike Rogers,46,1,TRUE
ac22743d-7975-4bd3-981b-d39a2d3c9051,07e7dc30-9b55-4a7f-adeb-1170d9ba273d,MI,NA,NA,U.S. Senate,Wedgewood Polls,NA,NA,lv,602,2026-06-25,2026-06-28,NA,general,https://sites.google.com/view/wedgewood-polls/polls,Haley Stevens,46,Mike Rogers,46,0,FALSE
ac22743d-7975-4bd3-981b-d39a2d3c9051,230a61fa-f0dc-4ae2-ae20-c37a82e58831,MI,NA,NA,U.S. Senate,Wedgewood Polls,NA,NA,lv,602,2026-06-25,2026-06-28,NA,general,https://sites.google.com/view/wedgewood-polls/polls,Abdul El-Sayed,49,Mike Rogers,44,5,FALSE
ac22743d-7975-4bd3-981b-d39a2d3c9051,341cbb97-6509-4031-9e3d-c23248b247ce,MI,NA,NA,U.S. Senate,Wedgewood Polls,NA,NA,lv,602,2026-06-25,2026-06-28,NA,general,https://sites.google.com/view/wedgewood-polls/polls,Mallory McMorrow,41,Mike Rogers,48,-7,FALSE
edf376a8-2e75-4c89-bb0d-665392aae970,bd063820-a527-4554-8eee-49508bb75d62,MI,NA,NA,U.S. Senate,Quantus Insights,NA,NA,lv,947,2026-06-29,2026-06-30,NA,general,https://quantusinsights.org/f/michigan-senate-el-sayed-leads-primary-fall-race-remains-tight,Abdul El-Sayed,45.2,Mike Rogers,44.1,1.1000000000000014,FALSE
edf376a8-2e75-4c89-bb0d-665392aae970,e19645ee-cc7c-4427-9a79-1bb5e8ba56b1,MI,NA,NA,U.S. Senate,Quantus Insights,NA,NA,lv,947,2026-06-29,2026-06-30,NA,general,https://quantusinsights.org/f/michigan-senate-el-sayed-leads-primary-fall-race-remains-tight,Haley Stevens,45.1,Mike Rogers,43.7,1.3999999999999986,FALSE
edf376a8-2e75-4c89-bb0d-665392aae970,fa0c7a0e-3617-4377-ad46-61f454aba525,MI,NA,NA,U.S. Senate,Quantus Insights,NA,NA,lv,947,2026-06-29,2026-06-30,NA,general,https://quantusinsights.org/f/michigan-senate-el-sayed-leads-primary-fall-race-remains-tight,Mallory McMorrow,44.4,Mike Rogers,45.3,-0.8999999999999986,FALSE
d0deaf86-1535-4335-ada2-900774ec77ff,146ef3ed-7a69-4518-8303-4a08cd36757c,MI,NA,NA,U.S. Senate,"Glengariff Group, Inc.",Business Leaders for Michigan | Michigan Education Association,NA,lv,600,2026-07-22,2026-07-24,NA,general,https://mea.org/latest-statewide-poll-7-2026/,Abdul El-Sayed,38.7,Mike Rogers,49,-10.299999999999997,FALSE
d0deaf86-1535-4335-ada2-900774ec77ff,44aaf98d-e5db-43d2-acc7-91d5a817c2a2,MI,NA,NA,U.S. Senate,"Glengariff Group, Inc.",Business Leaders for Michigan | Michigan Education Association,NA,lv,600,2026-07-22,2026-07-24,NA,general,https://mea.org/latest-statewide-poll-7-2026/,Haley Stevens,45.5,Mike Rogers,44.7,0.7999999999999972,FALSE
d0deaf86-1535-4335-ada2-900774ec77ff,15bd9865-1624-46bc-870a-101d40bc267c,MI,NA,NA,Governor,"Glengariff Group, Inc.",Business Leaders for Michigan | Michigan Education Association,NA,lv,600,2026-07-22,2026-07-24,NA,general,https://mea.org/latest-statewide-poll-7-2026/,Jocelyn Benson,47.7,Perry Johnson,37.4,10.300000000000004,FALSE
d0deaf86-1535-4335-ada2-900774ec77ff,be75464f-a3b2-468b-960e-1f48e31c5ff8,MI,NA,NA,Governor,"Glengariff Group, Inc.",Business Leaders for Michigan | Michigan Education Association,NA,lv,600,2026-07-22,2026-07-24,NA,general,https://mea.org/latest-statewide-poll-7-2026/,Chris Swanson,43.5,Perry Johnson,40.3,3.200000000000003,FALSE
d0deaf86-1535-4335-ada2-900774ec77ff,d9dc3470-4920-48e7-8a1a-9b679108811a,MI,NA,NA,Governor,"Glengariff Group, Inc.",Business Leaders for Michigan | Michigan Education Association,NA,lv,600,2026-07-22,2026-07-24,NA,general,https://mea.org/latest-statewide-poll-7-2026/,Chris Swanson,43.4,John James,39.8,3.6000000000000014,FALSE
d0deaf86-1535-4335-ada2-900774ec77ff,ee1de40f-fbce-4bb0-b9f0-5a965a84d9f7,MI,NA,NA,Governor,"Glengariff Group, Inc.",Business Leaders for Michigan | Michigan Education Association,NA,lv,600,2026-07-22,2026-07-24,NA,general,https://mea.org/latest-statewide-poll-7-2026/,Jocelyn Benson,43.7,John James,38.7,5,FALSE
5f5e2ec2-6e7a-4e71-96ac-92c616d4e483,b55a6a75-c8bc-4604-964f-7f167a59592d,MI,NA,NA,U.S. Senate,Mitchell Research & Communications,NA,NA,lv,672,2026-07-28,2026-07-29,NA,general,https://static1.squarespace.com/static/5f14ae6fb2a20e01e9c6d608/t/6a6d26262f442f133d15fa49/1785538087149/MITCHELL+MI+Poll+Nov+Electio+Press+Release+7-31-2026+305PM_A.pdf,Haley Stevens,43,Mike Rogers,46,-3,FALSE
5f5e2ec2-6e7a-4e71-96ac-92c616d4e483,cf4285a8-8e3e-456c-bef5-bd23700e8d6c,MI,NA,NA,U.S. Senate,Mitchell Research & Communications,NA,NA,lv,672,2026-07-28,2026-07-29,NA,general,https://static1.squarespace.com/static/5f14ae6fb2a20e01e9c6d608/t/6a6d26262f442f133d15fa49/1785538087149/MITCHELL+MI+Poll+Nov+Electio+Press+Release+7-31-2026+305PM_A.pdf,Abdul El-Sayed,45,Mike Rogers,45,0,FALSE
5f5e2ec2-6e7a-4e71-96ac-92c616d4e483,3bac5524-16c9-4ddb-bd5d-30b3824a3f2b,MI,NA,NA,Governor,Mitchell Research & Communications,NA,NA,lv,672,2026-07-28,2026-07-29,NA,general,https://static1.squarespace.com/static/5f14ae6fb2a20e01e9c6d608/t/6a6d26262f442f133d15fa49/1785538087149/MITCHELL+MI+Poll+Nov+Electio+Press+Release+7-31-2026+305PM_A.pdf,Jocelyn Benson,48,Perry Johnson,43,5,FALSE
5f5e2ec2-6e7a-4e71-96ac-92c616d4e483,8edbefb8-3016-4c49-84c3-6e52bcfb3fdf,MI,NA,NA,Governor,Mitchell Research & Communications,NA,NA,lv,672,2026-07-28,2026-07-29,NA,general,https://static1.squarespace.com/static/5f14ae6fb2a20e01e9c6d608/t/6a6d26262f442f133d15fa49/1785538087149/MITCHELL+MI+Poll+Nov+Electio+Press+Release+7-31-2026+305PM_A.pdf,Jocelyn Benson,46,John James,44,2,FALSE
9ec2f9a9-0863-406a-a902-74ee03bb6eb1,13a86133-b651-4c7a-9be4-0480e288bd10,MI,NA,NA,U.S. Senate,SoCal Strategies,Red Eagle Politics,REP,lv,640,2026-07-28,2026-07-30,NA,general,https://socalstrategies.substack.com/p/abdul-el-sayed-holds-17-point-primary/,Haley Stevens,44,Mike Rogers,40,4,TRUE
9ec2f9a9-0863-406a-a902-74ee03bb6eb1,d8312a21-8745-4e31-b6ec-abb6b577b28d,MI,NA,NA,U.S. Senate,SoCal Strategies,Red Eagle Politics,REP,lv,640,2026-07-28,2026-07-30,NA,general,https://socalstrategies.substack.com/p/abdul-el-sayed-holds-17-point-primary/,Abdul El-Sayed,41,Mike Rogers,42,-1,TRUE
3afa5b29-7ae9-4aed-af2d-e167993c6e14,03eeb77c-b944-4dbb-9993-38929171c53b,MI,NA,NA,U.S. Senate,EPIC-MRA,MIRS News Service,NA,lv,600,2026-07-24,2026-07-31,NA,general,https://x.com/MIRSnews/status/2083770042475516025,Abdul El-Sayed,43,Mike Rogers,46,-3,FALSE
3afa5b29-7ae9-4aed-af2d-e167993c6e14,4f0f41af-538d-4b64-8c1f-fea467a5410c,MI,NA,NA,U.S. Senate,EPIC-MRA,MIRS News Service,NA,lv,600,2026-07-24,2026-07-31,NA,general,https://x.com/MIRSnews/status/2083770042475516025,Haley Stevens,44,Mike Rogers,42,2,FALSE
3afa5b29-7ae9-4aed-af2d-e167993c6e14,b8929e42-f058-4959-9327-640d5bd96e29,MI,NA,NA,Governor,EPIC-MRA,MIRS News Service,NA,lv,600,2026-07-24,2026-07-31,NA,general,https://x.com/MIRSnews/status/2083770042475516025,Jocelyn Benson,47,John James,38,9,FALSE
3afa5b29-7ae9-4aed-af2d-e167993c6e14,d9b5ef25-a2b8-411f-943b-672ff10df601,MI,NA,NA,Governor,EPIC-MRA,MIRS News Service,NA,lv,600,2026-07-24,2026-07-31,NA,general,https://x.com/MIRSnews/status/2083770042475516025,Jocelyn Benson,48,Perry Johnson,36,12,FALSE
0c516519-3aea-459d-9426-a392a78944fe,d88de28d-b814-46bc-ad3c-49f4ef549eaf,MI,NA,NA,U.S. Senate,Beacon Research/Shaw & Company Research,Fox News,NA,rv,1006,2026-08-06,2026-08-10,NA,general,https://www.foxnews.com/politics/fox-news-poll-senate-battle-looms-michigan,Abdul El-Sayed,47,Mike Rogers,51,-4,FALSE
14255922-dac9-4587-b040-83dc51519dbb,4289b1bf-6375-4222-89f7-200e3210facd,MI,NA,NA,U.S. Senate,TIPP Insights,League of American Workers,REP,lv,1215,2026-08-06,2026-08-10,NA,general,https://tippinsights.com/league-of-american-workers-survey-michigan-2/,Abdul El-Sayed,45.44,Mike Rogers,42.27,3.1699999999999946,TRUE
14255922-dac9-4587-b040-83dc51519dbb,c7a832f8-e168-430c-b02a-a6618ee958fe,MI,NA,NA,U.S. Senate,TIPP Insights,League of American Workers,REP,rv,1528,2026-08-06,2026-08-10,NA,general,https://tippinsights.com/league-of-american-workers-survey-michigan-2/,Abdul El-Sayed,42.55,Mike Rogers,39.19,3.3599999999999994,TRUE
e517b345-e0c8-4715-b717-8e68b58495f6,5ae72580-b6be-4edb-8937-4fbe603ae73e,MI,NA,NA,U.S. Senate,GBAO,Senate Majority PAC,DEM,lv,800,2026-08-06,2026-08-10,NA,general,https://www.politico.com/newsletters/playbook/2026/08/15/what-burritos-tell-us-about-capitalism-01038859,Abdul El-Sayed,50,Mike Rogers,44,6,TRUE
0c516519-3aea-459d-9426-a392a78944fe,72d349e9-da24-432f-86b6-4e0e6c1eba49,MI,NA,NA,Governor,Beacon Research/Shaw & Company Research,Fox News,NA,rv,1006,2026-08-06,2026-08-10,NA,general,https://www.foxnews.com/politics/fox-news-poll-senate-battle-looms-michigan,Jocelyn Benson,52,John James,47,5,FALSE
14255922-dac9-4587-b040-83dc51519dbb,b2423d3e-a57f-40c0-8585-df528e3b8ff0,MI,NA,NA,Governor,TIPP Insights,League of American Workers,REP,rv,1528,2026-08-06,2026-08-10,NA,general,https://tippinsights.com/league-of-american-workers-survey-michigan-2/,Jocelyn Benson,48.36,John James,34.08,14.280000000000001,TRUE
14255922-dac9-4587-b040-83dc51519dbb,cdf8787e-755c-41f3-bd43-46f8437f2437,MI,NA,NA,Governor,TIPP Insights,League of American Workers,REP,lv,1215,2026-08-06,2026-08-10,NA,general,https://tippinsights.com/league-of-american-workers-survey-michigan-2/,Jocelyn Benson,53.02,John James,36.55,16.470000000000006,TRUE
1f396a28-8df3-4095-b0a7-9525b1598b40,412a3974-2ec3-48b0-a5b8-4e48aca0e73d,MI,NA,NA,U.S. Senate,Fabrizio Ward/Impact Research,AARP,NA,lv,877,2026-08-09,2026-08-11,NA,general,https://www.aarp.org/pri/topics/voter-research/politics/2026-midterm-election-poll-michigan/?CMP=RDRCT-PRI-POLT,Abdul El-Sayed,48,Mike Rogers,47,1,FALSE
1f396a28-8df3-4095-b0a7-9525b1598b40,7572b4c4-9edb-4184-b855-621f99fb34a7,MI,NA,NA,Governor,Fabrizio Ward/Impact Research,AARP,NA,lv,877,2026-08-09,2026-08-11,NA,general,https://www.aarp.org/pri/topics/voter-research/politics/2026-midterm-election-poll-michigan/?CMP=RDRCT-PRI-POLT,Jocelyn Benson,49,John James,44,5,FALSE
996caa91-bee6-4be5-b8ef-71eb7a1186a7,05461b36-d6da-401e-8412-ebef9609aa5d,MI,NA,NA,U.S. Senate,"Susquehanna Polling & Research, Inc.",NA,NA,rv,800,2026-08-11,2026-08-17,NA,general,https://static01.nyt.com/newsgraphics/documenttools/43c767b477fe30ae/4748b92f-full.pdf,Abdul El-Sayed,46,Mike Rogers,39,7,FALSE
a4d89b12-868f-490b-9fd9-d4f2ec4ab6e4,36bdec9f-45aa-47ca-877b-8a87f260f619,MI,NA,NA,U.S. Senate,Michigan State University Institute for Public Policy and Social Research/YouGov,NA,NA,lv,779,2026-08-10,2026-08-20,NA,general,https://ippsr.msu.edu/news/msu-poll-shows-democrats-lead-republicans-coalesce-behind-rogers,Abdul El-Sayed,50,Mike Rogers,45,5,FALSE
a4d89b12-868f-490b-9fd9-d4f2ec4ab6e4,83cf6993-6e26-44d3-b967-50c3e537d6bd,MI,NA,NA,U.S. Senate,Michigan State University Institute for Public Policy and Social Research/YouGov,NA,NA,rv,913,2026-08-10,2026-08-20,NA,general,https://ippsr.msu.edu/news/msu-poll-shows-democrats-lead-republicans-coalesce-behind-rogers,Abdul El-Sayed,48,Mike Rogers,44,4,FALSE
a4d89b12-868f-490b-9fd9-d4f2ec4ab6e4,5a87fa60-1fcb-4c32-b45a-fdd3afd63443,MI,NA,NA,Governor,Michigan State University Institute for Public Policy and Social Research/YouGov,NA,NA,lv,779,2026-08-10,2026-08-20,NA,general,https://ippsr.msu.edu/news/msu-poll-shows-democrats-lead-republicans-coalesce-behind-rogers,Jocelyn Benson,52,John James,43,9,FALSE
a4d89b12-868f-490b-9fd9-d4f2ec4ab6e4,fc08277f-9b15-4ee2-8e36-7454b438a9fb,MI,NA,NA,Governor,Michigan State University Institute for Public Policy and Social Research/YouGov,NA,NA,rv,913,2026-08-10,2026-08-20,NA,general,https://ippsr.msu.edu/news/msu-poll-shows-democrats-lead-republicans-coalesce-behind-rogers,Jocelyn Benson,49,John James,39,10,FALSE
96710969-8ac8-4a68-bf76-d1e3bd0f8e0e,9516ecc4-0910-43e9-a0e9-fca02391bc39,MI,NA,NA,U.S. Senate,Abacus Data,NA,NA,rv,500,2026-08-26,2026-08-28,NA,general,https://abacusdata.ca/the-trade-war-next-door-what-american-voters-think-about-tariffs-canada-and-the-battle-for-the-u-s-senate/,Abdul El-Sayed,41,Mike Rogers,35,6,FALSE
96710969-8ac8-4a68-bf76-d1e3bd0f8e0e,f6ddcdac-2d1e-481f-90c9-8a02e3fa5de3,MI,NA,NA,U.S. Senate,Abacus Data,NA,NA,lv,332,2026-08-26,2026-08-28,NA,general,https://abacusdata.ca/the-trade-war-next-door-what-american-voters-think-about-tariffs-canada-and-the-battle-for-the-u-s-senate/,Abdul El-Sayed,47,Mike Rogers,42,5,FALSE
ea8378f5-9ac1-4205-b36e-314fbba935b7,0f028862-9bab-4b3f-bbbc-558fac09fbee,MI,NA,NA,U.S. Senate,EPIC-MRA,NA,NA,lv,600,2026-08-22,2026-08-28,NA,general,https://talkingpointsmemo.com/edblog/time-to-relax-about-whether-abdul-el-sayed-can-win-michigan,Abdul El-Sayed,47,Mike Rogers,43,4,FALSE
ea8378f5-9ac1-4205-b36e-314fbba935b7,57145684-5936-4d42-8f73-0ed4164bd5b4,MI,NA,NA,Governor,EPIC-MRA,NA,NA,lv,600,2026-08-22,2026-08-28,NA,general,https://talkingpointsmemo.com/edblog/time-to-relax-about-whether-abdul-el-sayed-can-win-michigan,Jocelyn Benson,45,John James,41,4,FALSE
c8ab1cb2-330b-45e6-9cab-19dd200ac99a,54a4f963-5071-4949-b00c-e9d040a4fdfb,MI,NA,NA,U.S. Senate,"Glengariff Group, Inc.",Detroit News | WDIV-TV,NA,lv,600,2026-08-31,2026-09-03,NA,general,https://www.detroitnews.com/story/news/politics/2026/09/08/michigan-senate-poll-mike-rogers-abdul-el-sayed/91653231007/,Abdul El-Sayed,44.4,Mike Rogers,45.8,-1.3999999999999986,FALSE
c8ab1cb2-330b-45e6-9cab-19dd200ac99a,d5230786-f6ed-4cda-b2a8-7f5993f8357e,MI,NA,NA,Governor,"Glengariff Group, Inc.",Detroit News | WDIV-TV,NA,lv,600,2026-08-31,2026-09-03,NA,general,https://www.detroitnews.com/story/news/politics/2026/09/08/michigan-senate-poll-mike-rogers-abdul-el-sayed/91653231007/,Jocelyn Benson,47,John James,43,4,FALSE
eac7129e-98df-459f-99ca-9c818ecd162a,c21ee2b3-26fc-40ef-b501-7438b67e1ed7,MI,NA,NA,U.S. Senate,CNN/SSRS,NA,NA,lv,843,2026-08-31,2026-09-06,NA,general,https://www.cnn.com/2026/09/09/politics/cnn-polls-maine-senate-michigan-senate-abdul-el-sayed-susan-collins,Abdul El-Sayed,47,Mike Rogers,44,3,FALSE
eac7129e-98df-459f-99ca-9c818ecd162a,e7aaf399-7801-4030-8024-988c83ea83d2,MI,NA,NA,Governor,CNN/SSRS,NA,NA,lv,843,2026-08-31,2026-09-06,NA,general,https://www.cnn.com/2026/09/09/politics/cnn-polls-maine-senate-michigan-senate-abdul-el-sayed-susan-collins,Jocelyn Benson,50,John James,41,9,FALSE
9da96e59-1c19-436a-9355-2e4c6ff8b5f7,f11a343c-9178-4bc1-b7a5-4229b4bb11d6,MI,NA,NA,U.S. Senate,Trafalgar Group,NA,REP,lv,1079,2026-09-07,2026-09-09,NA,general,https://www.thetrafalgargroup.org/news/mi-sen-general-0910/,Abdul El-Sayed,46.3,Mike Rogers,44.8,1.5,TRUE
39a97beb-dff8-42e4-ba27-456ffbd2ac88,8e44bf3b-8d26-4680-824a-1eed6973b30a,MI,NA,NA,U.S. Senate,Emerson College,Nexstar,NA,lv,1000,2026-09-12,2026-09-14,NA,general,https://emersoncollegepolling.com/michigan-2026-poll-el-sayed-and-rogers-locked-in-close-election/,Abdul El-Sayed,48.19,Mike Rogers,45.72,2.469999999999999,FALSE
f02c3dba-1905-4371-a2db-f33b476c5179,a8d8c4a0-39eb-4a5a-bded-a1cafded86db,MI,NA,NA,U.S. Senate,The Washington Post/George Mason University Schar School of Policy and Government,NA,NA,lv,803,2026-09-10,2026-09-14,NA,general,https://www.washingtonpost.com/documents/08fa9b5e-43ac-456c-a706-4c33ec6506dc.pdf?itid=lk_inline_manual_2,Abdul El-Sayed,48,Mike Rogers,45,3,FALSE
39a97beb-dff8-42e4-ba27-456ffbd2ac88,b0c6b017-e728-4495-b264-dee09f9adabe,MI,NA,NA,Governor,Emerson College,Nexstar,NA,lv,1000,2026-09-12,2026-09-14,NA,general,https://emersoncollegepolling.com/michigan-2026-poll-el-sayed-and-rogers-locked-in-close-election/,Jocelyn Benson,48.63,John James,41.94,6.690000000000005,FALSE
f02c3dba-1905-4371-a2db-f33b476c5179,0d853124-bb66-470d-a6fc-8ff7e1031188,MI,NA,NA,Governor,The Washington Post/George Mason University Schar School of Policy and Government,NA,NA,lv,803,2026-09-10,2026-09-14,NA,general,https://www.washingtonpost.com/documents/08fa9b5e-43ac-456c-a706-4c33ec6506dc.pdf?itid=lk_inline_manual_2,Jocelyn Benson,53,John James,41,12,FALSE
bb987f0d-aae5-46bd-9cd9-a37dc9ed0e83,96335354-f900-4424-a33d-0b597848b6b0,MI,NA,NA,U.S. Senate,InsiderAdvantage,NA,NA,lv,1200,2026-09-16,2026-09-17,NA,general,https://insideradvantage.com/mi-top-line-tabs/,Abdul El-Sayed,46.6,Mike Rogers,44.7,1.8999999999999986,FALSE
9c14f96f-6faa-4fb6-8f49-471a1e8b3a47,488527ac-52a4-4212-b0bd-f1cd6959518c,MN,NA,NA,U.S. Senate,Impact Research,NA,DEM,lv,604,2025-07-08,2025-07-11,NA,general,https://x.com/NenoNicolosio/status/2000509589566210355,Angie Craig,49,Michele Tafoya,45,4,TRUE
9c14f96f-6faa-4fb6-8f49-471a1e8b3a47,dace3e48-c465-4f2e-84c9-0cb249886ac6,MN,NA,NA,U.S. Senate,Impact Research,NA,DEM,lv,604,2025-07-08,2025-07-11,NA,general,https://x.com/NenoNicolosio/status/2000509589566210355,Peggy Flanagan,48,Michele Tafoya,45,3,TRUE
fc2fd45e-d709-4a74-97c0-95c14d5b67a0,03d6cb02-3d07-44b2-b55b-e28b1ca6c8bf,MN,NA,NA,U.S. Senate,Public Policy Polling,GQR,NA,lv,1015,2025-09-15,2025-09-16,NA,general,https://www.scribd.com/document/930902898/Flanagan-Senate-Poll-Memo-September-2025,Peggy Flanagan,46,Generic Republican,44,2,FALSE
fc2fd45e-d709-4a74-97c0-95c14d5b67a0,18a67da7-b333-4423-95b0-fb724e0682ab,MN,NA,NA,U.S. Senate,Public Policy Polling,GQR,NA,lv,1015,2025-09-15,2025-09-16,NA,general,https://www.scribd.com/document/930902898/Flanagan-Senate-Poll-Memo-September-2025,Angie Craig,47,Generic Republican,43,4,FALSE
18cabd47-c578-4efa-9785-6ac3f31abeee,07a27c1c-d22f-4a63-aa3e-fcda5c4d4194,MN,NA,NA,Governor,SurveyUSA,KSTP-TV Minneapolis,NA,lv,568,2025-09-15,2025-09-18,NA,general,https://kstp.com/kstp-news/top-news/kstp-surveyusa-poll-walz-has-net-approval-of-zero-as-he-begins-campaign-for-3rd-term/,Tim Walz,49,Phillip Parrish,38,11,FALSE
18cabd47-c578-4efa-9785-6ac3f31abeee,3e49bc28-3a92-483e-972d-59e957802261,MN,NA,NA,Governor,SurveyUSA,KSTP-TV Minneapolis,NA,lv,568,2025-09-15,2025-09-18,NA,general,https://kstp.com/kstp-news/top-news/kstp-surveyusa-poll-walz-has-net-approval-of-zero-as-he-begins-campaign-for-3rd-term/,Tim Walz,46,Scott Jensen,41,5,FALSE
18cabd47-c578-4efa-9785-6ac3f31abeee,8b616067-e164-43f0-9646-d8338d802e77,MN,NA,NA,Governor,SurveyUSA,KSTP-TV Minneapolis,NA,lv,568,2025-09-15,2025-09-18,NA,general,https://kstp.com/kstp-news/top-news/kstp-surveyusa-poll-walz-has-net-approval-of-zero-as-he-begins-campaign-for-3rd-term/,Tim Walz,50,Kendall Qualls,37,13,FALSE
18cabd47-c578-4efa-9785-6ac3f31abeee,e9e2a39c-1196-453c-80a4-bea5a822555b,MN,NA,NA,Governor,SurveyUSA,KSTP-TV Minneapolis,NA,lv,568,2025-09-15,2025-09-18,NA,general,https://kstp.com/kstp-news/top-news/kstp-surveyusa-poll-walz-has-net-approval-of-zero-as-he-begins-campaign-for-3rd-term/,Tim Walz,47,Kristin Robbins,40,7,FALSE
1fc69692-3590-40b0-8421-56167a4b1e6a,bb12bdde-e940-4e64-995c-11fd0e7dec63,MN,NA,NA,Governor,RMG Research,Alpha News,NA,rv,800,2025-12-10,2025-12-16,NA,general,https://alphanews.org/exclusive-alpha-news-rmg-research-poll-finds-57-disapprove-of-walz-as-fraud-concerns-mount/,Tim Walz,40,Generic Republican,46,-6,FALSE
eec53a71-0b41-4918-9b80-4dec1e076b76,1c2ae812-a045-4032-bf2d-222e5ad71f86,MN,NA,NA,Governor,SurveyUSA,KAAL-TV | KSTP-TV Minneapolis | WDIO-TV Duluth,NA,rv,575,2026-01-27,2026-01-30,NA,general,https://kstp.com/kstp-news/top-news/kstp-surveyusa-trump-walz-approval-ratings-hit-all-time-lows-in-minnesota/,Amy Klobuchar,49,Patrick Knight,33,16,FALSE
eec53a71-0b41-4918-9b80-4dec1e076b76,2ba9adae-8113-4da9-b0f6-a6e66db2ac21,MN,NA,NA,Governor,SurveyUSA,KAAL-TV | KSTP-TV Minneapolis | WDIO-TV Duluth,NA,rv,575,2026-01-27,2026-01-30,NA,general,https://kstp.com/kstp-news/top-news/kstp-surveyusa-trump-walz-approval-ratings-hit-all-time-lows-in-minnesota/,Amy Klobuchar,49,Brad Kohler,32,17,FALSE
eec53a71-0b41-4918-9b80-4dec1e076b76,3dd03540-b39a-4591-b470-e4640a84dbe2,MN,NA,NA,Governor,SurveyUSA,KAAL-TV | KSTP-TV Minneapolis | WDIO-TV Duluth,NA,rv,575,2026-01-27,2026-01-30,NA,general,https://kstp.com/kstp-news/top-news/kstp-surveyusa-trump-walz-approval-ratings-hit-all-time-lows-in-minnesota/,Amy Klobuchar,49,Kendall Qualls,33,16,FALSE
eec53a71-0b41-4918-9b80-4dec1e076b76,6b320a6b-4c65-4c34-a2cb-aa4dff9093a5,MN,NA,NA,Governor,SurveyUSA,KAAL-TV | KSTP-TV Minneapolis | WDIO-TV Duluth,NA,rv,575,2026-01-27,2026-01-30,NA,general,https://kstp.com/kstp-news/top-news/kstp-surveyusa-trump-walz-approval-ratings-hit-all-time-lows-in-minnesota/,Amy Klobuchar,50,Phillip Parrish,32,18,FALSE
eec53a71-0b41-4918-9b80-4dec1e076b76,77de6914-dd8a-40fb-8af4-cdda7b78e77b,MN,NA,NA,Governor,SurveyUSA,KAAL-TV | KSTP-TV Minneapolis | WDIO-TV Duluth,NA,rv,575,2026-01-27,2026-01-30,NA,general,https://kstp.com/kstp-news/top-news/kstp-surveyusa-trump-walz-approval-ratings-hit-all-time-lows-in-minnesota/,Amy Klobuchar,49,Scott Jensen,35,14,FALSE
eec53a71-0b41-4918-9b80-4dec1e076b76,97b08ba4-038c-4812-a141-e9054a7fbce3,MN,NA,NA,Governor,SurveyUSA,KAAL-TV | KSTP-TV Minneapolis | WDIO-TV Duluth,NA,rv,575,2026-01-27,2026-01-30,NA,general,https://kstp.com/kstp-news/top-news/kstp-surveyusa-trump-walz-approval-ratings-hit-all-time-lows-in-minnesota/,Amy Klobuchar,48,Kristin Robbins,33,15,FALSE
eec53a71-0b41-4918-9b80-4dec1e076b76,9b7b9c79-08a5-4859-b036-da5ea581df11,MN,NA,NA,Governor,SurveyUSA,KAAL-TV | KSTP-TV Minneapolis | WDIO-TV Duluth,NA,rv,575,2026-01-27,2026-01-30,NA,general,https://kstp.com/kstp-news/top-news/kstp-surveyusa-trump-walz-approval-ratings-hit-all-time-lows-in-minnesota/,Amy Klobuchar,49,Lisa Demuth,34,15,FALSE
eec53a71-0b41-4918-9b80-4dec1e076b76,a9d3c4be-d1de-46a4-83af-9c2516391380,MN,NA,NA,Governor,SurveyUSA,KAAL-TV | KSTP-TV Minneapolis | WDIO-TV Duluth,NA,rv,575,2026-01-27,2026-01-30,NA,general,https://kstp.com/kstp-news/top-news/kstp-surveyusa-trump-walz-approval-ratings-hit-all-time-lows-in-minnesota/,Amy Klobuchar,52,Mike Lindell,32,20,FALSE
eec53a71-0b41-4918-9b80-4dec1e076b76,ccc1dbf2-288d-4b1d-a210-e2761e94a437,MN,NA,NA,Governor,SurveyUSA,KAAL-TV | KSTP-TV Minneapolis | WDIO-TV Duluth,NA,rv,575,2026-01-27,2026-01-30,NA,general,https://kstp.com/kstp-news/top-news/kstp-surveyusa-trump-walz-approval-ratings-hit-all-time-lows-in-minnesota/,Amy Klobuchar,50,Peggy Bennett,30,20,FALSE
eec53a71-0b41-4918-9b80-4dec1e076b76,d78b820d-2745-4e8f-a0bb-4b3c5c29e88c,MN,NA,NA,Governor,SurveyUSA,KAAL-TV | KSTP-TV Minneapolis | WDIO-TV Duluth,NA,rv,575,2026-01-27,2026-01-30,NA,general,https://kstp.com/kstp-news/top-news/kstp-surveyusa-trump-walz-approval-ratings-hit-all-time-lows-in-minnesota/,Amy Klobuchar,50,Jeff Johnson,33,17,FALSE
bafbd131-89f2-4a74-ac51-2ac4798b40e4,190a0a32-a256-4bf5-a822-68b8cedd0c53,MN,NA,NA,U.S. Senate,Emerson College,NA,NA,lv,1000,2026-02-06,2026-02-08,NA,general,https://emersoncollegepolling.com/minnesota-2026-poll-democrats-lead-gop-as-voters-cite-threats-to-democracy/,Peggy Flanagan,47.1,Michele Tafoya,40.6,6.5,FALSE
bafbd131-89f2-4a74-ac51-2ac4798b40e4,71b6aacd-e523-42c9-a30d-918fa76425b1,MN,NA,NA,U.S. Senate,Emerson College,NA,NA,lv,1000,2026-02-06,2026-02-08,NA,general,https://emersoncollegepolling.com/minnesota-2026-poll-democrats-lead-gop-as-voters-cite-threats-to-democracy/,Angie Craig,46.6,Michele Tafoya,40.2,6.399999999999999,FALSE
bafbd131-89f2-4a74-ac51-2ac4798b40e4,c012033a-5a10-4bb7-8886-7dbcb35d0274,MN,NA,NA,Governor,Emerson College,NA,NA,lv,1000,2026-02-06,2026-02-08,NA,general,https://emersoncollegepolling.com/minnesota-2026-poll-democrats-lead-gop-as-voters-cite-threats-to-democracy/,Amy Klobuchar,52.8,Mike Lindell,30.9,21.9,FALSE
bafbd131-89f2-4a74-ac51-2ac4798b40e4,fb335bb1-4e47-4e51-83c6-822dccae5859,MN,NA,NA,Governor,Emerson College,NA,NA,lv,1000,2026-02-06,2026-02-08,NA,general,https://emersoncollegepolling.com/minnesota-2026-poll-democrats-lead-gop-as-voters-cite-threats-to-democracy/,Amy Klobuchar,51.1,Lisa Demuth,37.7,13.399999999999999,FALSE
fa307c88-2b80-406c-ab51-898ff492fe17,b3730f67-bb0c-481b-9f8e-77ccea4ec595,MN,NA,NA,U.S. Senate,Impact Research,NA,DEM,lv,808,2026-05-26,2026-05-28,NA,general,https://x.com/NenoNicolosio/status/2062572053346111489?s=20,Peggy Flanagan,51,Michele Tafoya,44,7,TRUE
fa307c88-2b80-406c-ab51-898ff492fe17,d5ae07f6-6ca9-45f7-be63-0ede7f747d37,MN,NA,NA,U.S. Senate,Impact Research,NA,DEM,lv,808,2026-05-26,2026-05-28,NA,general,https://x.com/NenoNicolosio/status/2062572053346111489?s=20,Angie Craig,51,Michele Tafoya,44,7,TRUE
b8ceed2d-4813-4108-a300-24a6dc39d81b,d0491698-0ce1-4692-ae51-0b542122a627,MN,NA,NA,U.S. Senate,"Mason-Dixon Polling & Research, Inc.",KARE-TV | Minneapolis Star Tribune | U. of Minnesota Hubbard School of Journalism and Mass Communication,NA,lv,800,2026-06-08,2026-06-10,NA,general,https://www.startribune.com/minnesota-poll-klobuchar-leads-all-gop-candidates-for-governor/601850018,Generic Democrat,49,Generic Republican,41,8,FALSE
b8ceed2d-4813-4108-a300-24a6dc39d81b,1b3da61b-991e-46fe-876e-69848fcfc050,MN,NA,NA,Governor,"Mason-Dixon Polling & Research, Inc.",KARE-TV | Minneapolis Star Tribune | U. of Minnesota Hubbard School of Journalism and Mass Communication,NA,lv,800,2026-06-08,2026-06-10,NA,general,https://www.startribune.com/minnesota-poll-klobuchar-leads-all-gop-candidates-for-governor/601850018,Amy Klobuchar,48,Lisa Demuth,40,8,FALSE
b8ceed2d-4813-4108-a300-24a6dc39d81b,8dbe7879-0e81-431e-bef3-cd2d5d88324a,MN,NA,NA,Governor,"Mason-Dixon Polling & Research, Inc.",KARE-TV | Minneapolis Star Tribune | U. of Minnesota Hubbard School of Journalism and Mass Communication,NA,lv,800,2026-06-08,2026-06-10,NA,general,https://www.startribune.com/minnesota-poll-klobuchar-leads-all-gop-candidates-for-governor/601850018,Amy Klobuchar,53,Mike Lindell,36,17,FALSE
b8ceed2d-4813-4108-a300-24a6dc39d81b,cc0fa9f3-e395-46c2-a571-d812784fda53,MN,NA,NA,Governor,"Mason-Dixon Polling & Research, Inc.",KARE-TV | Minneapolis Star Tribune | U. of Minnesota Hubbard School of Journalism and Mass Communication,NA,lv,800,2026-06-08,2026-06-10,NA,general,https://www.startribune.com/minnesota-poll-klobuchar-leads-all-gop-candidates-for-governor/601850018,Amy Klobuchar,48,Kendall Qualls,37,11,FALSE
e5722003-c9f2-4014-9b05-6062607faa9f,fffa6378-d2a3-4959-93e9-9904d3d981e9,MN,NA,NA,U.S. Senate,SurveyUSA,KSTP-TV Minneapolis,NA,lv,661,2026-08-13,2026-08-17,NA,general,https://kstp.com/kstp-news/top-news/kstp-surveyusa-poll-early-frontrunners-in-governor-and-senate-races-ag-a-toss-up/,Peggy Flanagan,46,Michele Tafoya,41,5,FALSE
e5722003-c9f2-4014-9b05-6062607faa9f,92ce6d69-6202-4eab-bd1b-8956a2963700,MN,NA,NA,Governor,SurveyUSA,KSTP-TV Minneapolis,NA,lv,661,2026-08-13,2026-08-17,NA,general,https://kstp.com/kstp-news/top-news/kstp-surveyusa-poll-early-frontrunners-in-governor-and-senate-races-ag-a-toss-up/,Amy Klobuchar,52,Lisa Demuth,36,16,FALSE
eb8ad355-6d1e-479b-b7b1-5b54db88b965,115e31d1-cbfb-4510-9be1-5d203dfde57c,MN,NA,NA,U.S. Senate,TIPP Insights,League of American Workers,REP,rv,1494,2026-08-31,2026-09-02,NA,general,https://www.dailysignal.com/2026/09/08/senator-tafoya-minnesota-polling-dead-heat/,Peggy Flanagan,39.99,Michele Tafoya,37.98,2.010000000000005,TRUE
eb8ad355-6d1e-479b-b7b1-5b54db88b965,d272749d-17c4-4b48-bf56-11420fa2e5fd,MN,NA,NA,U.S. Senate,TIPP Insights,League of American Workers,REP,lv,1192,2026-08-31,2026-09-02,NA,general,https://www.dailysignal.com/2026/09/08/senator-tafoya-minnesota-polling-dead-heat/,Peggy Flanagan,43.96,Michele Tafoya,41.86,2.1000000000000014,TRUE
eb8ad355-6d1e-479b-b7b1-5b54db88b965,1343e315-b799-4cd4-b320-d73ade3d4476,MN,NA,NA,Governor,TIPP Insights,League of American Workers,REP,rv,1494,2026-08-31,2026-09-02,NA,general,https://www.dailysignal.com/2026/09/08/senator-tafoya-minnesota-polling-dead-heat/,Amy Klobuchar,46.61,Lisa Demuth,36.71,9.899999999999999,TRUE
eb8ad355-6d1e-479b-b7b1-5b54db88b965,32945332-1673-46f1-b227-0c0461dc2094,MN,NA,NA,Governor,TIPP Insights,League of American Workers,REP,lv,1192,2026-08-31,2026-09-02,NA,general,https://www.dailysignal.com/2026/09/08/senator-tafoya-minnesota-polling-dead-heat/,Amy Klobuchar,49.67,Lisa Demuth,39.83,9.840000000000003,TRUE
cbda5f15-c2a1-4102-8b12-76064418a417,039378a4-d82a-4e95-9b6e-8db15ad77efb,MN,NA,NA,U.S. Senate,Quantus Insights,NA,NA,lv,720,2026-09-08,2026-09-10,NA,general,https://quantusinsights.org/polling/f/new-quantus-polls-moody-leads-in-florida-flanagan-in-minnesota,Peggy Flanagan,48.9,Michele Tafoya,45.4,3.5,FALSE
2618d7e3-4071-4897-85b9-d877fdfbc2c7,96118869-e711-4f82-ba55-b204080d3b1b,MN,NA,NA,U.S. Senate,SurveyUSA,KSTP-TV Minneapolis,NA,lv,654,2026-09-09,2026-09-14,NA,general,https://kstp.com/kstp-news/top-news/kstp-surveyusa-poll-governor-senate-races-tightening-days-before-early-voting-starts-in-minnesota/,Peggy Flanagan,42,Michele Tafoya,42,0,FALSE
2618d7e3-4071-4897-85b9-d877fdfbc2c7,2f2a8175-3742-4234-af3a-af7d60ed10d6,MN,NA,NA,Governor,SurveyUSA,KSTP-TV Minneapolis,NA,lv,654,2026-09-09,2026-09-14,NA,general,https://kstp.com/kstp-news/top-news/kstp-surveyusa-poll-governor-senate-races-tightening-days-before-early-voting-starts-in-minnesota/,Amy Klobuchar,47,Lisa Demuth,40,7,FALSE
6dc1e5c8-81c7-4fdc-aaee-f5d0ba3bd532,60860089-c099-4f91-bd98-2b29d23be46f,MN,NA,NA,U.S. Senate,co/efficient,NA,NA,lv,833,2026-09-14,2026-09-15,NA,general,https://battlegrounds.coefficient.org/mn/,Generic Democrat,46,Generic Republican,47,-1,FALSE
6dc1e5c8-81c7-4fdc-aaee-f5d0ba3bd532,7cb10566-fc15-4ee1-b91a-a9165f03b272,MN,NA,NA,U.S. Senate,co/efficient,NA,NA,lv,833,2026-09-14,2026-09-15,NA,general,https://battlegrounds.coefficient.org/mn/,Peggy Flanagan,43,Michele Tafoya,42,1,FALSE
6dc1e5c8-81c7-4fdc-aaee-f5d0ba3bd532,2bf5034e-a21c-4bdc-b5ef-3a1d7396a4ee,MN,NA,NA,Governor,co/efficient,NA,NA,lv,833,2026-09-14,2026-09-15,NA,general,https://battlegrounds.coefficient.org/mn/,Amy Klobuchar,47,Lisa Demuth,45,2,FALSE
bb2c7efc-df3d-4cee-aef5-0db1bb547945,e3fd7c79-721a-4f62-88d0-525e86d0c44c,MS,NA,NA,U.S. Senate,Impact Research,SPLC Action Fund,DEM,lv,500,2026-04-08,2026-04-12,NA,general,https://www.splcactionfund.org/wp-content/uploads/sites/2/2026/04/2026-04-IMPACT-Baseline-MS-Statewide-Senate-GE-Bench-Apr-2026.pdf,Scott Colom,39,Cindy Hyde-Smith,42,-3,TRUE
f1934772-c44e-47bc-8e72-4f1226f44b5f,855a90ba-f477-4081-ac1c-fd075011f02a,MS,NA,NA,U.S. Senate,Data for Progress,Way to Lead PAC,DEM,lv,1018,2026-08-05,2026-08-15,NA,general,https://chartingthewayforward.substack.com/p/research-release-fresh-polling-from,Scott Colom,41,Cindy Hyde-Smith,47,-6,TRUE
f1934772-c44e-47bc-8e72-4f1226f44b5f,be3f1651-26ac-4ecd-a71b-b011bdc73c36,MS,NA,NA,U.S. Senate,Data for Progress,Way to Lead PAC,DEM,lv,1018,2026-08-05,2026-08-15,NA,general,https://chartingthewayforward.substack.com/p/research-release-fresh-polling-from,Scott Colom,38,Cindy Hyde-Smith,44,-6,TRUE
a4cdceed-7a8c-4b70-9ad1-d62e948b6530,9cd666e6-32a9-43f6-b972-e448eb36ce3f,MT,NA,NA,U.S. Senate,yes. every kid. foundation.,NA,NA,rv,500,2026-01-23,2026-01-26,NA,general,https://yeseverykidfoundation.org/montana-voters-want-more-education-freedom/,Reilly Neill,19,Steve Daines,43,-24,FALSE
1454464f-c38a-44fc-96d8-bb09d7f9ae0c,d22cc3aa-6909-4a1c-9825-d2f04d653909,MT,NA,NA,U.S. Senate,American Pulse Research & Polling,NA,NA,lv,607,2026-02-14,2026-02-18,NA,general,https://www.kulr8.com/elections/first-daines-in-command-for-us-senate-in-first-poll-featuring-an-independent/article_f61f7e4d-ef2f-52ae-bffc-ab6319495ff7.html,Seth Bodnar,40,Steve Daines,53.9,-13.899999999999999,FALSE
1454464f-c38a-44fc-96d8-bb09d7f9ae0c,f50edf0b-456c-4ce2-ae1d-460fc851c14f,MT,NA,NA,U.S. Senate,American Pulse Research & Polling,NA,NA,lv,607,2026-02-14,2026-02-18,NA,general,https://www.kulr8.com/elections/first-daines-in-command-for-us-senate-in-first-poll-featuring-an-independent/article_f61f7e4d-ef2f-52ae-bffc-ab6319495ff7.html,Reilly Neill,25.1,Steve Daines,51.7,-26.6,FALSE
13612ecb-8f27-4a3c-942e-c134fd7cbf66,24edf953-4cc3-49d3-99f6-f86ac43ad3b6,MT,NA,NA,U.S. Senate,Tavern Research,Contours Inc.,IND,lv,607,2026-05-13,2026-05-18,NA,general,https://www.tavernresearch.com/research-and-writings/montana-senate-bodnar-ballot-split,Reilly Neill,24,Kurt Alme,46,-22,TRUE
13612ecb-8f27-4a3c-942e-c134fd7cbf66,46194340-bb65-4720-b787-88af59758d82,MT,NA,NA,U.S. Senate,Tavern Research,Contours Inc.,IND,lv,607,2026-05-13,2026-05-18,NA,general,https://www.tavernresearch.com/research-and-writings/montana-senate-bodnar-ballot-split,Generic Democrat,44,Kurt Alme,56,-12,TRUE
13612ecb-8f27-4a3c-942e-c134fd7cbf66,982e0e7d-1a7a-4fbe-afdf-f2153952b2d9,MT,NA,NA,U.S. Senate,Tavern Research,Contours Inc.,IND,lv,607,2026-05-13,2026-05-18,NA,general,https://www.tavernresearch.com/research-and-writings/montana-senate-bodnar-ballot-split,Reilly Neill,42,Kurt Alme,58,-16,TRUE
bf714d68-2d8d-416f-909e-af5f1c6bf6b1,e23d9283-05b9-4f6a-b444-42cd8af98bd6,MT,NA,NA,U.S. Senate,Public Opinion Strategies,The Political Company,REP,lv,500,2026-06-08,2026-06-11,NA,general,https://www.semafor.com/article/06/18/2026/divided-montana-senate-field-helps-republicans,Alani Bankhead,25,Kurt Alme,44,-19,TRUE
19633ac9-910b-4625-a33a-4febf87202dc,014a6a86-269d-4a74-93d6-d3155ed17142,MT,NA,NA,U.S. Senate,Hart Research Associates,The Majority Institute,DEM,lv,800,2026-06-18,2026-06-24,NA,general,https://www.mtfreedompac.org/press-releases,Alani Bankhead,43,Kurt Alme,49,-6,TRUE
19633ac9-910b-4625-a33a-4febf87202dc,f5058302-07b2-443b-a323-6c73076cc1c6,MT,NA,NA,U.S. Senate,Hart Research Associates,The Majority Institute,DEM,lv,800,2026-06-18,2026-06-24,NA,general,https://www.mtfreedompac.org/press-releases,Alani Bankhead,22,Kurt Alme,47,-25,TRUE
bb82054e-a9e9-44d5-8fdd-ccdb1e0a7995,17fbe398-d16b-4eed-a9f5-9295ff80eda0,MT,NA,NA,U.S. Senate,GrayHouse,NA,NA,lv,500,2026-06-23,2026-06-24,NA,general,https://www.insideelections.com/news/article/montana-senate-new-poll-confirms-gop-edge,Alani Bankhead,25,Kurt Alme,41,-16,FALSE
b64dae86-2bac-42be-8751-548507ec6e6f,809e04bf-68e6-4fee-80d2-a942eafb52fb,MT,NA,NA,U.S. Senate,The Bullfinch Group,Independent Center | Independent Leadership Council,NA,lv,793,2026-07-13,2026-07-16,NA,general,https://independentcentervoice.com/insights/july-2026-statewide-survey-montana-s-u-s-senate-race,Alani Bankhead,22,Kurt Alme,36,-14,FALSE
9e530405-00f6-4cb2-83ea-92238cc55b27,01ff653b-5895-4c5c-a089-817eea68551a,MT,NA,NA,U.S. Senate,GQR,Contours Inc.,IND,lv,500,2026-07-23,2026-07-26,NA,general,https://www.gelliottmorris.com/p/2026-07-28-exclusive-independent-leads-democrat-against-republican-montana,Alani Bankhead,44,Kurt Alme,52,-8,TRUE
9e530405-00f6-4cb2-83ea-92238cc55b27,88ec0646-9e29-4c04-93dd-b8ca7cfa927f,MT,NA,NA,U.S. Senate,GQR,Contours Inc.,IND,lv,500,2026-07-23,2026-07-26,NA,general,https://www.gelliottmorris.com/p/2026-07-28-exclusive-independent-leads-democrat-against-republican-montana,Alani Bankhead,40,Kurt Alme,44,-4,TRUE
9e530405-00f6-4cb2-83ea-92238cc55b27,e94a6049-bf80-4426-b04e-345eff037a82,MT,NA,NA,U.S. Senate,GQR,Contours Inc.,IND,lv,500,2026-07-23,2026-07-26,NA,general,https://www.gelliottmorris.com/p/2026-07-28-exclusive-independent-leads-democrat-against-republican-montana,Alani Bankhead,22,Kurt Alme,41,-19,TRUE
cbca9de0-6789-419b-93ad-b72364c3dfea,617ed755-cfa4-4c12-b495-3b684f9036bf,MT,NA,NA,U.S. Senate,Hart Research Associates,Forward Montana,IND,lv,800,2026-08-01,2026-08-04,NA,general,https://forwardmontana.org/results-of-new-polling-on-the-montana-u-s-senate-election/,Alani Bankhead,15,Kurt Alme,45,-30,TRUE
cbca9de0-6789-419b-93ad-b72364c3dfea,7190813f-810c-4084-8aad-b6c39bfb1a08,MT,NA,NA,U.S. Senate,Hart Research Associates,Forward Montana,IND,lv,800,2026-08-01,2026-08-04,NA,general,https://forwardmontana.org/results-of-new-polling-on-the-montana-u-s-senate-election/,Alani Bankhead,38,Kurt Alme,52,-14,TRUE
8e8910b5-5bcb-4f44-bb67-c6b9e2b7a942,f691def6-0d95-4a8d-abd2-1bd9532947c3,MT,NA,NA,U.S. Senate,Peak Insights,NA,REP,lv,600,2026-08-23,2026-08-25,NA,general,https://www.semafor.com/article/09/08/2026/republican-exploits-divided-field-in-montana-senate-race,Alani Bankhead,19,Kurt Alme,44,-25,TRUE
b611f1b0-7ca1-49c8-9c2d-29140802d492,3e2533f4-2968-4e87-902c-49cbd0be9100,MT,NA,NA,U.S. Senate,Rutgers-Eagleton,Montana Free Press,NA,rv,845,2026-08-27,2026-09-07,NA,general,https://montanafreepress.org/2026/09/11/alme-holds-an-8-point-lead-over-bodnar-in-senate-race/,Alani Bankhead,16,Kurt Alme,38,-22,FALSE
e0d850c2-a12e-48c5-ac86-e4ed1aafda05,af41084a-5007-45ca-976d-4492c56e0fb8,MT,NA,NA,U.S. Senate,Quantus Insights,NA,NA,lv,625,2026-09-14,2026-09-15,NA,general,https://quantusinsights.org/f/latest-survey-alme-leads-as-montana%E2%80%99s-senate-opposition-splits,Alani Bankhead,24.4,Kurt Alme,45.3,-20.9,FALSE
24848e76-9a63-59b3-a881-a7a9add7cd32,5d0dbd15-7abf-4ff4-93c4-bd400e254d98,NC,NA,NA,U.S. Senate,Victory Insights,NA,NA,lv,800,2024-11-26,2024-11-29,NA,general,https://irp.cdn-website.com/07e08705/files/uploaded/PollReport_NC-2026_12-2-24.pdf,Roy Cooper,45.1,Thom Tillis,44.1,1,FALSE
24848e76-9a63-59b3-a881-a7a9add7cd32,b236878e-cbd7-46fd-819a-98a1499b51bb,NC,NA,NA,U.S. Senate,Victory Insights,NA,NA,lv,800,2024-11-26,2024-11-29,NA,general,https://irp.cdn-website.com/07e08705/files/uploaded/PollReport_NC-2026_12-2-24.pdf,Roy Cooper,45.5,Lara Trump,44.3,1.2000000000000028,FALSE
475bec54-489d-4cd6-acc6-1effe6738652,402866b6-ada1-436b-b014-042e1bbfcaab,NC,NA,NA,U.S. Senate,Public Policy Polling,NA,NA,rv,662,2025-03-04,2025-03-05,NA,general,https://www.publicpolicypolling.com/polls/thom-tillis-has-a-25-approval-rating/,Roy Cooper,47,Thom Tillis,43,4,FALSE
1f2d4e0d-a5e0-44fa-9125-d865b1b3e98b,86bf164c-66c5-48c5-ab86-dffe75f8f61f,NC,NA,NA,U.S. Senate,Change Research,Carolina Forward,DEM,lv,867,2025-03-31,2025-04-04,NA,general,https://carolinaforward.org/blog/april-2025-poll/,Roy Cooper,48,Thom Tillis,45,3,TRUE
667b6c9d-261b-488d-ab92-bffab687463f,32afcb45-fb0d-47f3-8867-9c49df314474,NC,NA,NA,U.S. Senate,Emerson College,NA,NA,rv,1000,2025-07-28,2025-07-30,NA,general,https://emersoncollegepolling.com/north-carolina-2026-poll-cooper-starts-us-senate-race-with-six-point-lead-and-clear-name-recognition-advantage-over-whatley/,Roy Cooper,46.7,Michael Whatley,41.4,5.300000000000004,FALSE
b30fc9ac-94ed-4f2b-82ef-daf8685636ce,d1b9e1f9-021f-4fc5-9114-b5018945735a,NC,NA,NA,U.S. Senate,Victory Insights,NA,NA,lv,600,2025-07-28,2025-07-30,NA,general,https://irp.cdn-website.com/07e08705/files/uploaded/PollSummary_NC-US-Senate_07-31-2025.pdf,Roy Cooper,44.4,Michael Whatley,43.5,0.8999999999999986,FALSE
ac767c3a-36bf-4615-81d8-871500f8d4e5,ecbac7f2-5b2d-4975-89ef-9190dffa386c,NC,NA,NA,U.S. Senate,Harper Polling,Carolina Journal,NA,lv,600,2025-08-11,2025-08-12,NA,general,https://www.carolinajournal.com/polls/august-2025-cooper-shows-early-lead-on-whatley-in-us-senate-race/,Roy Cooper,47.3,Michael Whatley,39.1,8.199999999999996,FALSE
36fb875b-82e7-4b6d-bb73-d54ddfbd84be,11a85c1e-e652-491c-bc0c-47a811b8354b,NC,NA,NA,U.S. Senate,Change Research,Carolina Forward,DEM,lv,855,2025-09-02,2025-09-08,NA,general,https://carolinaforward.org/blog/the-september-carolina-forward-poll/,Roy Cooper,48,Michael Whatley,41,7,TRUE
d6e9f7d4-5473-4c58-9b56-58db42092ad2,637bb7f2-3cda-4e22-8d47-04369b4131c7,NC,NA,NA,U.S. Senate,Harper Polling,Carolina Journal,NA,lv,600,2025-09-14,2025-09-15,NA,general,https://www.carolinajournal.com/wp-content/uploads/2025/09/H23315-CJ-NC-Sept25-Toplines.pdf,Roy Cooper,46.1,Michael Whatley,41.9,4.200000000000003,FALSE
16d84a0b-d452-486a-ad67-bf1270a19b6c,975f88ff-666b-4375-ba73-dc53ea5b439b,NC,NA,NA,U.S. Senate,Harper Polling,Carolina Journal,NA,lv,600,2025-11-09,2025-11-10,NA,general,https://www.carolinajournal.com/polls/november-2025-cooper-maintains-lead-in-senate-race/,Roy Cooper,48.1,Don Brown,38,10.100000000000001,FALSE
16d84a0b-d452-486a-ad67-bf1270a19b6c,9a34367c-f285-40be-b406-bd26e171ef20,NC,NA,NA,U.S. Senate,Harper Polling,Carolina Journal,NA,lv,600,2025-11-09,2025-11-10,NA,general,https://www.carolinajournal.com/polls/november-2025-cooper-maintains-lead-in-senate-race/,Roy Cooper,47.3,Michael Whatley,38.6,8.699999999999996,FALSE
e556e0f6-57b0-4389-ad0a-43949e8103e3,37fd703c-0d5b-4e83-9530-fcbb8f402233,NC,NA,NA,U.S. Senate,Change Research,Carolina Forward,DEM,lv,1105,2026-01-05,2026-01-07,NA,general,https://carolinaforward.org/blog/the-january-carolina-forward-poll/,Roy Cooper,47,Michael Whatley,42,5,TRUE
840ed27c-1672-416a-b784-f55f12b4bc4e,15842e7b-8753-417d-b1f1-39e7a5f095af,NC,NA,NA,U.S. Senate,TIPP Insights,League of American Workers,REP,rv,1512,2026-01-12,2026-01-15,NA,general,https://www.dailysignal.com/2026/01/19/exclusive-economy-remains-gops-biggest-vulnerability-in-north-carolina-new-poll-shows/,Roy Cooper,48.4,Michael Whatley,24.2,24.2,TRUE
392456df-676f-485b-9887-b0b0c1565c50,2a1152e8-7fc9-464b-9756-f098c4c9f3a2,NC,NA,NA,U.S. Senate,Change Research,Gary Pearce | Sam Hunt,DEM,rv,1069,2026-01-31,2026-02-04,NA,general,https://changeresearch.com/north-carolina-voters-february-2026/,Roy Cooper,50,Michael Whatley,40,10,TRUE
853ccd90-0763-41b2-b469-bcc02ef6752e,01f8da74-b3fc-4c3d-ae01-e818a50b50ef,NC,NA,NA,U.S. Senate,Public Policy Polling,NA,NA,rv,556,2026-03-13,2026-03-14,NA,general,https://www.publicpolicypolling.com/polls/north-carolina-is-always-close/,Roy Cooper,47,Michael Whatley,44,3,FALSE
513a5db1-b469-448f-91b9-915ea882aa6d,a9b37e1a-ce4a-4687-9199-14367cae6262,NC,NA,NA,U.S. Senate,YouGov,Catawba College Center for N.C. Politics & Public Service,NA,lv,872,2026-03-09,2026-03-18,NA,general,https://www.catawba.edu/news/all-news/2026/yougov-24/,Roy Cooper,48,Michael Whatley,34,14,FALSE
fc1e0141-3430-4588-a4fe-ea86a30bea64,c377240a-3512-4d1d-94fa-2f1b97f8e1a2,NC,NA,NA,U.S. Senate,Harper Polling,Carolina Journal,NA,lv,600,2026-03-22,2026-03-23,NA,general,https://www.carolinajournal.com/polls/march-2026-roy-cooper-leads-michael-whatley-in-senate-race-by-nearly-8-points/,Roy Cooper,48.9,Michael Whatley,41.1,7.799999999999997,FALSE
c0fcba01-5063-4e27-8510-929b048c6aa3,b48a2ad3-e381-4cfe-b90b-66f4b4c667f2,NC,NA,NA,U.S. Senate,Quantus Insights,NA,NA,lv,987,2026-03-31,2026-04-01,NA,general,https://quantusinsights.org/f/north-carolina-2026-democrats-hold-early-edge,Roy Cooper,48.6,Michael Whatley,43.8,4.800000000000004,FALSE
6c46d010-b8cb-4466-9b1b-d8dd12613bab,5c55d559-97d9-46be-a955-56e7d615e12c,NC,NA,NA,U.S. Senate,High Point University,NA,NA,rv,800,2026-03-26,2026-04-06,NA,general,https://www.highpoint.edu/blog/2026/04/hpu-poll-120-north-carolina-likely-voters-weigh-in-on-u-s-senate-north-carolina-supreme-court-races/,Roy Cooper,49,Michael Whatley,39,10,FALSE
6c46d010-b8cb-4466-9b1b-d8dd12613bab,dbc0a2d9-82e1-4764-bbde-810b1749d07f,NC,NA,NA,U.S. Senate,High Point University,NA,NA,lv,703,2026-03-26,2026-04-06,NA,general,https://www.highpoint.edu/blog/2026/04/hpu-poll-120-north-carolina-likely-voters-weigh-in-on-u-s-senate-north-carolina-supreme-court-races/,Roy Cooper,50,Michael Whatley,42,8,FALSE
17eb9dd9-8dc0-4319-80c9-638fe7b99c58,896a1508-da3c-4407-8933-7ed19349e0df,NC,NA,NA,U.S. Senate,Opinion Diagnostics,NA,NA,rv,830,2026-04-21,2026-04-24,NA,general,https://www.wral.com/news/nccapitol/cooper-leads-whatley-in-us-senate-race-new-nc-polls-april-2026/,Roy Cooper,50.4,Michael Whatley,41.4,9,FALSE
419d2158-916b-4df7-a656-28a6a005e069,68eaa481-4b18-4372-b7e8-fbf2cd992bd2,NC,NA,NA,U.S. Senate,Opinion Diagnostics,NA,NA,rv,830,2026-04-21,2026-04-24,NA,general,https://www.wral.com/news/nccapitol/cooper-leads-whatley-in-us-senate-race-new-nc-polls-april-2026/,Roy Cooper,50.4,Michael Whatley,41.4,9,FALSE
1759647c-7327-4a19-9985-8ebc9ca0bc2b,0ab95e7c-7d37-46a1-a94f-8a36edf7bca5,NC,NA,NA,U.S. Senate,Change Research,Carolina Forward,DEM,lv,957,2026-05-04,2026-05-08,NA,general,https://carolinaforward.org/blog/the-may-2026-carolina-forward-poll/,Roy Cooper,49.29,Michael Whatley,42.42,6.8699999999999974,TRUE
d9cf448e-160f-4950-adf4-1e4d5d837fd8,0bba8072-be13-449d-a806-8329f49d4544,NC,NA,NA,U.S. Senate,Harper Polling,Carolina Journal,NA,lv,600,2026-05-10,2026-05-11,NA,general,https://www.carolinajournal.com/polls/may-2026-coopers-lead-over-whatley-in-senate-race-widens/,Roy Cooper,49.8,Michael Whatley,38.7,11.099999999999994,FALSE
f6e3156e-154f-44b2-9274-6aa47b65ae00,bf413149-da03-4a4c-b422-3114709c5391,NC,NA,NA,U.S. Senate,YouGov,Catawba College Center for N.C. Politics & Public Service,NA,lv,905,2026-06-01,2026-06-10,NA,general,https://www.catawba.edu/news/all-news/2026/yougovsurvey27/,Roy Cooper,47.73,Michael Whatley,34.03,13.699999999999996,FALSE
089fc166-61e3-41b2-bd4e-45650b667195,35913006-b9c2-4e37-8af6-153975315467,NC,NA,NA,U.S. Senate,The New York Times/Siena University,NA,NA,lv,601,2026-06-15,2026-06-27,NA,general,https://www.nytimes.com/interactive/2026/07/01/polls/times-siena-north-carolina-poll-crosstabs.html,Roy Cooper,50,Michael Whatley,43.19,6.810000000000002,FALSE
f744b6a4-6d46-4db9-81f4-136e1d25501c,ad8fee45-528c-4374-8e65-912b08c75218,NC,NA,NA,U.S. Senate,Public Policy Polling,NA,NA,rv,759,2026-07-10,2026-07-11,NA,general,https://www.publicpolicypolling.com/polls/cooper-leads-but-whatley-has-a-path/,Roy Cooper,48,Michael Whatley,44,4,FALSE
1b36b4be-bc6d-49c7-88f3-16ad6a375eab,b3ecdc99-293e-4afc-aa69-4e56ddede1ac,NC,NA,NA,U.S. Senate,Beacon Research/Shaw & Company Research,Fox News,NA,rv,1005,2026-07-23,2026-07-27,NA,general,https://www.foxnews.com/politics/fox-news-poll-democratic-enthusiasm-shapes-north-carolina-senate-race,Roy Cooper,53,Michael Whatley,44,9,FALSE
191941d8-cdb5-47c1-84e5-fc2cbded9a42,317b595b-28a9-4d57-b58b-33a4f4cba705,NC,NA,NA,U.S. Senate,YouGov,Elon University,NA,a,800,2026-07-23,2026-07-31,NA,general,https://eloncdn.blob.core.windows.net/eu3/sites/819/2026/08/Elon-Poll-1-fall-2026-NR-V3-8-12-26.pdf,Roy Cooper,47,Michael Whatley,33,14,FALSE
191941d8-cdb5-47c1-84e5-fc2cbded9a42,b6963b65-ecfa-448c-9eaa-4f24551a339f,NC,NA,NA,U.S. Senate,YouGov,Elon University,NA,lv,466,2026-07-23,2026-07-31,NA,general,https://eloncdn.blob.core.windows.net/eu3/sites/819/2026/08/Elon-Poll-1-fall-2026-NR-V3-8-12-26.pdf,Roy Cooper,53,Michael Whatley,42,11,FALSE
191941d8-cdb5-47c1-84e5-fc2cbded9a42,e2811068-e4d5-46ec-9b9e-efcfe0ebc687,NC,NA,NA,U.S. Senate,YouGov,Elon University,NA,rv,717,2026-07-23,2026-07-31,NA,general,https://eloncdn.blob.core.windows.net/eu3/sites/819/2026/08/Elon-Poll-1-fall-2026-NR-V3-8-12-26.pdf,Roy Cooper,51,Michael Whatley,35,16,FALSE
395cdcdb-42c7-4ce3-b9b2-fd3595517f13,a7e63a80-485c-45cc-af57-26220446170a,NC,NA,NA,U.S. Senate,Change Research,Gary Pearce | Sam Hunt,DEM,rv,967,2026-07-29,2026-08-01,NA,general,https://garypearcenc.substack.com/p/cooper-up-by-9-trump-still-slumps,Roy Cooper,50,Michael Whatley,41,9,TRUE
e0b6f1e1-439e-4c29-8868-a65772d11702,26b3d4b5-dc08-48b4-98a9-62dbfa3b7273,NC,NA,NA,U.S. Senate,Change Research,Carolina Forward,DEM,lv,915,2026-08-03,2026-08-06,NA,general,https://carolinaforward.org/news/the-august-2026-carolina-forward-poll/,Roy Cooper,50.05,Michael Whatley,42.93,7.1199999999999974,TRUE
beb4de30-0917-49b6-8d55-5dd12d34da46,2ae8b07d-b652-4d44-9495-bf347c9afde7,NC,NA,NA,U.S. Senate,Harper Polling,Carolina Journal,NA,lv,600,2026-08-09,2026-08-10,NA,general,https://www.carolinajournal.com/polls/august-2026-coopers-lead-over-whatley-grows-to-12-5-points/,Roy Cooper,51.5,Michael Whatley,39,12.5,FALSE
f6b07086-4cb6-46d6-9b3b-19e75f3c66d7,9d3c5cf2-17c3-4478-956c-f9497382fe2d,NC,NA,NA,U.S. Senate,High Point University,NA,NA,lv,660,2026-08-03,2026-08-12,NA,general,https://www.highpoint.edu/blog/2026/08/hpu-poll-126-majority-of-north-carolina-voters-say-country-headed-in-wrong-direction/,Roy Cooper,50,Michael Whatley,45,5,FALSE
f6b07086-4cb6-46d6-9b3b-19e75f3c66d7,f32d40d7-fad7-493a-9722-da2bc2fdd9b8,NC,NA,NA,U.S. Senate,High Point University,NA,NA,rv,800,2026-08-03,2026-08-12,NA,general,https://www.highpoint.edu/blog/2026/08/hpu-poll-126-majority-of-north-carolina-voters-say-country-headed-in-wrong-direction/,Roy Cooper,48,Michael Whatley,41,7,FALSE
60831a1c-80bb-4818-aae3-68ff8da9d86d,0c123e60-3e78-4411-ab6c-feeb417bb0f7,NC,NA,NA,U.S. Senate,YouGov,Elon University,NA,a,800,2026-08-21,2026-08-31,NA,general,https://eloncdn.blob.core.windows.net/eu3/sites/819/2026/09/Elon-University-Poll-NR-9-10-26.pdf,Roy Cooper,39,Michael Whatley,29,10,FALSE
60831a1c-80bb-4818-aae3-68ff8da9d86d,1ed879e1-e108-483e-b055-cf56ea4d5feb,NC,NA,NA,U.S. Senate,YouGov,Elon University,NA,rv,677,2026-08-21,2026-08-31,NA,general,https://eloncdn.blob.core.windows.net/eu3/sites/819/2026/09/Elon-University-Poll-NR-9-10-26.pdf,Roy Cooper,49,Michael Whatley,36,13,FALSE
60831a1c-80bb-4818-aae3-68ff8da9d86d,945f46e5-101e-4128-abd8-22a3b2774e9a,NC,NA,NA,U.S. Senate,YouGov,Elon University,NA,lv,565,2026-08-21,2026-08-31,NA,general,https://eloncdn.blob.core.windows.net/eu3/sites/819/2026/09/Elon-University-Poll-NR-9-10-26.pdf,Roy Cooper,49,Michael Whatley,38,11,FALSE
b89871e7-49f8-4591-9507-da2e48fc92cf,7f3db0e5-cb98-42fa-9967-e3af2cf35eb6,NC,NA,NA,U.S. Senate,East Carolina University Center for Survey Research,NA,NA,lv,675,2026-08-31,2026-09-03,NA,general,https://surveyresearch-ecu.reportablenews.com/pr/ecu-poll-cooper-leads-whatley-by-7-points,Roy Cooper,51.7,Michael Whatley,43.6,8.100000000000001,FALSE
9aa00d2f-5663-4994-9428-45a42bacb098,9146c7ad-f9cd-4225-8627-22bf045d0687,NC,NA,NA,U.S. Senate,Trafalgar Group,NA,REP,lv,1084,2026-09-08,2026-09-10,NA,general,https://www.thetrafalgargroup.org/wp-content/uploads/2026/09/NC-Gen-Sen-Poll-Full-Report-0911.pdf,Roy Cooper,48.2,Michael Whatley,42.3,5.900000000000006,TRUE
c34d03cc-ae09-401a-881a-e5d201d48245,87e2b7dd-d5ed-4191-be22-b9ae3adc1b2e,NC,NA,NA,U.S. Senate,Harper Polling,Carolina Journal,NA,lv,608,2026-09-13,2026-09-15,NA,general,https://www.carolinajournal.com/polls/september-2026-roy-coopers-lead-grows-to-15-points-in-nc-senate-race/,Roy Cooper,49.2,Michael Whatley,34.1,15.100000000000001,FALSE
45f311bf-7b92-4f5d-a776-790a211fe758,6ba14866-f5ac-4e7a-af91-3a76d9386328,NC,NA,NA,U.S. Senate,InsiderAdvantage,NA,NA,lv,1200,2026-09-16,2026-09-17,NA,general,https://insideradvantage.com/nc-top-line-tabs/,Roy Cooper,48.4,Michael Whatley,42.5,5.899999999999999,FALSE
9efb685a-2477-4ec2-8818-14084a35948b,f399e2ed-6a1b-4511-a2f4-d570b22d7b1d,NE,NA,NA,U.S. Senate,Change Research,NA,DEM,lv,524,2025-03-28,2025-04-01,NA,general,https://nebraskapublicmedia.org/es/news/news-articles/senate-candidate-dan-osborn-hits-campaign-trail-with-populist-blue-collar-message/,Dan Osborn,45,Pete Ricketts,46,-1,TRUE
c4d67e47-34a9-42af-a5b7-65ad7a7ec824,527e1310-bdfa-4e96-87ff-b5554f0e38b7,NE,NA,NA,U.S. Senate,Impact Research,NA,DEM,lv,600,2026-02-02,2026-02-05,NA,general,https://omaha.com/news/state-regional/government-politics/article_d133be6b-85f6-4773-a16c-0edeb903c3e4.html,Dan Osborn,47,Pete Ricketts,48,-1,TRUE
fff26d55-a4f8-4e32-889b-c15d79e8138e,c61e2ceb-b24c-483e-895f-6a600cbf4182,NE,NA,NA,Governor,Public Policy Polling,NA,DEM,rv,670,2026-04-06,2026-04-07,NA,general,https://drive.google.com/file/d/1TUXG_5ISv8mlXVn9mM6FcPQwvPQehn2S/view,Lynne Walz,33,Jim Pillen,38,-5,TRUE
cc32f509-8940-4dc1-a883-3b2cb93bda47,086f483e-7cf4-49a6-8f17-7a967d67cafd,NE,NA,NA,U.S. Senate,Tavern Research,Contours Inc.,IND,lv,1165,2026-05-08,2026-05-11,NA,general,https://www.tavernresearch.com/research-and-writings/nebraska-senate-poll,William J. Forbes,34,Pete Ricketts,50,-16,TRUE
cc32f509-8940-4dc1-a883-3b2cb93bda47,71bc7bda-a349-4426-9a6b-64036c31c5a6,NE,NA,NA,U.S. Senate,Tavern Research,Contours Inc.,IND,lv,1165,2026-05-08,2026-05-11,NA,general,https://www.tavernresearch.com/research-and-writings/nebraska-senate-poll,Dan Osborn,47,Pete Ricketts,42,5,TRUE
cc32f509-8940-4dc1-a883-3b2cb93bda47,c026ac52-98fa-413a-83e4-d5bf1fb6617b,NE,NA,NA,U.S. Senate,Tavern Research,Contours Inc.,IND,lv,1165,2026-05-08,2026-05-11,NA,general,https://www.tavernresearch.com/research-and-writings/nebraska-senate-poll,Cindy Burbank,39,Pete Ricketts,48,-9,TRUE
cc32f509-8940-4dc1-a883-3b2cb93bda47,ef172f1e-5092-4e0b-8420-16827eb85d55,NE,NA,NA,U.S. Senate,Tavern Research,Contours Inc.,IND,lv,1165,2026-05-08,2026-05-11,NA,general,https://www.tavernresearch.com/research-and-writings/nebraska-senate-poll,Generic Democrat,42,Pete Ricketts,49,-7,TRUE
f057f5b3-bf14-4228-b266-cff675d04677,1f9e45b4-61ec-452b-ae00-664c41b33762,NE,NA,NA,U.S. Senate,Impact Research,NA,DEM,lv,600,2026-08-09,2026-08-13,NA,general,https://omaha.com/news/state-regional/government-politics/article_666083f7-4e07-45ae-a534-adbb42b64734.html#tncms-source=login,Dan Osborn,47,Pete Ricketts,47,0,TRUE
d6e1af5b-ae7c-4270-ad00-3bd021a5ba93,fcc24ec1-2ebc-4d4f-a767-b228cf040a0f,NE,NA,NA,Governor,Public Policy Polling,DGA,DEM,rv,559,2026-09-01,2026-09-02,NA,general,https://democraticgovernors.org/wp-content/uploads/2026/09/PPP-Sept-2026-Poll-Memo.docx.pdf,Lynne Walz,31,Jim Pillen,32,-1,TRUE
bb94417f-3a6e-4bd8-9e2d-29ba8c451b23,33fcc82a-db80-4118-a852-bf049ff83467,NE,NA,NA,U.S. Senate,SurveyUSA,"Grant Forbes, LLC",NA,lv,503,2026-09-08,2026-09-13,NA,general,https://results.surveyusa.com/client/PollReport.aspx?g=d94236a7-5861-4b7f-9d81-d5a81ab786cc,Dan Osborn,46,Pete Ricketts,42,4,FALSE
bb94417f-3a6e-4bd8-9e2d-29ba8c451b23,830a7292-2fda-4915-ab3a-f74071e598c6,NE,NA,NA,Governor,SurveyUSA,"Grant Forbes, LLC",NA,lv,503,2026-09-08,2026-09-13,NA,general,https://results.surveyusa.com/client/PollReport.aspx?g=d94236a7-5861-4b7f-9d81-d5a81ab786cc,Lynne Walz,35,Jim Pillen,43,-8,FALSE
175b2a29-7562-4d01-9d62-b361af5cdc32,c45840ae-5917-4916-ae5c-987ec7866d95,NE,NA,NA,U.S. Senate,Wedgewood Polls,NA,NA,lv,500,2026-09-14,2026-09-16,NA,general,https://drive.google.com/file/d/1KBEbm4P_yziCxsZdgMhTzJ3p5UwtN7X5/view,Dan Osborn,48,Pete Ricketts,52,-4,FALSE
175b2a29-7562-4d01-9d62-b361af5cdc32,d0a1c04c-a886-4bcb-ad23-ec3e68ca1bcb,NE,NA,NA,Governor,Wedgewood Polls,NA,NA,lv,500,2026-09-14,2026-09-16,NA,general,https://drive.google.com/file/d/1KBEbm4P_yziCxsZdgMhTzJ3p5UwtN7X5/view,Lynne Walz,36,Jim Pillen,53,-17,FALSE
7baaa8e1-ecf8-5806-902f-7ca98b0c7412,1ca96454-d54b-4312-a1c8-82c3f11dad66,NH,NA,NA,U.S. Senate,Praecones Analytica,New Hampshire Journal,NA,rv,626,2025-02-26,2025-03-01,NA,general,https://nhjournal.com/exclusive-poll-age-issue-dogs-shaheen-trails-sununu-by-9-points/,Jeanne Shaheen,58.9,Frank Edelblut,41.1,17.799999999999997,FALSE
7baaa8e1-ecf8-5806-902f-7ca98b0c7412,68ec24b0-7e32-47a1-95e6-c289ef758621,NH,NA,NA,U.S. Senate,Praecones Analytica,New Hampshire Journal,NA,rv,626,2025-02-26,2025-03-01,NA,general,https://nhjournal.com/exclusive-poll-age-issue-dogs-shaheen-trails-sununu-by-9-points/,Jeanne Shaheen,45.6,Chris Sununu,54.4,-8.799999999999997,FALSE
7baaa8e1-ecf8-5806-902f-7ca98b0c7412,75096361-da00-41f8-b02f-ba8720473d23,NH,NA,NA,U.S. Senate,Praecones Analytica,New Hampshire Journal,NA,rv,626,2025-02-26,2025-03-01,NA,general,https://nhjournal.com/exclusive-poll-age-issue-dogs-shaheen-trails-sununu-by-9-points/,Jeanne Shaheen,55.1,Scott Brown,44.9,10.200000000000003,FALSE
2f286e9d-0343-4d30-bd6c-4c3b549e3265,44d87583-bc65-49d5-b654-b5b56dbc438d,NH,NA,NA,U.S. Senate,Quantus Insights,TrendingPolitics,REP,rv,650,2025-03-17,2025-03-19,NA,general,https://quantusinsights.org/f/sununu-leads-pappas-in-hypothetical-new-hampshire-senate-matchup,Chris Pappas,44,Chris Sununu,53,-9,TRUE
0d1b4016-4ff9-4cc6-abb6-a0e96683189c,5718dda0-cdb3-41d6-bbae-86fb50fe5d23,NH,NA,NA,U.S. Senate,St. Anselm,NA,NA,rv,1776,2025-08-26,2025-08-27,NA,general,https://www.wmur.com/article/poll-pappas-republicans-senate-race-9325/65974049,Chris Pappas,48,Dan Innis,30,18,FALSE
0d1b4016-4ff9-4cc6-abb6-a0e96683189c,964ff7f7-a7a3-4314-ae5d-1e5ca94de5e4,NH,NA,NA,U.S. Senate,St. Anselm,NA,NA,rv,1776,2025-08-26,2025-08-27,NA,general,https://www.wmur.com/article/poll-pappas-republicans-senate-race-9325/65974049,Chris Pappas,48,Scott Brown,37,11,FALSE
fbae8ab4-91e8-45c6-8740-61ebdf4a2ad6,b71d2162-853b-403e-81d2-bc4c8e15bf88,NH,NA,NA,U.S. Senate,1892 Polling,One Nation,REP,lv,500,2025-09-02,2025-09-04,NA,general,https://punchbowl.news/nhsen_poll2memo_d2b_090625/,Chris Pappas,45,John Sununu,43,2,TRUE
cbb19403-422b-4623-948b-f91fa51eda99,05b663e8-1b87-43ef-bd5d-55ef9715435f,NH,NA,NA,U.S. Senate,co/efficient,NA,NA,lv,904,2025-09-10,2025-09-12,NA,general,https://coefficient.org/wp-content/uploads/2025/09/NH-U.S.-Senate-General-Election-2026.pdf,Chris Pappas,48,Generic Republican,42,6,FALSE
cbb19403-422b-4623-948b-f91fa51eda99,c3ca885a-197f-4b11-becf-b661d5d67527,NH,NA,NA,U.S. Senate,co/efficient,NA,NA,lv,904,2025-09-10,2025-09-12,NA,general,https://coefficient.org/wp-content/uploads/2025/09/NH-U.S.-Senate-General-Election-2026.pdf,Chris Pappas,49,Dan Innis,37,12,FALSE
cbb19403-422b-4623-948b-f91fa51eda99,c4eff1fc-fac8-4d29-b398-6cb53c381186,NH,NA,NA,U.S. Senate,co/efficient,NA,NA,lv,904,2025-09-10,2025-09-12,NA,general,https://coefficient.org/wp-content/uploads/2025/09/NH-U.S.-Senate-General-Election-2026.pdf,Chris Pappas,46,John Sununu,43,3,FALSE
cbb19403-422b-4623-948b-f91fa51eda99,d2f698a9-41f4-40d5-bef1-5228e7f80754,NH,NA,NA,U.S. Senate,co/efficient,NA,NA,lv,904,2025-09-10,2025-09-12,NA,general,https://coefficient.org/wp-content/uploads/2025/09/NH-U.S.-Senate-General-Election-2026.pdf,Chris Pappas,50,Scott Brown,40,10,FALSE
88470d41-7365-473e-990d-13285f72b5a9,0f057e63-d11c-4381-ac98-ed56e5733b86,NH,NA,NA,U.S. Senate,University of New Hampshire,NA,NA,lv,1225,2025-09-17,2025-09-23,NA,general,https://scholars.unh.edu/survey_center_polls/888/,Chris Pappas,49,Chris Sununu,43,6,FALSE
88470d41-7365-473e-990d-13285f72b5a9,4246ae88-3970-4efc-8756-20789361e188,NH,NA,NA,U.S. Senate,University of New Hampshire,NA,NA,lv,1213,2025-09-17,2025-09-23,NA,general,https://scholars.unh.edu/survey_center_polls/888/,Chris Pappas,52,Scott Brown,37,15,FALSE
e88447b9-f7d0-4b4f-8e64-299d1b347ab3,40809766-eda7-4d5f-b5e7-2271bd5dc7d0,NH,NA,NA,U.S. Senate,co/efficient,NA,NA,lv,1034,2025-10-09,2025-10-13,NA,general,https://coefficient.org/new-hampshire-us-senate-2026-general-election/,Chris Pappas,45,John Sununu,42,3,FALSE
e88447b9-f7d0-4b4f-8e64-299d1b347ab3,cb29170b-6e85-40fc-bd46-626dad6cfdda,NH,NA,NA,U.S. Senate,co/efficient,NA,NA,lv,1034,2025-10-09,2025-10-13,NA,general,https://coefficient.org/new-hampshire-us-senate-2026-general-election/,Chris Pappas,49,Scott Brown,39,10,FALSE
e88447b9-f7d0-4b4f-8e64-299d1b347ab3,3c1f053b-8e9f-49a8-8142-6fdfc013d9f7,NH,NA,NA,Governor,co/efficient,NA,NA,lv,1034,2025-10-09,2025-10-13,NA,general,https://coefficient.org/new-hampshire-us-senate-2026-general-election/,Generic Democrat,40,Kelly Ayotte,43,-3,FALSE
c324b6c3-914d-4fbd-b735-c519ccee91bf,2d8aa108-3742-4587-b6b7-298e80742e2b,NH,NA,NA,U.S. Senate,St. Anselm,NA,NA,rv,2212,2025-11-18,2025-11-19,NA,general,https://www.anselm.edu/about/anselmian-hub/news/new-poll-saint-anselm-college-survey-shows-declining-optimism-democracy-dominant-issue-and-early-partisan-divides-ahead-2026,Chris Pappas,44,Scott Brown,36,8,FALSE
c324b6c3-914d-4fbd-b735-c519ccee91bf,a71e7862-e85a-4945-8355-6099cd065d42,NH,NA,NA,U.S. Senate,St. Anselm,NA,NA,rv,2212,2025-11-18,2025-11-19,NA,general,https://www.anselm.edu/about/anselmian-hub/news/new-poll-saint-anselm-college-survey-shows-declining-optimism-democracy-dominant-issue-and-early-partisan-divides-ahead-2026,Chris Pappas,44,John Sununu,41,3,FALSE
66c43a54-fa87-4831-b7d6-89f03928e7fe,70276ec2-1929-4ed3-8867-249602870233,NH,NA,NA,U.S. Senate,Guidant Polling and Strategy,One Nation,REP,lv,600,2025-12-09,2025-12-11,NA,general,https://www.politico.com/newsletters/playbook/2026/01/06/5-years-ago-today-00712185,Chris Pappas,49,Scott Brown,38,11,TRUE
66c43a54-fa87-4831-b7d6-89f03928e7fe,f9297c52-74f4-4b92-85c1-cc1d1a1f222d,NH,NA,NA,U.S. Senate,Guidant Polling and Strategy,One Nation,REP,lv,600,2025-12-09,2025-12-11,NA,general,https://www.politico.com/newsletters/playbook/2026/01/06/5-years-ago-today-00712185,Chris Pappas,47,John Sununu,44,3,TRUE
3067d655-e84a-4bc7-b9a5-3c35ad8b499d,5e5e204e-b16e-4f38-aeaa-f4c46bc6ee41,NH,NA,NA,U.S. Senate,Praecones Analytica,New Hampshire Journal,NA,rv,603,2025-12-26,2025-12-28,NA,general,https://nhjournal.com/exclusive-trump-underwater-ayotte-still-afloat-in-new-nhjournal-poll/,Chris Pappas,42.3,John Sununu,35.6,6.699999999999996,FALSE
3067d655-e84a-4bc7-b9a5-3c35ad8b499d,5f4c7006-11db-4495-836d-6f40db955563,NH,NA,NA,U.S. Senate,Praecones Analytica,New Hampshire Journal,NA,rv,603,2025-12-26,2025-12-28,NA,general,https://nhjournal.com/exclusive-trump-underwater-ayotte-still-afloat-in-new-nhjournal-poll/,Chris Pappas,45.8,Scott Brown,28,17.799999999999997,FALSE
595a8c5c-ca0e-46db-b6f7-75559cf68bbc,2516a125-c680-4014-a430-f949f7f9d7b9,NH,NA,NA,U.S. Senate,University of New Hampshire,NA,NA,lv,2017,2026-01-15,2026-01-19,NA,general,https://scholars.unh.edu/survey_center_polls/922/,Chris Pappas,52,Scott Brown,42,10,FALSE
595a8c5c-ca0e-46db-b6f7-75559cf68bbc,f3e78298-8730-48ed-8e78-2aa24e5da901,NH,NA,NA,U.S. Senate,University of New Hampshire,NA,NA,lv,2038,2026-01-15,2026-01-19,NA,general,https://scholars.unh.edu/survey_center_polls/922/,Chris Pappas,50,John Sununu,45,5,FALSE
595a8c5c-ca0e-46db-b6f7-75559cf68bbc,13388622-ffdb-489e-a11e-76d94b375552,NH,NA,NA,Governor,University of New Hampshire,NA,NA,lv,2031,2026-01-15,2026-01-19,NA,general,https://scholars.unh.edu/survey_center_polls/922/,Jon Kiper,39,Kelly Ayotte,50,-11,FALSE
595a8c5c-ca0e-46db-b6f7-75559cf68bbc,19d4f136-3731-4e63-aa58-200c4990f4ac,NH,NA,NA,Governor,University of New Hampshire,NA,NA,lv,2027,2026-01-15,2026-01-19,NA,general,https://scholars.unh.edu/survey_center_polls/922/,Deaglan McEachern,41,Kelly Ayotte,49,-8,FALSE
302e9979-627b-4b96-8d16-f9779504f5d2,e3018a44-df2a-4f87-b173-5448ea1a08aa,NH,NA,NA,U.S. Senate,yes. every kid. foundation.,NA,NA,lv,563,2026-01-28,2026-01-29,NA,general,https://yeseverykid.com/new-hampshire-voters-support-expanded-public-school-access/,Chris Pappas,45,John Sununu,41,4,FALSE
302e9979-627b-4b96-8d16-f9779504f5d2,51899757-492c-4c8a-b184-720dfa6a59c6,NH,NA,NA,Governor,yes. every kid. foundation.,NA,NA,lv,563,2026-01-28,2026-01-29,NA,general,https://yeseverykid.com/new-hampshire-voters-support-expanded-public-school-access/,Jon Kiper,37,Kelly Ayotte,47,-10,FALSE
34dd8f45-0aed-4e65-bb57-a284d358ecf6,0b1514bf-9a75-41e8-bfc0-e84970bf54dd,NH,NA,NA,U.S. Senate,St. Anselm,NA,NA,rv,1491,2026-03-16,2026-03-18,NA,general,https://www.anselm.edu/about/anselmian-hub/news/new-poll-saint-anselm-college-survey-shows-democrats-gaining-ground-republicans-face-political-headwinds,Chris Pappas,46,Chris Sununu,43,3,FALSE
34dd8f45-0aed-4e65-bb57-a284d358ecf6,f322f8ae-8896-4d80-875e-9d6a15621b00,NH,NA,NA,U.S. Senate,St. Anselm,NA,NA,rv,1491,2026-03-16,2026-03-18,NA,general,https://www.anselm.edu/about/anselmian-hub/news/new-poll-saint-anselm-college-survey-shows-democrats-gaining-ground-republicans-face-political-headwinds,Chris Pappas,47,Scott Brown,38,9,FALSE
34dd8f45-0aed-4e65-bb57-a284d358ecf6,14ba84d1-26fa-4528-be84-d025d10ba50d,NH,NA,NA,Governor,St. Anselm,NA,NA,rv,1491,2026-03-16,2026-03-18,NA,general,https://www.anselm.edu/about/anselmian-hub/news/new-poll-saint-anselm-college-survey-shows-democrats-gaining-ground-republicans-face-political-headwinds,Cinde Warmington,39,Kelly Ayotte,46,-7,FALSE
34dd8f45-0aed-4e65-bb57-a284d358ecf6,3b87ca4d-b50d-4efe-a572-d81e98c361d8,NH,NA,NA,Governor,St. Anselm,NA,NA,rv,1491,2026-03-16,2026-03-18,NA,general,https://www.anselm.edu/about/anselmian-hub/news/new-poll-saint-anselm-college-survey-shows-democrats-gaining-ground-republicans-face-political-headwinds,Jon Kiper,31,Kelly Ayotte,45,-14,FALSE
9fc132c3-d608-47c4-b60f-9ecca73edf49,2c1a4e53-3107-4e3c-a2e4-4ba6138fe517,NH,NA,NA,U.S. Senate,Emerson College,NA,NA,lv,1100,2026-03-21,2026-03-23,NA,general,https://emersoncollegepolling.com/new-hampshire-2026-sununu-leads-gop-nomination-ties-pappas-for-senate/,Chris Pappas,45.4,John Sununu,43.7,1.6999999999999957,FALSE
9fc132c3-d608-47c4-b60f-9ecca73edf49,50c5481c-c5d5-4a00-8697-47dbeb21e111,NH,NA,NA,U.S. Senate,Emerson College,NA,NA,lv,1100,2026-03-21,2026-03-23,NA,general,https://emersoncollegepolling.com/new-hampshire-2026-sununu-leads-gop-nomination-ties-pappas-for-senate/,Chris Pappas,47.8,Scott Brown,39.3,8.5,FALSE
cab70212-715f-4ec9-9b3b-dfc28a274f09,d5534549-d26e-453f-8573-5cbdc68dca90,NH,NA,NA,U.S. Senate,University of New Hampshire,NA,NA,lv,1115,2026-04-17,2026-04-21,NA,general,https://scholars.unh.edu/survey_center_polls/944/,Chris Pappas,52,Scott Brown,38,14,FALSE
cab70212-715f-4ec9-9b3b-dfc28a274f09,fadfd178-3aad-420c-ad67-c357dd9a5887,NH,NA,NA,U.S. Senate,University of New Hampshire,NA,NA,lv,1130,2026-04-17,2026-04-21,NA,general,https://scholars.unh.edu/survey_center_polls/944/,Chris Pappas,49,John Sununu,42,7,FALSE
cab70212-715f-4ec9-9b3b-dfc28a274f09,1f91f261-9741-4a1f-b00d-ad69e5445fa7,NH,NA,NA,Governor,University of New Hampshire,NA,NA,lv,1117,2026-04-17,2026-04-21,NA,general,https://scholars.unh.edu/survey_center_polls/944/,Cinde Warmington,39,Kelly Ayotte,47,-8,FALSE
efcc0bd7-9216-4651-8c14-726b8f5916bb,37c0e05a-83e3-4dc2-b5fe-7911ae2bd5b8,NH,NA,NA,U.S. Senate,University of New Hampshire,NA,NA,lv,1980,2026-06-18,2026-06-23,NA,general,https://scholars.unh.edu/survey_center_polls/974/,Chris Pappas,52,Scott Brown,38,14,FALSE
efcc0bd7-9216-4651-8c14-726b8f5916bb,c578051e-d6fd-42fd-8cee-635829b4b2cf,NH,NA,NA,U.S. Senate,University of New Hampshire,NA,NA,lv,2157,2026-06-18,2026-06-23,NA,general,https://scholars.unh.edu/survey_center_polls/974/,Chris Pappas,47,John Sununu,44,3,FALSE
efcc0bd7-9216-4651-8c14-726b8f5916bb,f37130b5-9816-4710-8695-e10408776890,NH,NA,NA,Governor,University of New Hampshire,NA,NA,lv,2221,2026-06-18,2026-06-23,NA,general,https://scholars.unh.edu/survey_center_polls/974/,Cinde Warmington,39,Kelly Ayotte,44,-5,FALSE
323ff676-e8d3-44aa-a932-d8cb8fbc0695,21af2ff5-90b7-4dd3-9e70-d27aeac21624,NH,NA,NA,U.S. Senate,St. Anselm,NA,NA,rv,1614,2026-06-24,2026-06-25,NA,general,https://www.anselm.edu/about/anselmian-hub/news/saint-anselm-college-survey-center-june-poll-finds-democrats-expand-generic-ballot-lead,Chris Pappas,48,Scott Brown,36,12,FALSE
323ff676-e8d3-44aa-a932-d8cb8fbc0695,c2d6421c-b0fd-44ba-b87b-2f2fbbccb557,NH,NA,NA,U.S. Senate,St. Anselm,NA,NA,rv,1614,2026-06-24,2026-06-25,NA,general,https://www.anselm.edu/about/anselmian-hub/news/saint-anselm-college-survey-center-june-poll-finds-democrats-expand-generic-ballot-lead,Chris Pappas,47,John Sununu,41,6,FALSE
323ff676-e8d3-44aa-a932-d8cb8fbc0695,89517de2-7822-4af3-9379-b4af03d7eccb,NH,NA,NA,Governor,St. Anselm,NA,NA,rv,1614,2026-06-24,2026-06-25,NA,general,https://www.anselm.edu/about/anselmian-hub/news/saint-anselm-college-survey-center-june-poll-finds-democrats-expand-generic-ballot-lead,Cinde Warmington,37,Kelly Ayotte,45,-8,FALSE
81a561d0-30fb-49a1-b168-19f24d658d06,088db433-5228-4575-bbde-15d87f03f767,NH,NA,NA,U.S. Senate,Peak Insights,NRSC,REP,lv,500,2026-06-24,2026-06-27,NA,general,https://www.nrsc.org/wp-content/uploads/2026/07/new-hampshire-poll.pdf,Chris Pappas,43,John Sununu,42,1,TRUE
ceea1397-da26-4ef3-8b12-629a82c88d6c,60f2274f-352e-4570-a8f3-9075c389dc16,NH,NA,NA,U.S. Senate,St. Anselm,NA,NA,lv,1411,2026-08-17,2026-08-18,NA,general,https://www.anselm.edu/about/anselmian-hub/news/new-saint-anselm-college-poll-finds-republicans-facing-midterm-headwinds-democratic-lead-widens,Chris Pappas,49,Scott Brown,37,12,FALSE
ceea1397-da26-4ef3-8b12-629a82c88d6c,be5a893d-e479-4bcf-ba2b-aeffcb50bbd2,NH,NA,NA,U.S. Senate,St. Anselm,NA,NA,lv,1411,2026-08-17,2026-08-18,NA,general,https://www.anselm.edu/about/anselmian-hub/news/new-saint-anselm-college-poll-finds-republicans-facing-midterm-headwinds-democratic-lead-widens,Chris Pappas,48,John Sununu,41,7,FALSE
ceea1397-da26-4ef3-8b12-629a82c88d6c,16482c9e-171e-4315-abe7-069da505500f,NH,NA,NA,Governor,St. Anselm,NA,NA,lv,1411,2026-08-17,2026-08-18,NA,general,https://www.anselm.edu/about/anselmian-hub/news/new-saint-anselm-college-poll-finds-republicans-facing-midterm-headwinds-democratic-lead-widens,Cinde Warmington,38,Kelly Ayotte,49,-11,FALSE
da531189-726e-4fe8-af41-495962027a60,17d2b78c-834b-4b29-aa51-98f4dbcaf37d,NH,NA,NA,U.S. Senate,University of New Hampshire,7News,NA,lv,1846,2026-08-20,2026-08-24,NA,general,https://scholars.unh.edu/survey_center_polls/988/,Chris Pappas,45,Scott Brown,40,5,FALSE
da531189-726e-4fe8-af41-495962027a60,b40bb97c-487e-4e89-8f73-b291b4291331,NH,NA,NA,U.S. Senate,University of New Hampshire,7News,NA,lv,1846,2026-08-20,2026-08-24,NA,general,https://scholars.unh.edu/survey_center_polls/988/,Chris Pappas,43,John Sununu,45,-2,FALSE
da531189-726e-4fe8-af41-495962027a60,32114074-aac4-4c45-a6a3-08f88d65efc9,NH,NA,NA,Governor,University of New Hampshire,7News,NA,lv,1878,2026-08-20,2026-08-24,NA,general,https://scholars.unh.edu/survey_center_polls/988/,Cinde Warmington,39,Kelly Ayotte,49,-10,FALSE
a7102e62-abb1-46c2-a128-21e53a60375c,c75b4bc8-eda8-4398-8de1-d68c16b85e36,NH,NA,NA,U.S. Senate,"Fabrizio, Lee & Associates",National Republican Senatorial Committee,REP,lv,600,2026-08-27,2026-08-30,NA,general,https://www.unionleader.com/news/politics/voters/national-senate-gop-poll-sununu-vs-pappas-is-a-dead-heat/article_4c03176f-b04f-4a9a-b85f-ce15695fc83c.html,Chris Pappas,36,John Sununu,37,-1,TRUE
d07181b1-c252-41b9-9cb7-6714cf8bab4a,6088aea8-be34-49b7-8845-de9c4354899b,NH,NA,NA,U.S. Senate,co/efficient,NA,NA,lv,958,2026-09-09,2026-09-11,NA,general,https://battlegrounds.coefficient.org/nh/,Chris Pappas,46,John Sununu,46,0,FALSE
d07181b1-c252-41b9-9cb7-6714cf8bab4a,82970aa1-9f31-4ec0-8dee-3c3bb44f8cca,NH,NA,NA,U.S. Senate,co/efficient,NA,NA,lv,958,2026-09-09,2026-09-11,NA,general,https://battlegrounds.coefficient.org/nh/,Generic Democrat,46,Generic Republican,46,0,FALSE
d07181b1-c252-41b9-9cb7-6714cf8bab4a,e9b23b6f-f4c1-4184-8871-5554cfecd5ec,NH,NA,NA,Governor,co/efficient,NA,NA,lv,958,2026-09-09,2026-09-11,NA,general,https://battlegrounds.coefficient.org/nh/,Cinde Warmington,34,Kelly Ayotte,55,-21,FALSE
455c3365-5ec1-4a4d-b7f3-e230b9c3fc64,0b88de69-f360-443a-bb14-c0a037c1e3d6,NH,NA,NA,U.S. Senate,InsiderAdvantage,NA,NA,lv,1200,2026-09-16,2026-09-18,NA,general,https://insideradvantage.com/insideradvantage-national-u-s-senate-surveys-n-c-cooper-48-whatley-43-mi-elsayed-47-rogers-45-nh-pappas-48-sununu-40/,Chris Pappas,48,John Sununu,40,8,FALSE
d11fa49c-711a-4060-8c06-28b2e34ea073,ac3544af-c272-407c-a827-8e45c21a95e6,NM,NA,Governor,Governor,McLaughlin & Associates,NA,REP,lv,400,2026-07-13,2026-07-15,NA,general,https://www.santafenewmexican.com/news/elections/hull-campaigns-poll-race-for-governor-of-new-mexico-statistically-tied/article_60922cf5-4d63-46e0-842b-fea10d355c53.html,Deb Haaland,46,Gregg Hull,45,1,TRUE
eabf58e9-987a-4f10-9c0d-e119988eed6b,30e595d1-d12d-4df7-9056-b5666c69ea5a,NM,NA,Governor,Governor,BSP Research,NA,NA,rv,800,2026-07-22,2026-08-07,NA,general,https://bspresearch.substack.com/p/deb-haaland-has-a-commanding-17-advantage,Deb Haaland,41,Gregg Hull,24,17,FALSE
361a1729-e7e4-48e0-b0d8-5ef49ee4f5eb,afa5f143-eb40-4d1e-9c54-ef8376aeae57,NM,NA,NA,U.S. Senate,Research & Polling Inc.,Albuquerque Journal,NA,lv,516,2026-08-21,2026-08-28,NA,general,https://www.abqjournal.com/news/journal-poll-haaland-leads-hull-by-closer-than-expected-margin-in-new-mexicos-race-for-governor/3111874,Ben Ray Luján,53,Larry Marker,38,15,FALSE
361a1729-e7e4-48e0-b0d8-5ef49ee4f5eb,0eae3570-3a00-492c-96e1-9d3e9636633e,NM,NA,Governor,Governor,Research & Polling Inc.,Albuquerque Journal,NA,lv,516,2026-08-21,2026-08-28,NA,general,https://www.abqjournal.com/news/journal-poll-haaland-leads-hull-by-closer-than-expected-margin-in-new-mexicos-race-for-governor/3111874,Deb Haaland,49,Gregg Hull,43,6,FALSE
eedcc32c-983c-4b8e-8231-f61eafbbc9ac,e2a6f581-4d91-401a-9393-a414c3709d91,NV,NA,NA,Governor,Noble Predictive Insights,NA,NA,rv,766,2025-10-07,2025-10-13,NA,general,https://www.ktnv.com/news/new-poll-shows-lombardo-has-slight-lead-in-2026-governor-matchup,Aaron Ford,37,Joe Lombardo,40,-3,FALSE
31a83377-2935-4ca9-aad9-54cfa7c068c3,c7d3163a-1d4a-4540-8d9c-c41fdf38c8a4,NV,NA,NA,Governor,Emerson College,NA,NA,rv,800,2025-11-16,2025-11-18,NA,general,https://emersoncollegepolling.com/nevada-2026-poll/,Aaron Ford,41.1,Joe Lombardo,41.1,0,FALSE
ee5ae2ab-e88b-45f3-a331-b7768af93af6,c2459db2-30f2-4480-b311-67b5bbb2bef6,NV,NA,NA,Governor,Hart Research Associates,The Majority Institute,DEM,lv,800,2026-02-11,2026-02-17,NA,general,https://crookedmedia.substack.com/p/what-a-day-mar-a-uh-oh,Aaron Ford,43,Joe Lombardo,46,-3,TRUE
d318da4a-e303-4b25-a48a-9d7476525ce8,0e81150e-c933-41f3-a923-71c2b10cc35a,NV,NA,NA,Governor,Noble Predictive Insights,NA,NA,rv,845,2026-03-10,2026-03-13,NA,general,https://www.noblepredictiveinsights.com/post/nvgov-lombardo-keeps-pace-with-ford-as-undecideds-hold-the-balance,Aaron Ford,36,Jose Zalaya,30,6,FALSE
d318da4a-e303-4b25-a48a-9d7476525ce8,0ec743a3-f07e-4506-990f-6e8c8f1dd45e,NV,NA,NA,Governor,Noble Predictive Insights,NA,NA,rv,845,2026-03-10,2026-03-13,NA,general,https://www.noblepredictiveinsights.com/post/nvgov-lombardo-keeps-pace-with-ford-as-undecideds-hold-the-balance,Aaron Ford,37,Irina Hansen,32,5,FALSE
d318da4a-e303-4b25-a48a-9d7476525ce8,b40eea84-5858-4ee5-b09b-5d2413cb1ca4,NV,NA,NA,Governor,Noble Predictive Insights,NA,NA,rv,845,2026-03-10,2026-03-13,NA,general,https://www.noblepredictiveinsights.com/post/nvgov-lombardo-keeps-pace-with-ford-as-undecideds-hold-the-balance,Aaron Ford,37,Matthew Winterhawk,31,6,FALSE
d318da4a-e303-4b25-a48a-9d7476525ce8,ed193359-dd35-4b1c-94cb-3176b7c1970d,NV,NA,NA,Governor,Noble Predictive Insights,NA,NA,rv,845,2026-03-10,2026-03-13,NA,general,https://www.noblepredictiveinsights.com/post/nvgov-lombardo-keeps-pace-with-ford-as-undecideds-hold-the-balance,Aaron Ford,38,Joe Lombardo,39,-1,FALSE
6688a39b-f0f4-4b43-a56b-028126a98357,314996b5-94e8-467c-a168-755a5c4f93c2,NV,NA,NA,Governor,Global Strategy Group,NA,DEM,lv,700,2026-05-05,2026-05-11,NA,general,https://x.com/JacobRubashkin/status/2064704545117135109,Aaron Ford,42,Joe Lombardo,45,-3,TRUE
4cad4c84-d015-49ef-b046-404cbc081d2a,63c9d388-e579-46f9-900f-34bf98dbceb2,NV,NA,NA,Governor,Wedgewood Polls,NA,NA,lv,700,2026-07-09,2026-07-12,NA,general,https://x.com/WedgewoodPolls/status/2076798406132212168?s=20,Aaron Ford,47,Joe Lombardo,50,-3,FALSE
6a1c46a6-49ab-4009-aeea-bc66b96656db,8b6cc04e-f24d-4c88-80de-82e04644d13a,NV,NA,NA,Governor,Public Policy Polling,Democratic Governors Association,DEM,lv,558,2026-07-15,2026-07-16,NA,general,https://thenevadaindependent.com/article/lombardo-ford-tied-in-nevada-governors-race-dem-poll-shows,Aaron Ford,44,Joe Lombardo,44,0,TRUE
bdfd3024-6b6d-42d9-82af-b3757a9e0869,9da24586-724c-409d-824c-a0acc71a1952,NV,NA,NA,Governor,Grassroots Targeting,Better Nevada PAC | Republican Governors Association,REP,lv,2500,2026-07-08,2026-07-16,NA,general,https://thenevadaindependent.com/article/three-gop-polls-show-lombardo-with-sizable-lead-in-nevada-governors-race,Aaron Ford,40,Joe Lombardo,52,-12,TRUE
a9acdba3-7726-49a9-a1e5-32a9cca91a48,7214e34d-5893-4490-81a5-8c3b080530b1,NV,NA,NA,Governor,Public Opinion Strategies,Republican Governors Association,REP,lv,600,2026-07-27,2026-07-29,NA,general,https://thenevadaindependent.com/article/three-gop-polls-show-lombardo-with-sizable-lead-in-nevada-governors-race,Aaron Ford,42,Joe Lombardo,51,-9,TRUE
d7b65339-ada2-406c-a27d-239d059e1e29,79d0bc7a-2230-4388-8411-dd034948ed0c,NV,NA,NA,Governor,Tarrance Group,Better Nevada PAC | Republican Governors Association,REP,lv,550,2026-07-25,2026-07-29,NA,general,https://thenevadaindependent.com/article/three-gop-polls-show-lombardo-with-sizable-lead-in-nevada-governors-race,Aaron Ford,43,Joe Lombardo,50,-7,TRUE
127b941e-e71f-491b-97ee-71bea823f84b,7b8c033f-dc5d-4726-a9d8-221ca4399e55,NV,NA,NA,Governor,Emerson College,KLAS-TV Las Vegas,NA,lv,680,2026-09-05,2026-09-08,NA,general,https://emersoncollegepolling.com/nevada-2026-poll-ford-and-lombardo/,Aaron Ford,44.16,Joe Lombardo,42.05,2.1099999999999994,FALSE
123c585e-0f4c-4178-b03b-6dfb54965f4b,baa793cf-5e1c-408b-9baf-a419a09040ca,NY,NA,NA,Governor,Citizen Data,Unite NY,NA,rv,1000,2025-01-30,2025-02-10,NA,general,https://uniteny.org/unite-ny-poll-hochul-leads-lawler-by-single-digits/,Kathy Hochul,46,Mike Lawler,38,8,FALSE
fb487d74-3abb-44dc-8102-73f71a4d5b21,1a69b6aa-feaf-408d-b008-c8f07f58421a,NY,NA,NA,Governor,GrayHouse,NA,NA,rv,600,2025-04-22,2025-04-24,NA,general,https://www.grayhouse.com/post/new-york,Kathy Hochul,45,Mike Lawler,38,7,FALSE
fb487d74-3abb-44dc-8102-73f71a4d5b21,9c93563d-a696-4736-8e90-1a2c9aab1a15,NY,NA,NA,Governor,GrayHouse,NA,NA,rv,600,2025-04-22,2025-04-24,NA,general,https://www.grayhouse.com/post/new-york,Kathy Hochul,46,Elise Stefanik,40,6,FALSE
fb487d74-3abb-44dc-8102-73f71a4d5b21,9e3ca653-f186-40e4-8bc0-57bb23e45bf7,NY,NA,NA,Governor,GrayHouse,NA,NA,rv,600,2025-04-22,2025-04-24,NA,general,https://www.grayhouse.com/post/new-york,Kathy Hochul,44,Blake Masters,36,8,FALSE
45da70cd-2bfa-43e5-a40d-ec5589427107,b786f46f-e706-4b6d-a51e-c9817eff27cf,NY,NA,NA,Governor,co/efficient,NA,NA,lv,1163,2025-05-01,2025-05-02,NA,general,https://nypost.com/2025/05/21/us-news/elise-stefanik-in-dead-heat-with-kathy-hochul-in-potential-governor-race-as-trump-beats-democrat-in-favorability-poll/,Kathy Hochul,43,Elise Stefanik,42,1,FALSE
ad1b87ac-0b02-4d40-80fb-b5a81f80d866,8b70b946-f088-4214-8091-28ad3a575c63,NY,NA,NA,Governor,Harper Polling,NA,NA,lv,600,2025-05-07,2025-05-09,NA,general,https://nypost.com/2025/06/16/us-news/rep-mike-lawler-has-better-shot-at-defeating-gov-kathy-hochul-than-elise-stefanik-poll/,Kathy Hochul,50.1,Elise Stefanik,38.8,11.300000000000004,FALSE
ad1b87ac-0b02-4d40-80fb-b5a81f80d866,ed12e80c-de24-491c-b25e-8596db3efe19,NY,NA,NA,Governor,Harper Polling,NA,NA,lv,600,2025-05-07,2025-05-09,NA,general,https://nypost.com/2025/06/16/us-news/rep-mike-lawler-has-better-shot-at-defeating-gov-kathy-hochul-than-elise-stefanik-poll/,Kathy Hochul,48,Mike Lawler,41,7,FALSE
905007ec-2eb2-4980-9b1b-ffc94ea41349,6c0e0e21-432b-41e6-8975-2bb451a4802c,NY,NA,NA,Governor,Siena University,NA,NA,rv,800,2025-06-23,2025-06-26,NA,general,https://scri.siena.edu/2025/07/01/early-look-at-2026-hochul-leads-3-potential-republican-challengers-by-20-25-points-hochul-does-not-hit-50-more-than-%c2%bc-of-voters-undecided/,Kathy Hochul,44,Mike Lawler,24,20,FALSE
905007ec-2eb2-4980-9b1b-ffc94ea41349,e949f6c4-7596-4606-b180-b24b29a68514,NY,NA,NA,Governor,Siena University,NA,NA,rv,800,2025-06-23,2025-06-26,NA,general,https://scri.siena.edu/2025/07/01/early-look-at-2026-hochul-leads-3-potential-republican-challengers-by-20-25-points-hochul-does-not-hit-50-more-than-%c2%bc-of-voters-undecided/,Kathy Hochul,44,Bruce Blakeman,19,25,FALSE
905007ec-2eb2-4980-9b1b-ffc94ea41349,f583ce44-f178-4ec0-9af1-6db367c9e2e9,NY,NA,NA,Governor,Siena University,NA,NA,rv,800,2025-06-23,2025-06-26,NA,general,https://scri.siena.edu/2025/07/01/early-look-at-2026-hochul-leads-3-potential-republican-challengers-by-20-25-points-hochul-does-not-hit-50-more-than-%c2%bc-of-voters-undecided/,Kathy Hochul,47,Elise Stefanik,24,23,FALSE
356b8b98-85ef-43ae-8370-0853a3831429,939fc95f-f785-4b88-820b-1c825a682000,NY,NA,NA,Governor,Siena University,NA,NA,rv,813,2025-08-04,2025-08-07,NA,general,https://sri.siena.edu/2025/08/12/hochul-approval-favorability-ratings-up-a-little-hochul-lead-over-stefanik-in-2026-race-falls-to-14-points-45-31-from-23-points-47-24-in-june-voters-say-if-stefanik-runs-is-elected-g/,Kathy Hochul,45,Elise Stefanik,31,14,FALSE
6bf20b82-c88e-49e9-a145-4be574cfcc9c,5f56db49-7b0f-476f-8d1a-6b456b486634,NY,NA,NA,Governor,Siena University,NA,NA,rv,802,2025-09-08,2025-09-10,NA,general,https://sri.siena.edu/2025/09/16/hochul-approval-favorability-ratings-up-a-little-favorability-best-since-jan-24-majority-hochul-works-hard-demonstrates-honesty-integrity-plurality-gets-things-done-provides-dec/,Kathy Hochul,52,Elise Stefanik,27,25,FALSE
64414a14-db3d-4b66-a17c-a7a6500fcce8,a13e4435-528b-4fad-bc1b-4df17b1a6469,NY,NA,NA,Governor,GrayHouse,NA,REP,lv,1250,2025-09-20,2025-09-26,NA,general,https://nypost.com/2025/10/08/us-news/elise-stefanik-just-5-points-behind-kathy-hochul-in-ny-governors-race-internal-poll/,Kathy Hochul,48,Elise Stefanik,43,5,TRUE
95446184-2eac-4658-ac89-112d27253a82,dfff32cd-d73d-4753-b06a-294d0cd71496,NY,NA,NA,Governor,Manhattan Institute,NA,NA,rv,900,2025-10-22,2025-10-26,NA,general,https://media4.manhattan-institute.org/wp-content/uploads/Toplines_NY_combined.pdf,Kathy Hochul,42,Elise Stefanik,43,-1,FALSE
95446184-2eac-4658-ac89-112d27253a82,e5ab8b4c-1e4f-4837-b93c-0da65caadb3e,NY,NA,NA,Governor,Manhattan Institute,NA,NA,rv,900,2025-10-22,2025-10-26,NA,general,https://media4.manhattan-institute.org/wp-content/uploads/Toplines_NY_combined.pdf,Antonio Delgado,37,Elise Stefanik,43,-6,FALSE
1b92bd0d-2bb8-44e3-8ed8-9fce0e0d02a0,56906835-71cb-4207-b9be-752212f9c2b3,NY,NA,NA,Governor,J.L. Partners,NA,NA,lv,500,2025-11-09,2025-11-10,NA,general,https://jlpartners.com/nystatenov2025,Kathy Hochul,45,Generic Republican,42,3,FALSE
1b92bd0d-2bb8-44e3-8ed8-9fce0e0d02a0,a4f722dd-08fd-47b9-8baf-af714081bf18,NY,NA,NA,Governor,J.L. Partners,NA,NA,lv,500,2025-11-09,2025-11-10,NA,general,https://jlpartners.com/nystatenov2025,Kathy Hochul,46,Elise Stefanik,43,3,FALSE
1b92bd0d-2bb8-44e3-8ed8-9fce0e0d02a0,fa6ce376-75c8-4b8a-86f3-e11a4584b053,NY,NA,NA,Governor,J.L. Partners,NA,NA,lv,500,2025-11-09,2025-11-10,NA,general,https://jlpartners.com/nystatenov2025,Kathy Hochul,47,Bruce Blakeman,36,11,FALSE
343f81cd-f3af-466c-b86b-cd6699b0e9b2,ba41637d-c259-4267-b7c3-8d7a3e2b1257,NY,NA,NA,Governor,Siena University,NA,NA,rv,802,2025-11-10,2025-11-12,NA,general,https://sri.siena.edu/2025/11/18/hochul-approval-favorability-ratings-down-a-little-maintains-huge-lead-over-delgado-among-dems-leads-stefanik-by-20-points-down-from-25-in-september/,Kathy Hochul,52,Elise Stefanik,32,20,FALSE
7fcd2c58-5a88-4108-8eb7-0c17e639fce8,86ef7408-176b-4373-8545-db0405fdb412,NY,NA,NA,Governor,Siena University,NA,NA,rv,801,2025-12-08,2025-12-12,NA,general,https://sri.siena.edu/2025/12/16/hochul-holds-19-point-lead-over-stefanik-leads-blakeman-by-25-points/,Kathy Hochul,50,Bruce Blakeman,25,25,FALSE
7fcd2c58-5a88-4108-8eb7-0c17e639fce8,cd813dae-110f-4d7e-8902-c17b5b262bb1,NY,NA,NA,Governor,Siena University,NA,NA,rv,801,2025-12-08,2025-12-12,NA,general,https://sri.siena.edu/2025/12/16/hochul-holds-19-point-lead-over-stefanik-leads-blakeman-by-25-points/,Kathy Hochul,49,Elise Stefanik,30,19,FALSE
3217e4ea-de2e-4dca-9b01-b138e21c14b8,0e935116-2768-4576-81a8-c13ea14c6fe1,NY,NA,NA,Governor,John Zogby Strategies,NA,NA,lv,844,2026-01-06,2026-01-08,NA,general,https://johnzogbystrategies.com/new-john-zogby-strategies-poll-hochul-leads-comfortably-today-but-could-lose-support-from-independents-and-upstate/,Kathy Hochul,49,Bruce Blakeman,34,15,FALSE
3217e4ea-de2e-4dca-9b01-b138e21c14b8,fa5e2ad7-04f0-4baf-b09f-5e03d906b786,NY,NA,NA,Governor,John Zogby Strategies,NA,NA,lv,844,2026-01-06,2026-01-08,NA,general,https://johnzogbystrategies.com/new-john-zogby-strategies-poll-hochul-leads-comfortably-today-but-could-lose-support-from-independents-and-upstate/,Kathy Hochul,53,Bruce Blakeman,39,14,FALSE
f4358d6d-f701-457f-be9e-6e78edc433ff,70db9c07-cea0-4751-a1f5-98de87ef9a59,NY,NA,NA,Governor,Siena University,NA,NA,rv,802,2026-01-26,2026-01-28,NA,general,https://sri.siena.edu/2026/02/03/hochul-with-her-best-ever-favorability-rating-49-40-continues-to-hold-commanding-leads-over-blakeman-54-28-among-dems-delgado-64-11/?_gl=1*peyh6n*_ga*MTIyMDQyNTg1MS4xNzcwMTIxMTI0*_ga_XN3VDZ9ZYZ*czE3NzAxMjExMjQkbzEkZzEkdDE3NzAxMjExNjgkajE2JGwwJGgw,Kathy Hochul,54,Bruce Blakeman,28,26,FALSE
405a023a-7bdf-44a2-b2c6-d0badfe648a7,b46e7f0d-32f7-49de-a7f3-59fd31eacfc8,NY,NA,NA,Governor,MAD Global Strategy,Natural Allies for a Clean Energy Future,NA,lv,600,2026-02-02,2026-02-04,NA,general,https://yonkerstimes.com/new-poll-shows-new-york-voters-support-hochuls-pragmatic-leadership-on-natural-gas-and-renewables-by-wide-margins/,Kathy Hochul,47,Bruce Blakeman,34,13,FALSE
ba386d0d-5936-421e-8973-1eb96e6ade2e,227abc81-4644-4ea9-b321-c60fe01c93a8,NY,NA,NA,Governor,Marist University,NA,NA,rv,1442,2026-02-16,2026-02-19,NA,general,https://maristpoll.marist.edu/polls/the-state-of-new-york-in-an-election-year-february-2026/,Kathy Hochul,50,Bruce Blakeman,33,17,FALSE
697f18fc-5d1b-44e7-9bf0-2f878d982007,ba4c96e9-d885-4009-95cb-5d3f04b3a969,NY,NA,NA,Governor,Siena University,NA,NA,rv,805,2026-02-23,2026-02-26,NA,general,https://sri.siena.edu/2026/03/04/strong-majorities-of-democrats-nyc-voters-support-gov-leg-giving-nyc-ability-to-raise-income-tax-on-its-residents-earning-at-least-1m/,Kathy Hochul,51,Bruce Blakeman,31,20,FALSE
14302708-d80e-4ef3-b0e3-1ab8c3d82939,198cd8f9-c86f-492a-b08e-737f90ae6254,NY,NA,NA,Governor,McLaughlin & Associates,NA,REP,lv,800,2026-03-04,2026-03-08,NA,general,https://www.politico.com/newsletters/new-york-playbook/2026/03/25/bruce-is-no-lee-00843339,Kathy Hochul,52,Bruce Blakeman,43,9,TRUE
05fe3660-a54d-4b95-ae71-76ffcf8ab2c1,4b1a6989-95cf-41be-b800-c9fe635b2518,NY,NA,NA,Governor,Echelon Insights,Tusk Strategies,NA,lv,500,2026-03-24,2026-03-26,NA,general,https://www.politico.com/newsletters/new-york-playbook-pm/2026/03/30/bill-de-blasios-quitgpt-mamdani-mayor-openai-00850898,Kathy Hochul,55,Bruce Blakeman,40,15,FALSE
9ff953c1-dc3f-4ad4-87eb-ad126f443530,847398ef-dc70-4a71-9a74-681c74777d77,NY,NA,NA,Governor,Siena University,NA,NA,rv,804,2026-03-23,2026-03-26,NA,general,https://sri.siena.edu/2026/03/31/hochul-lead-over-still-largely-unknown-blakeman-drops-7-points-to-47-34-from-51-31-her-favorability-approval-ratings-unchanged-in-last-month/,Kathy Hochul,47,Bruce Blakeman,34,13,FALSE
46acc6e1-fd8e-4bfe-9b77-9997ac2f3245,d74bb32e-fde0-4232-b77c-d014d5e93e59,NY,NA,NA,Governor,Siena University,NA,NA,rv,806,2026-04-27,2026-04-30,NA,general,https://sri.siena.edu/2026/05/05/hochul-favorability-approval-ratings-each-drop-8-points-to-lowest-levels-in-last-year-her-lead-over-blakeman-grows-3-points-to-49-33/,Kathy Hochul,49,Bruce Blakeman,33,16,FALSE
a2e9cc79-0b94-46f8-9c63-f2d3dd0431d0,3cfbddf9-9032-40eb-a9b3-dcba4609a337,NY,NA,NA,Governor,Siena University,NA,NA,rv,1120,2026-06-17,2026-06-23,NA,general,https://sri.siena.edu/2026/06/25/hochul-favorability-approval-ratings-edge-up-as-does-her-general-election-lead-over-blakeman-now-52-32-from-49-33/,Kathy Hochul,52,Bruce Blakeman,32,20,FALSE
7a9e85af-ad95-47c8-a442-282c44efe238,98ddc9e2-3895-485e-9f13-e69117a0b696,NY,NA,NA,Governor,co/efficient,Coalition to Protect Nassau Taxpayers,NA,lv,1085,2026-06-30,2026-07-02,NA,general,https://nypost.com/2026/07/06/us-news/nyc-ny-state-politics-live-updates-on-governors-race-more/,Kathy Hochul,47,Bruce Blakeman,41,6,FALSE
53d83487-2569-41ff-ac70-00eed74be90e,76b3440b-f166-4280-b514-d916e897a65f,NY,NA,NA,Governor,Red Oak Strategic,Strong and Safe New York,REP,rv,2000,2026-07-07,2026-07-12,NA,general,https://nypost.com/2026/07/28/us-news/ny-gop-governor-candidate-bruce-blakeman-trails-hochul-by-just-4-points-in-shocking-new-poll/,Kathy Hochul,47,Bruce Blakeman,43,4,TRUE
844636f5-8b36-4d32-8126-6060bccd9d85,55e950bd-2e41-45d1-b994-aca10af6a5b8,NY,NA,NA,Governor,Siena University,NA,NA,lv,811,2026-08-03,2026-08-06,NA,general,https://sri.siena.edu/2026/08/12/siena-poll-of-likely-new-york-state-voters-hochul-49-blakeman-39/,Kathy Hochul,49,Bruce Blakeman,39,10,FALSE
3fbbfe73-4794-44b3-ab98-056447ac7f6b,c96862d9-f15a-445e-9253-1bc6138ae229,NY,NA,NA,Governor,Concord Public Opinion Partners,Education Reform Now Advocacy,DEM,lv,505,2026-08-19,2026-08-21,NA,general,https://www.politico.com/newsletters/new-york-playbook/2026/09/03/mamdani-has-already-endorsed-aoc-for-president-sort-of-01062556,Kathy Hochul,50,Bruce Blakeman,34,16,TRUE
2c46c3b7-eb06-4793-8e48-a96af0d583f6,1b096120-49a7-486a-9107-b986d3667898,NY,NA,NA,Governor,McLaughlin & Associates,NA,REP,lv,800,2026-08-27,2026-08-31,NA,general,https://nypost.com/2026/09/08/us-news/blakeman-poll-claims-hes-within-4-points-of-toppling-hochul/,Kathy Hochul,49.6,Bruce Blakeman,45.7,3.8999999999999986,TRUE
f48c4408-c612-4ed8-a111-17380a5a03ce,942f7abe-30d8-465a-aa04-41dbba7c3826,OH,NA,NA,Governor,Public Policy Polling,314 Action,DEM,rv,642,2025-02-19,2025-02-20,NA,general,https://314action.org/wp-content/uploads/2025/02/Ohio-Poll-Feb-2025.pdf,Amy Acton,45,Vivek Ramaswamy,44,1,TRUE
f48c4408-c612-4ed8-a111-17380a5a03ce,bd4ae287-d30f-4abc-8b11-d11094249a45,OH,NA,NA,Governor,Public Policy Polling,314 Action,DEM,lv,642,2025-02-19,2025-02-20,NA,general,https://314action.org/wp-content/uploads/2025/02/Ohio-Poll-Feb-2025.pdf,Tim Ryan,42,Vivek Ramaswamy,48,-6,TRUE
af7801de-ff24-4caa-b87b-bb753ab9d473,48ec10e4-937a-4647-82f7-7280701be2e2,OH,NA,NA,U.S. Senate,Bowling Green State University Democracy and Public Policy Research Network/YouGov,NA,NA,rv,800,2025-02-14,2025-02-21,NA,general,https://scholarworks.bgsu.edu/cgi/viewcontent.cgi?article=1007&context=depo,Sherrod Brown,41,Jon Husted,47,-6,FALSE
af7801de-ff24-4caa-b87b-bb753ab9d473,9942aa41-c638-4cc9-bc22-0c95a46fdda9,OH,NA,NA,U.S. Senate,Bowling Green State University Democracy and Public Policy Research Network/YouGov,NA,NA,rv,800,2025-02-14,2025-02-21,NA,general,https://scholarworks.bgsu.edu/cgi/viewcontent.cgi?article=1007&context=depo,Tim Ryan,38,Jon Husted,45,-7,FALSE
36ad1b65-797e-4b91-b5cb-1efc70a55299,99b81846-a505-4526-af93-4bbd01628123,OH,NA,NA,U.S. Senate,Bowling Green State University Democracy and Public Policy Research Network/YouGov,NA,NA,rv,800,2025-04-18,2025-04-24,NA,general,https://scholarworks.bgsu.edu/cgi/viewcontent.cgi?article=1009&context=depo,Sherrod Brown,46,Jon Husted,49,-3,FALSE
36ad1b65-797e-4b91-b5cb-1efc70a55299,d32089bf-ac91-4932-a215-61985ef2c7bc,OH,NA,NA,U.S. Senate,Bowling Green State University Democracy and Public Policy Research Network/YouGov,NA,NA,rv,800,2025-04-18,2025-04-24,NA,general,https://scholarworks.bgsu.edu/cgi/viewcontent.cgi?article=1009&context=depo,Tim Ryan,44,Jon Husted,50,-6,FALSE
36ad1b65-797e-4b91-b5cb-1efc70a55299,0d8a8fc5-b16a-4e0d-86d4-ba71f5d6d5f1,OH,NA,NA,Governor,Bowling Green State University Democracy and Public Policy Research Network/YouGov,NA,NA,rv,800,2025-04-18,2025-04-24,NA,general,https://scholarworks.bgsu.edu/cgi/viewcontent.cgi?article=1009&context=depo,Amy Acton,45,Vivek Ramaswamy,50,-5,FALSE
36ad1b65-797e-4b91-b5cb-1efc70a55299,37dc2217-8ec5-47d1-9bf8-c33f818a8e87,OH,NA,NA,Governor,Bowling Green State University Democracy and Public Policy Research Network/YouGov,NA,NA,rv,800,2025-04-18,2025-04-24,NA,general,https://scholarworks.bgsu.edu/cgi/viewcontent.cgi?article=1009&context=depo,Tim Ryan,43,Jim Tressel,46,-3,FALSE
36ad1b65-797e-4b91-b5cb-1efc70a55299,63b6e039-6177-4945-83bc-f70addc463a7,OH,NA,NA,Governor,Bowling Green State University Democracy and Public Policy Research Network/YouGov,NA,NA,rv,800,2025-04-18,2025-04-24,NA,general,https://scholarworks.bgsu.edu/cgi/viewcontent.cgi?article=1009&context=depo,Tim Ryan,44,Dave Yost,46,-2,FALSE
36ad1b65-797e-4b91-b5cb-1efc70a55299,65c2fab0-91da-4bec-8f28-917b0a7bc9b2,OH,NA,NA,Governor,Bowling Green State University Democracy and Public Policy Research Network/YouGov,NA,NA,rv,800,2025-04-18,2025-04-24,NA,general,https://scholarworks.bgsu.edu/cgi/viewcontent.cgi?article=1009&context=depo,Amy Acton,45,Dave Yost,46,-1,FALSE
36ad1b65-797e-4b91-b5cb-1efc70a55299,80ae304d-9fc9-4954-97d1-1a0d909fc561,OH,NA,NA,Governor,Bowling Green State University Democracy and Public Policy Research Network/YouGov,NA,NA,rv,800,2025-04-18,2025-04-24,NA,general,https://scholarworks.bgsu.edu/cgi/viewcontent.cgi?article=1009&context=depo,Amy Acton,44,Jim Tressel,46,-2,FALSE
36ad1b65-797e-4b91-b5cb-1efc70a55299,dbe8cb7e-5aa0-4219-855e-b25633ebe1c0,OH,NA,NA,Governor,Bowling Green State University Democracy and Public Policy Research Network/YouGov,NA,NA,rv,800,2025-04-18,2025-04-24,NA,general,https://scholarworks.bgsu.edu/cgi/viewcontent.cgi?article=1009&context=depo,Tim Ryan,44,Vivek Ramaswamy,51,-7,FALSE
887d5876-b487-49e7-9753-87159f2032af,b710bafa-08f3-4539-81be-d65398bf953b,OH,NA,NA,Governor,Impact Research,NA,DEM,lv,800,2025-07-24,2025-07-28,NA,general,https://mcusercontent.com/350a1d4442fd0b270ac8072f7/files/a27b8473-e2e2-2c57-82a5-b046ce7e590a/Impact_Research_Amy_Acton_for_OH_Governor_August_Polling_Memo.pdf?utm_source=substack&utm_medium=email&mkt_tok=NTU2LVlFRS05NjkAAAGcKVAWh_rtMLckrw0HJrtMYRSk0hk1jh3oSUxu7GOPSFK4iMmVl_j5OW0cyu0zbPkM4v76OW44JuW4jvuxLIWj5xxU8i6xUmLTx0rSyzMUPuBQXg,Amy Acton,46,Vivek Ramaswamy,47,-1,TRUE
4876645d-d0af-47b2-8e22-02fdee4faf0c,d55f06f8-ab1d-4863-b269-179c12c97406,OH,NA,NA,U.S. Senate,Emerson College,NA,NA,rv,1000,2025-08-18,2025-08-19,NA,general,https://emersoncollegepolling.com/ohio-2026/,Sherrod Brown,43.7,Jon Husted,49.5,-5.799999999999997,FALSE
4876645d-d0af-47b2-8e22-02fdee4faf0c,5d9991e1-e539-43ce-bf84-ebd98f255b87,OH,NA,NA,Governor,Emerson College,NA,NA,rv,1000,2025-08-18,2025-08-19,NA,general,https://emersoncollegepolling.com/ohio-2026/,Tim Ryan,41,Vivek Ramaswamy,48.8,-7.799999999999997,FALSE
4876645d-d0af-47b2-8e22-02fdee4faf0c,689dd23d-a521-4590-a710-ed8953ffe79a,OH,NA,NA,Governor,Emerson College,NA,NA,rv,1000,2025-08-18,2025-08-19,NA,general,https://emersoncollegepolling.com/ohio-2026/,Amy Acton,39.4,Vivek Ramaswamy,48.7,-9.300000000000004,FALSE
264fd801-0eb2-4865-8106-e96c2d48f65d,fd5620a2-1f64-45ca-a535-1c40ad7aa2cf,OH,NA,NA,Governor,Hart Research Associates,Ohio Federation of Teachers,DEM,lv,800,2025-09-19,2025-09-22,NA,general,https://www.oft-aft.org/sites/default/files/media/documents/2025/OFT%20Hart%20Ohio%20Voter%20Survey.pdf,Amy Acton,46,Vivek Ramaswamy,45,1,TRUE
684724e8-ac36-4d8b-8d84-ba6fbd786ca7,c6c1cd9d-fbfd-4324-a674-2baa2388ead8,OH,NA,NA,U.S. Senate,Bowling Green State University Democracy and Public Policy Research Network/YouGov,NA,NA,rv,800,2025-10-02,2025-10-14,NA,general,https://scholarworks.bgsu.edu/cgi/viewcontent.cgi?article=1013&context=depo,Sherrod Brown,49,Jon Husted,48,1,FALSE
684724e8-ac36-4d8b-8d84-ba6fbd786ca7,7dae1174-73d8-49a7-967e-25c6c0399919,OH,NA,NA,Governor,Bowling Green State University Democracy and Public Policy Research Network/YouGov,NA,NA,rv,800,2025-10-02,2025-10-14,NA,general,https://scholarworks.bgsu.edu/cgi/viewcontent.cgi?article=1013&context=depo,Amy Acton,47,Vivek Ramaswamy,50,-3,FALSE
684724e8-ac36-4d8b-8d84-ba6fbd786ca7,85533fbc-32fb-4958-b05e-39b307bf6389,OH,NA,NA,Governor,Bowling Green State University Democracy and Public Policy Research Network/YouGov,NA,NA,rv,800,2025-10-02,2025-10-14,NA,general,https://scholarworks.bgsu.edu/cgi/viewcontent.cgi?article=1013&context=depo,Tim Ryan,47,Vivek Ramaswamy,49,-2,FALSE
ab841ffd-0c5c-4a2a-a036-3949bb4e6d67,61897505-ee55-49c6-bfcd-311ad248259e,OH,NA,NA,U.S. Senate,Emerson College,NA,NA,rv,850,2025-12-06,2025-12-08,NA,general,https://emersoncollegepolling.com/ohio-2026-poll-democrats-make-gains-in-races-for-governor-and-us-senate/,Sherrod Brown,46.3,Jon Husted,48.8,-2.5,FALSE
ab841ffd-0c5c-4a2a-a036-3949bb4e6d67,35fdb60b-ebd1-40ec-a9b9-e551e1d13536,OH,NA,NA,Governor,Emerson College,NA,NA,rv,850,2025-12-06,2025-12-08,NA,general,https://emersoncollegepolling.com/ohio-2026-poll-democrats-make-gains-in-races-for-governor-and-us-senate/,Amy Acton,45.9,Vivek Ramaswamy,45.2,0.6999999999999957,FALSE
ee8f77c2-b6e1-4d39-ba69-566cb03cef6c,4e628332-83e7-4f27-b4f3-79384d24bce5,OH,NA,NA,Governor,Data Targeting,T Roosevelt Action,NA,lv,603,2025-12-03,2025-12-08,NA,general,https://myemail.constantcontact.com/NEW-OHIO-POLL---Voters-Like-Vivek-Ramaswamy-and-a-Constitutional-Amendment-Protecting-the-Right-to-Hunt-and-Fish-.html?soid=1125096524064&aid=OJE-UGe3RN4,Amy Acton,43,Vivek Ramaswamy,45,-2,FALSE
750c2f24-a09b-4b31-bbc0-91918a94afd2,63b0a9c4-016f-4094-8498-336f185a70a9,OH,NA,NA,U.S. Senate,EMC Research,Ohio Environmental Council,DEM,lv,1343,2026-02-10,2026-02-22,NA,general,https://theoec.org/wp-content/uploads/2026/03/OEC-Ohio-Survey-Results-2026.pdf,Sherrod Brown,51,Jon Husted,47,4,TRUE
750c2f24-a09b-4b31-bbc0-91918a94afd2,7cc467e3-063a-4e1f-8a3e-5106002884df,OH,NA,NA,Governor,EMC Research,Ohio Environmental Council,OTH,lv,1343,2026-02-10,2026-02-22,NA,general,https://theoec.org/wp-content/uploads/2026/03/OEC-Ohio-Survey-Results-2026.pdf,Amy Acton,53,Vivek Ramaswamy,43,10,TRUE
995da4b4-5913-4aa3-bada-3c00887b1851,7ed0ac78-ca8d-4689-a6ca-11b18a316223,OH,NA,NA,U.S. Senate,OnMessage Inc.,Insurance Watchdog Coalition,NA,lv,600,2026-03-03,2026-03-08,NA,general,https://www.politico.com/newsletters/playbook/2026/03/11/the-white-house-pain-threshold-00822448,Sherrod Brown,47,Jon Husted,45,2,FALSE
fbfa3cb4-0981-4abe-8c3b-68a6e3863684,3824be90-fb34-4daf-a5b0-e8a65942b6fb,OH,NA,NA,U.S. Senate,Quantus Insights,NA,NA,lv,784,2026-03-13,2026-03-14,NA,general,https://quantusinsights.org/f/quantus-insights-ohio-voters-signal-competitive-2026-environment,Sherrod Brown,44.4,Jon Husted,45.5,-1.1000000000000014,FALSE
fbfa3cb4-0981-4abe-8c3b-68a6e3863684,ea614617-894a-4b37-9249-1de113635f8d,OH,NA,NA,Governor,Quantus Insights,NA,NA,lv,809,2026-03-13,2026-03-14,NA,general,https://quantusinsights.org/f/quantus-insights-ohio-voters-signal-competitive-2026-environment,Amy Acton,45.9,Vivek Ramaswamy,44.9,1,FALSE
4cd851f7-b47b-4f4a-a424-3670faff482a,65239c0b-a8ff-42ac-b2cd-4c2c7acdd2ae,OH,NA,NA,U.S. Senate,Echelon Insights,NetChoice,NA,lv,413,2026-04-03,2026-04-09,NA,general,https://netchoice.org/new-72-of-americans-want-regulators-to-focus-on-lowering-prices-ahead-of-midterms-not-punishing-success/,Sherrod Brown,45,Jon Husted,51,-6,FALSE
4cd851f7-b47b-4f4a-a424-3670faff482a,593a00c3-cde0-410f-a253-65be858a18b0,OH,NA,NA,Governor,Echelon Insights,NetChoice,NA,lv,413,2026-04-03,2026-04-09,NA,general,https://netchoice.org/new-72-of-americans-want-regulators-to-focus-on-lowering-prices-ahead-of-midterms-not-punishing-success/,Amy Acton,44,Vivek Ramaswamy,49,-5,FALSE
b5910ed4-b6e9-4abc-a223-faf2fc268e09,f6132aae-27d1-4bd0-adad-bb56a4d03c8c,OH,NA,NA,U.S. Senate,Bowling Green State University Democracy and Public Policy Research Network/YouGov,NA,NA,rv,1000,2026-04-07,2026-04-14,NA,general,https://scholarworks.bgsu.edu/depo/21/,Sherrod Brown,47,Jon Husted,50,-3,FALSE
b5910ed4-b6e9-4abc-a223-faf2fc268e09,5ebb4542-69d0-47d0-a99e-dfc43d715711,OH,NA,NA,Governor,Bowling Green State University Democracy and Public Policy Research Network/YouGov,NA,NA,rv,1000,2026-04-07,2026-04-14,NA,general,https://scholarworks.bgsu.edu/depo/21/,Amy Acton,47,Vivek Ramaswamy,48,-1,FALSE
a7eab946-0bc0-41cb-bc12-8ae3b3f4b81c,87ff1715-8400-4e17-9bbe-e9af49b9d1fb,OH,NA,NA,U.S. Senate,Beacon Research/Shaw & Company Research,Fox News,NA,rv,1015,2026-05-28,2026-06-01,NA,general,https://www.foxnews.com/politics/fox-news-poll-democratic-unity-republican-crossovers-shape-ohio-senate-race,Sherrod Brown,53,Jon Husted,45,8,FALSE
a7eab946-0bc0-41cb-bc12-8ae3b3f4b81c,8ac24c70-661d-4349-a1ee-58e9b46c0a48,OH,NA,NA,Governor,Beacon Research/Shaw & Company Research,Fox News,NA,rv,1015,2026-05-28,2026-06-01,NA,general,https://www.foxnews.com/politics/fox-news-poll-democratic-unity-republican-crossovers-shape-ohio-senate-race,Amy Acton,50,Vivek Ramaswamy,49,1,FALSE
3abe7c38-03f5-4972-ab6c-6562912cdf5f,ed3b67af-251b-4362-9d0c-2790a0cbcd13,OH,NA,NA,U.S. Senate,Tulchin Research,NA,DEM,lv,600,2026-06-02,2026-06-04,NA,general,https://x.com/PollTracker2024/status/2067244200886665423,Sherrod Brown,46,Jon Husted,42,4,TRUE
3abe7c38-03f5-4972-ab6c-6562912cdf5f,6a920d1e-b2be-46e0-9310-cf3e3e679e22,OH,NA,NA,Governor,Tulchin Research,NA,DEM,lv,600,2026-06-02,2026-06-04,NA,general,https://x.com/PollTracker2024/status/2067244200886665423,Amy Acton,47,Vivek Ramaswamy,44,3,TRUE
e7429018-12b7-482f-8c30-3efded20d842,a2330892-a658-4474-9071-ffd95c63f1aa,OH,NA,NA,U.S. Senate,Fabrizio Ward/Impact Research,AARP,NA,lv,800,2026-06-14,2026-06-16,NA,general,https://www.aarp.org/pri/topics/voter-research/politics/2026-midterm-election-poll-ohio/,Sherrod Brown,48,Jon Husted,45,3,FALSE
e7429018-12b7-482f-8c30-3efded20d842,9bc807e7-150e-426f-806b-7ef87bd9bde6,OH,NA,NA,Governor,Fabrizio Ward/Impact Research,AARP,NA,lv,800,2026-06-14,2026-06-16,NA,general,https://www.aarp.org/pri/topics/voter-research/politics/2026-midterm-election-poll-ohio/,Amy Acton,47,Vivek Ramaswamy,44,3,FALSE
e5903ad0-d21c-4e69-9e02-750ec22f2ad3,35a8f551-a96e-4a86-8e72-9ff0add3e4ab,OH,NA,NA,U.S. Senate,The New York Times/Siena University,NA,NA,lv,601,2026-06-15,2026-06-28,NA,general,https://www.nytimes.com/interactive/2026/07/01/polls/times-siena-ohio-poll-crosstabs.html,Sherrod Brown,47,Jon Husted,49.8,-2.799999999999997,FALSE
e5903ad0-d21c-4e69-9e02-750ec22f2ad3,41177231-18ad-4b75-ac74-cae11e053a1d,OH,NA,NA,Governor,The New York Times/Siena University,NA,NA,lv,601,2026-06-15,2026-06-28,NA,general,https://www.nytimes.com/interactive/2026/07/01/polls/times-siena-ohio-poll-crosstabs.html,Amy Acton,46.67,Vivek Ramaswamy,46.85,-0.17999999999999972,FALSE
68dd5166-04fb-437d-bef5-c85d71281c4b,f376cdbb-8197-42c7-84ef-ce0bf9c65963,OH,NA,NA,U.S. Senate,Tulchin Research,NA,DEM,lv,600,2026-07-29,2026-08-04,NA,general,https://www.the-downballot.com/p/morning-digest-sponsored-by-the-michigan-a7b,Sherrod Brown,47,Jon Husted,43,4,TRUE
68dd5166-04fb-437d-bef5-c85d71281c4b,db2432e5-999f-426b-9059-48f2e81daab7,OH,NA,NA,Governor,Tulchin Research,NA,DEM,lv,600,2026-07-29,2026-08-04,NA,general,https://www.the-downballot.com/p/morning-digest-sponsored-by-the-michigan-a7b,Amy Acton,46,Vivek Ramaswamy,44,2,TRUE
5bdcb862-c70f-4062-8be0-2f6fa098ad51,fbbc0c10-6d03-4032-8e43-0e794c2993f3,OH,NA,NA,U.S. Senate,Beacon Research/Shaw & Company Research,Fox News,NA,rv,1008,2026-08-06,2026-08-10,NA,general,https://www.foxnews.com/politics/fox-news-poll-economic-anxiety-candidate-concerns-define-ohio-senate-race,Sherrod Brown,53,Jon Husted,45,8,FALSE
5bdcb862-c70f-4062-8be0-2f6fa098ad51,0a7b3ac5-94b8-44f6-9f3e-56a76f3218bd,OH,NA,NA,Governor,Beacon Research/Shaw & Company Research,Fox News,NA,rv,1008,2026-08-06,2026-08-10,NA,general,https://www.foxnews.com/politics/fox-news-poll-economic-anxiety-candidate-concerns-define-ohio-senate-race,Amy Acton,48,Vivek Ramaswamy,50,-2,FALSE
a20bab85-05b1-46ba-b421-20d3972cf4a6,69cf1cdd-d68c-4bd1-b825-f47fa6e63dc5,OH,NA,NA,U.S. Senate,Wedgewood Polls,NA,NA,lv,800,2026-08-11,2026-08-13,NA,general,https://drive.google.com/file/d/1rP-26-yqNx9jy_gRqoLDmgJgzm5X8a4O/view,Sherrod Brown,48,Jon Husted,44,4,FALSE
a20bab85-05b1-46ba-b421-20d3972cf4a6,9b84e81c-d997-4c5f-ba4a-c03330826a38,OH,NA,NA,Governor,Wedgewood Polls,NA,NA,lv,800,2026-08-11,2026-08-13,NA,general,https://drive.google.com/file/d/1rP-26-yqNx9jy_gRqoLDmgJgzm5X8a4O/view,Amy Acton,47,Vivek Ramaswamy,46,1,FALSE
0f9efd9e-18ce-4bdb-b809-80d16d258bd6,3112ddb0-4184-41af-93e0-451f9dfe69af,OH,NA,NA,U.S. Senate,Abacus Data,NA,NA,rv,500,2026-08-26,2026-08-28,NA,general,https://abacusdata.ca/the-trade-war-next-door-what-american-voters-think-about-tariffs-canada-and-the-battle-for-the-u-s-senate/,Sherrod Brown,40,Jon Husted,33,7,FALSE
0f9efd9e-18ce-4bdb-b809-80d16d258bd6,587a0ce5-3ec1-48ec-a4c5-fa0434f971ef,OH,NA,NA,U.S. Senate,Abacus Data,NA,NA,lv,306,2026-08-26,2026-08-28,NA,general,https://abacusdata.ca/the-trade-war-next-door-what-american-voters-think-about-tariffs-canada-and-the-battle-for-the-u-s-senate/,Sherrod Brown,46,Jon Husted,41,5,FALSE
5506608a-6ab8-4d78-a80e-01a18da64633,3930b893-745e-4f00-9b5b-0e3424f9b188,OH,NA,NA,U.S. Senate,InsiderAdvantage,NA,NA,lv,1200,2026-09-08,2026-09-09,NA,general,https://insideradvantage.com/top-line-tabs-ohio/,Sherrod Brown,47.3,Jon Husted,41.9,5.399999999999999,FALSE
314d0d9f-dfec-48d8-b989-2b20e36748f7,f6c2367f-cb72-48df-81ee-93281bece8bf,OH,NA,NA,U.S. Senate,YouGov,Bowling Green State University,NA,lv,1000,2026-09-01,2026-09-10,NA,general,https://drive.google.com/file/d/16DCSUQaBOGTTk0u3flp6q0uwC6AO8euZ/view,Sherrod Brown,48,Jon Husted,45,3,FALSE
314d0d9f-dfec-48d8-b989-2b20e36748f7,b5df4258-c789-4690-9dc1-edec9ba3a997,OH,NA,NA,Governor,YouGov,Bowling Green State University,NA,lv,1000,2026-09-01,2026-09-10,NA,general,https://drive.google.com/file/d/16DCSUQaBOGTTk0u3flp6q0uwC6AO8euZ/view,Amy Acton,48,Vivek Ramaswamy,45,3,FALSE
ab5080b9-cb98-4b3f-953e-eb8d385c4eee,ac91045d-e931-497b-af6f-f3b4bc7ba13e,OH,NA,NA,U.S. Senate,Trafalgar Group,NA,REP,lv,1085,2026-09-14,2026-09-16,NA,general,https://www.thetrafalgargroup.org/news/oh-senate-0917/,Sherrod Brown,45.4,Jon Husted,41.5,3.8999999999999986,TRUE
3363b2d9-eeaf-4b08-952d-6a4d61607837,7677461d-f14d-45a4-9d73-34fc0bb5512f,OK,NA,NA,U.S. Senate,Cole Hargrave,NA,NA,rv,500,2026-08-03,2026-08-06,NA,general,https://chs-inc.com/general-election-rep/,Jim Priest,27,Kevin Hern,48,-21,FALSE
3363b2d9-eeaf-4b08-952d-6a4d61607837,8f0b4429-7667-4b93-a08a-2169d81ec3c4,OK,NA,NA,U.S. Senate,Cole Hargrave,NA,NA,rv,500,2026-08-03,2026-08-06,NA,general,https://chs-inc.com/general-election-rep/,N'Kiyla Jasmine Thomas,25,Kevin Hern,49,-24,FALSE
a2722ecb-81fd-4f7a-98d1-264edcfbaaca,16597666-6738-4fe2-a6ca-f37a32c6170a,OR,NA,NA,Governor,FM3 Research,Charlie Health,NA,lv,1065,2026-01-28,2026-02-04,NA,general,https://www.oregonlive.com/politics/2026/02/who-will-be-oregons-next-governor-first-poll-of-2026-names-this-candidate.html,Tina Kotek,45,Chris Dudley,35,10,FALSE
a2722ecb-81fd-4f7a-98d1-264edcfbaaca,8a0aee4c-f479-488e-9ef3-c053cd64f854,OR,NA,NA,Governor,FM3 Research,Charlie Health,NA,lv,1065,2026-01-28,2026-02-04,NA,general,https://www.oregonlive.com/politics/2026/02/who-will-be-oregons-next-governor-first-poll-of-2026-names-this-candidate.html,Tina Kotek,45,Christine Drazan,40,5,FALSE
a2722ecb-81fd-4f7a-98d1-264edcfbaaca,ab2e77ba-a130-4727-bacb-06661ecf810b,OR,NA,NA,Governor,FM3 Research,Charlie Health,NA,lv,1065,2026-01-28,2026-02-04,NA,general,https://www.oregonlive.com/politics/2026/02/who-will-be-oregons-next-governor-first-poll-of-2026-names-this-candidate.html,Tina Kotek,43,Ed Diehl,37,6,FALSE
6d03f69f-26d3-44f4-9667-0cead4760720,550ad1ae-4104-4c44-a50b-499ab757940a,OR,NA,NA,Governor,Hoffman Research Group,NA,REP,lv,603,2026-05-11,2026-05-12,NA,general,https://www.oregonlive.com/politics/2026/05/how-would-these-republican-candidates-for-governor-fare-against-kotek-in-november-what-new-poll-shows.html,Tina Kotek,45,Christine Drazan,45,0,TRUE
6d03f69f-26d3-44f4-9667-0cead4760720,a1cf0faa-daab-4090-8548-81d2546b2247,OR,NA,NA,Governor,Hoffman Research Group,NA,REP,lv,603,2026-05-11,2026-05-12,NA,general,https://www.oregonlive.com/politics/2026/05/how-would-these-republican-candidates-for-governor-fare-against-kotek-in-november-what-new-poll-shows.html,Tina Kotek,44,Chris Dudley,48,-4,TRUE
d13e5872-52f7-4775-a9af-a77ded150eac,8f119c5a-4ea7-4ccd-ba1f-43bb9847d4b4,OR,NA,NA,Governor,Public Opinion Strategies,NA,REP,rv,600,2026-06-22,2026-06-24,NA,general,https://www.oregonlive.com/politics/2026/07/new-poll-shows-oregon-governors-race-is-far-from-settled.html?utm_campaign=oregonianpol_sf&utm_medium=social&utm_source=twitter,Tina Kotek,44,Christine Drazan,48,-4,TRUE
5f579953-06e8-4090-b491-d091f99ec79f,e277f22b-8bb3-4789-8eae-9c54787462eb,OR,NA,NA,Governor,DHM Research,Grow Oregon,NA,lv,600,2026-09-03,2026-09-09,NA,general,https://www.oregonjournalismproject.org/new-poll-shows-drazan-with-slight-lead-in-governors-race,Tina Kotek,43,Christine Drazan,45,-2,FALSE
d8049a30-a3e0-41a0-9376-3cbb90dba3e4,a2857622-ab87-46ed-a2d2-9bb7801c3a2f,PA,NA,NA,Governor,"Susquehanna Polling & Research, Inc.",NA,NA,lv,700,2025-09-22,2025-09-28,NA,general,https://x.com/SusquehannaPR/status/1975294948057752024,Josh Shapiro,54,Stacy Garrity,36,18,FALSE
d8049a30-a3e0-41a0-9376-3cbb90dba3e4,a820c4a9-b634-40d7-aeb1-be4dde730d9b,PA,NA,NA,Governor,"Susquehanna Polling & Research, Inc.",NA,NA,lv,704,2025-09-22,2025-09-28,NA,general,https://x.com/SusquehannaPR/status/1975294948057752024,Josh Shapiro,55,Douglas V. Mastriano,37,18,FALSE
1a6fabc3-ebbb-4d4f-9cfc-34699a67b0a9,16f9b049-9855-49b0-b0de-956dd8805bd4,PA,NA,NA,Governor,Quinnipiac University,NA,NA,rv,1579,2025-09-25,2025-09-29,NA,general,https://poll.qu.edu/poll-release?releaseid=3933,Josh Shapiro,55,Stacy Garrity,39,16,FALSE
1a6fabc3-ebbb-4d4f-9cfc-34699a67b0a9,f4ab4974-5e44-4b8d-98e7-19c24ab9c446,PA,NA,NA,Governor,Quinnipiac University,NA,NA,rv,1579,2025-09-25,2025-09-29,NA,general,https://poll.qu.edu/poll-release?releaseid=3933,Josh Shapiro,56,Douglas V. Mastriano,39,17,FALSE
4519c428-f67b-46bc-9201-df5d74ca0d8f,590b6a55-07d4-489e-b393-9531a35db63b,PA,NA,NA,Governor,Quinnipiac University,NA,NA,rv,836,2026-02-19,2026-02-23,NA,general,https://poll.qu.edu/poll-release?releaseid=3948,Josh Shapiro,55,Stacy Garrity,37,18,FALSE
aa72a795-9afd-47e9-9acc-d1a4d4c7bea5,2bf2ccae-9f06-4ce6-9d39-12f44a336aa7,PA,NA,NA,Governor,Franklin & Marshall College,NA,NA,rv,834,2026-02-18,2026-03-01,NA,general,https://www.fandmpoll.org/franklin-marshall-poll-release-march-2026/,Josh Shapiro,48,Stacy Garrity,28,20,FALSE
7097efaf-3d5a-4c01-9aa2-f49c938f6801,02ebfab4-0052-4ce3-a097-ad8e8e65078b,PA,NA,NA,Governor,"Susquehanna Polling & Research, Inc.",NA,NA,lv,700,2026-03-18,2026-03-29,NA,general,https://x.com/SusquehannaPR/status/2039323234047340873,Josh Shapiro,58,Stacy Garrity,36,22,FALSE
605876ff-2942-4ecc-90a4-3c039d0b5cff,c47b301f-5c7d-4af9-860c-e879f3c950c8,PA,NA,NA,Governor,Bravo Group,PennLive,NA,lv,684,2026-05-20,2026-05-24,NA,general,https://www.pennlive.com/news/2026/06/pa-voters-more-dissatisfied-especially-with-trump-tariffs-jan-6-fund-morning-scrapple-poll.html,Josh Shapiro,53.38,Stacy Garrity,28.81,24.570000000000004,FALSE
588348cc-dde0-4938-bf24-c7c26c94e32e,ee237282-4a54-41fa-939a-7f2bd5bb85b5,PA,NA,NA,Governor,MAD Global Strategy,Natural Allies for a Clean Energy Future,NA,lv,600,2026-06-09,2026-06-11,NA,general,https://www.susqcoindy.com/news/whats-happening/natural-allies-conducts-poll-finds-voters-support-shapiro-s-all-of-the-above-energy-strategy/article_af2d4c99-34b4-47df-8d20-3ea98606d925.html,Josh Shapiro,48,Stacy Garrity,31,17,FALSE
3493eedc-8f8c-4f18-9857-cb66de51c272,1b8f2047-ac40-4c0c-bb52-17714be0d00c,PA,NA,NA,Governor,Franklin & Marshall College,NA,NA,rv,546,2026-06-08,2026-06-14,NA,general,https://www.fandmpoll.org/franklin-marshall-college-poll-release-june-2026/,Josh Shapiro,50,Stacy Garrity,28,22,FALSE
0b1dfde7-98e7-4239-a56d-7e74bb4bab3b,bff377a2-3829-4f03-8213-4aab0a5baa7f,PA,NA,NA,Governor,Bravo Group,PennLive,NA,lv,644,2026-06-18,2026-06-25,NA,general,https://bravogroup.us/morning-scrapple/,Josh Shapiro,53.67,Stacy Garrity,29.29,24.380000000000003,FALSE
099d533d-85c7-47ba-9591-108720a94320,22a47352-23be-4138-88e4-9e174af1eea8,PA,NA,NA,Governor,Quinnipiac University,NA,NA,rv,895,2026-07-09,2026-07-13,NA,general,https://poll.qu.edu/poll-release?releaseid=3962,Josh Shapiro,53,Stacy Garrity,40,13,FALSE
8ee3735d-1cfa-4939-a656-fa936aa7c3b2,eb95834c-c15d-43b6-965b-5ebe63307197,PA,NA,NA,Governor,Bravo Group,PennLive,NA,lv,630,2026-07-17,2026-07-24,NA,general,https://www.pennlive.com/politics/2026/07/trump-fetterman-in-trouble-with-pa-voters-morning-scrapple-poll.html,Josh Shapiro,53.38,Stacy Garrity,28.11,25.270000000000003,FALSE
fdb4d7a2-3a60-4f8b-9b05-9b965eea6715,296f0e4f-f67e-4944-8dee-a501fb6161e5,PA,NA,NA,Governor,The New York Times/Siena University,The Philadelphia Inquirer,NA,rv,760,2026-08-17,2026-08-21,NA,general,https://www.nytimes.com/interactive/2026/08/25/polls/times-inquirer-siena-pa-poll-lv-crosstabs.html,Josh Shapiro,54.37,Stacy Garrity,37.3,17.07,FALSE
fdb4d7a2-3a60-4f8b-9b05-9b965eea6715,d2107995-e497-4db3-9881-982320ba78a9,PA,NA,NA,Governor,The New York Times/Siena University,The Philadelphia Inquirer,NA,lv,760,2026-08-17,2026-08-21,NA,general,https://www.nytimes.com/interactive/2026/08/25/polls/times-inquirer-siena-pa-poll-lv-crosstabs.html,Josh Shapiro,54.75,Stacy Garrity,38.69,16.060000000000002,FALSE
f5ba3628-cb40-42c5-acaa-ccc4cb57b112,0a38f353-886a-4fa3-93de-4f6cb03c5625,PA,NA,NA,Governor,Bravo Group,PennLive,NA,lv,711,2026-08-18,2026-08-22,NA,general,https://www.pennlive.com/politics/2026/08/fettermans-problems-with-pa-democrats-just-keep-getting-worse-morning-scrapple-poll.html,Josh Shapiro,56.38,Stacy Garrity,25.19,31.19,FALSE
35528aa3-b4dc-4133-b23d-8bb941fa5a53,c1a87b10-b5d2-4d0c-8486-6cc81c258d63,PA,NA,NA,Governor,Franklin & Marshall College,NA,NA,rv,501,2026-08-17,2026-08-23,NA,general,https://www.fandmpoll.org/franklin-marshall-college-poll-release-august-2026/,Josh Shapiro,50,Stacy Garrity,25,25,FALSE
5e0ce830-1928-4c23-8e3b-1c25be303a9b,11a07663-86a8-4add-ad4e-375ecd165bb0,RI,NA,NA,Governor,Opinion Diagnostics,NA,IND,lv,802,2026-04-13,2026-04-16,NA,general,https://www.golocalprov.com/politics/new-poll-on-governors-race-turns-race-upside-down,Helena Foulkes,33,Aaron Guckian,16,17,TRUE
5e0ce830-1928-4c23-8e3b-1c25be303a9b,200d6b3b-c60b-406e-bb6b-19cf84c0f510,RI,NA,NA,Governor,Opinion Diagnostics,NA,IND,lv,802,2026-04-13,2026-04-16,NA,general,https://www.golocalprov.com/politics/new-poll-on-governors-race-turns-race-upside-down,Daniel McKee,28,Aaron Guckian,15,13,TRUE
95ceee0c-1156-4425-afbc-6aa1a3909a18,e3d0c6fc-0301-4faa-bda6-d09baf922ee8,RI,NA,NA,U.S. Senate,University of New Hampshire,NA,NA,lv,556,2026-04-16,2026-04-20,NA,general,https://scholars.unh.edu/survey_center_polls/946/,Jack Reed,52,Raymond McKay,34,18,FALSE
cf5aecb5-692a-45ad-a9b9-35d031ac5d91,9fc9dcf5-0266-4cf9-87bb-18bfe6c07b54,RI,NA,NA,Governor,Emerson College,WPRI-TV,NA,lv,1000,2026-05-14,2026-05-16,NA,general,https://emersoncollegepolling.com/rhode-island-2026-helena-foulkes-leads-incumbent-governor-mckee-in-democratic-primary/,Daniel McKee,32.6,Generic Republican,22.5,10.100000000000001,FALSE
cf5aecb5-692a-45ad-a9b9-35d031ac5d91,ff47c070-196e-43b4-936a-a1e2c6b93060,RI,NA,NA,Governor,Emerson College,WPRI-TV,NA,lv,1000,2026-05-14,2026-05-16,NA,general,https://emersoncollegepolling.com/rhode-island-2026-helena-foulkes-leads-incumbent-governor-mckee-in-democratic-primary/,Helena Foulkes,38.9,Generic Republican,20.8,18.099999999999998,FALSE
c901814f-4167-4e6e-b790-116ed4fe4878,e69e9982-bb40-4806-8b9a-7e3497a7c587,RI,NA,NA,U.S. Senate,University of New Hampshire,NA,NA,lv,627,2026-06-18,2026-06-23,NA,general,https://scholars.unh.edu/survey_center_polls/971/,Jack Reed,52,Raymond McKay,35,17,FALSE
c901814f-4167-4e6e-b790-116ed4fe4878,0099c854-913e-4e05-8109-d7d5720729e3,RI,NA,NA,Governor,University of New Hampshire,NA,NA,lv,630,2026-06-18,2026-06-23,NA,general,https://scholars.unh.edu/survey_center_polls/971/,Helena Foulkes,38,Generic Republican,22,16,FALSE
c901814f-4167-4e6e-b790-116ed4fe4878,c60fe52e-966c-441b-bcaf-1931b50e4076,RI,NA,NA,Governor,University of New Hampshire,NA,NA,lv,630,2026-06-18,2026-06-23,NA,general,https://scholars.unh.edu/survey_center_polls/971/,Daniel McKee,27,Generic Republican,23,4,FALSE
e33e6c08-b2e3-491e-8ad3-0d03d4d1719f,6e65c9d4-2901-40db-8259-a8893f95eada,RI,NA,NA,Governor,Emerson College,WPRI-TV,NA,lv,1000,2026-08-21,2026-08-22,NA,general,https://www.wpri.com/12-news-emerson-college-poll-results-august-2026/?ipid=promo-link-block1,Helena Foulkes,44.67,Generic Republican,18.26,26.41,FALSE
e33e6c08-b2e3-491e-8ad3-0d03d4d1719f,e494c6a5-d840-4faf-a708-10712aba19b4,RI,NA,NA,Governor,Emerson College,WPRI-TV,NA,lv,1000,2026-08-21,2026-08-22,NA,general,https://www.wpri.com/12-news-emerson-college-poll-results-august-2026/?ipid=promo-link-block1,Daniel McKee,35.87,Generic Republican,17.36,18.509999999999998,FALSE
69b3875a-e038-4992-ac06-58eed14e4864,dc39f705-3678-4fc2-97fa-fa8522c6fff5,RI,NA,NA,U.S. Senate,University of New Hampshire,NA,NA,lv,722,2026-08-20,2026-08-24,NA,general,https://scholars.unh.edu/survey_center_polls/990/,Jack Reed,51,Raymond McKay,31,20,FALSE
69b3875a-e038-4992-ac06-58eed14e4864,07302fee-0c78-4184-b71c-2c5b0a9e426b,RI,NA,NA,Governor,University of New Hampshire,NA,NA,lv,711,2026-08-20,2026-08-24,NA,general,https://scholars.unh.edu/survey_center_polls/990/,Daniel McKee,27,Aaron Guckian,17,10,FALSE
69b3875a-e038-4992-ac06-58eed14e4864,828d9612-5be7-45d9-b409-f084f4cda263,RI,NA,NA,Governor,University of New Hampshire,NA,NA,lv,715,2026-08-20,2026-08-24,NA,general,https://scholars.unh.edu/survey_center_polls/990/,Daniel McKee,26,Elaine Pelino,19,7,FALSE
69b3875a-e038-4992-ac06-58eed14e4864,b19a4f68-2e5a-4db6-a7b6-b0355ff24cbc,RI,NA,NA,Governor,University of New Hampshire,NA,NA,lv,739,2026-08-20,2026-08-24,NA,general,https://scholars.unh.edu/survey_center_polls/990/,Helena Foulkes,40,Aaron Guckian,15,25,FALSE
69b3875a-e038-4992-ac06-58eed14e4864,ba1c83ac-4abd-43b7-a915-41381c0ed476,RI,NA,NA,Governor,University of New Hampshire,NA,NA,lv,741,2026-08-20,2026-08-24,NA,general,https://scholars.unh.edu/survey_center_polls/990/,Helena Foulkes,42,Elaine Pelino,20,22,FALSE
5d4f7a59-62b2-47b4-bda1-7b6588322378,00c475d4-4ee9-447b-93be-4bc11bd9de17,SC,NA,NA,U.S. Senate,Public Policy Polling,314 Action,DEM,rv,704,2025-11-21,2025-11-22,NA,general,https://www.politico.com/newsletters/playbook/2025/12/11/how-trump-changes-the-world-00686274,Generic Democrat,39,Lindsey Graham,41,-2,TRUE
5d4f7a59-62b2-47b4-bda1-7b6588322378,3676d8d7-a554-45a5-a34d-877e35b08af1,SC,NA,NA,U.S. Senate,Public Policy Polling,314 Action,DEM,rv,704,2025-11-21,2025-11-22,NA,general,https://www.politico.com/newsletters/playbook/2025/12/11/how-trump-changes-the-world-00686274,Annie Andrews,36,Lindsey Graham,42,-6,TRUE
0fa96ba9-faec-4c39-8015-80b9565e6f66,4ef08d24-f3e1-42e3-969c-d7ba0f41eb2a,SC,NA,NA,U.S. Senate,Impact Research,NA,DEM,lv,700,2026-02-25,2026-03-01,NA,general,https://www.documentcloud.org/documents/27882119-sc-sen-impact-research-for-annie-andrews-march-2026/,Annie Andrews,42,Lindsey Graham,47,-5,TRUE
5f1537b6-b469-4c39-a43d-6d2f3119fc84,4d74c206-3ec2-463e-bdbe-30017cc64297,SC,NA,NA,U.S. Senate,Impact Research,NA,DEM,lv,700,2026-06-17,2026-06-22,NA,general,https://314action.org/2026/06/29/icymi-new-poll-puts-dr-annie-andrews-within-margin-of-error-of-lindsey-graham/,Annie Andrews,45,Lindsey Graham,48,-3,TRUE
f2d2c9b9-6a6f-41e9-827b-a6a3eb5456c0,1a9fb091-3b74-4e9d-a60c-472718248724,SC,NA,NA,U.S. Senate,Public Policy Polling,NA,DEM,rv,577,2026-07-16,2026-07-17,NA,general,https://www.instagram.com/p/DbGVaEmyFLs/?hl=en,Annie Andrews,42,John Warren,36,6,TRUE
f2d2c9b9-6a6f-41e9-827b-a6a3eb5456c0,290a7db0-013c-44d3-ae1e-d66283d99e1f,SC,NA,NA,U.S. Senate,Public Policy Polling,NA,DEM,rv,577,2026-07-16,2026-07-17,NA,general,https://www.instagram.com/p/DbGVaEmyFLs/?hl=en,Annie Andrews,41,Trey Gowdy,44,-3,TRUE
f2d2c9b9-6a6f-41e9-827b-a6a3eb5456c0,2b2a9529-d278-422d-96cb-8fd8b70c759e,SC,NA,NA,U.S. Senate,Public Policy Polling,NA,DEM,rv,577,2026-07-16,2026-07-17,NA,general,https://www.instagram.com/p/DbGVaEmyFLs/?hl=en,Annie Andrews,41,Mark Lynch,38,3,TRUE
f2d2c9b9-6a6f-41e9-827b-a6a3eb5456c0,50a6df5f-07f8-4c18-bdb5-9bcf1ff75d8e,SC,NA,NA,U.S. Senate,Public Policy Polling,NA,DEM,rv,577,2026-07-16,2026-07-17,NA,general,https://www.instagram.com/p/DbGVaEmyFLs/?hl=en,Annie Andrews,42,Russell Fry,39,3,TRUE
f2d2c9b9-6a6f-41e9-827b-a6a3eb5456c0,8b38c1f6-4b7f-4ed7-8490-a34c2b7035f3,SC,NA,NA,U.S. Senate,Public Policy Polling,NA,DEM,rv,577,2026-07-16,2026-07-17,NA,general,https://www.instagram.com/p/DbGVaEmyFLs/?hl=en,Annie Andrews,42,Pamela Evette,41,1,TRUE
f2d2c9b9-6a6f-41e9-827b-a6a3eb5456c0,ca46276f-571d-4e33-a82d-d0555d337ca6,SC,NA,NA,U.S. Senate,Public Policy Polling,NA,DEM,rv,577,2026-07-16,2026-07-17,NA,general,https://www.instagram.com/p/DbGVaEmyFLs/?hl=en,Annie Andrews,41,Mark Sanford,40,1,TRUE
f2d2c9b9-6a6f-41e9-827b-a6a3eb5456c0,d2e12701-b9a5-4188-9e7b-4b6944350b1e,SC,NA,NA,U.S. Senate,Public Policy Polling,NA,DEM,rv,577,2026-07-16,2026-07-17,NA,general,https://www.instagram.com/p/DbGVaEmyFLs/?hl=en,Annie Andrews,39,Generic Republican,47,-8,TRUE
f2d2c9b9-6a6f-41e9-827b-a6a3eb5456c0,ed52f49f-e93e-41ad-832d-65540d1a392b,SC,NA,NA,U.S. Senate,Public Policy Polling,NA,DEM,rv,577,2026-07-16,2026-07-17,NA,general,https://www.instagram.com/p/DbGVaEmyFLs/?hl=en,Annie Andrews,42,Nancy Mace,39,3,TRUE
f2d2c9b9-6a6f-41e9-827b-a6a3eb5456c0,ef0d9bc7-49f1-4db7-8695-4a84c5803086,SC,NA,NA,U.S. Senate,Public Policy Polling,NA,DEM,rv,577,2026-07-16,2026-07-17,NA,general,https://www.instagram.com/p/DbGVaEmyFLs/?hl=en,Annie Andrews,42,Ralph Norman,43,-1,TRUE
f2d2c9b9-6a6f-41e9-827b-a6a3eb5456c0,ee77663d-caa7-4926-9535-fb572c219d63,SC,NA,NA,Governor,Public Policy Polling,NA,DEM,rv,577,2026-07-16,2026-07-17,NA,general,https://www.instagram.com/p/DbGVaEmyFLs/?hl=en,Jermaine Johnson,37,Alan Wilson,45,-8,TRUE
7fcf792a-9dd5-4a48-b2da-fe1aecf7fa39,4b4164b4-2600-433b-bc27-95a3da1c10e0,SC,NA,NA,Governor,Hart Research Associates,NA,DEM,lv,600,2026-08-12,2026-08-15,NA,general,https://www.washingtonexaminer.com/news/campaigns/state/4702087/poll-south-carolina-governor-race-democrat-jermaine-johnson/,Jermaine Johnson,41,Alan Wilson,48,-7,TRUE
6ee4c6c7-2c69-480a-959d-384e29ee003e,49be2463-c286-4806-8596-2c12ca24f91c,SC,NA,NA,U.S. Senate,Impact Research,NA,DEM,lv,700,2026-08-18,2026-08-24,NA,general,https://drannieandrews.com/wp-content/uploads/2026/08/IMPACT-SC-SEN-POLL-MEMO-AUG-2026.pdf,Annie Andrews,41,Darline Graham,41,0,TRUE
0af6e60b-c4a3-497e-96ee-1e29515f6fca,497aaf71-3596-495d-8ec5-3f04456503c6,SC,NA,NA,U.S. Senate,Abacus Data,NA,NA,lv,306,2026-08-26,2026-08-28,NA,general,https://abacusdata.ca/the-trade-war-next-door-what-american-voters-think-about-tariffs-canada-and-the-battle-for-the-u-s-senate/,Annie Andrews,38,Darline Graham,51,-13,FALSE
0af6e60b-c4a3-497e-96ee-1e29515f6fca,d58ace3a-02a1-4a3f-a04e-7e44a41fd6b2,SC,NA,NA,U.S. Senate,Abacus Data,NA,NA,rv,500,2026-08-26,2026-08-28,NA,general,https://abacusdata.ca/the-trade-war-next-door-what-american-voters-think-about-tariffs-canada-and-the-battle-for-the-u-s-senate/,Annie Andrews,34,Darline Graham,34,0,FALSE
294639ed-4101-4a83-934e-ebd6036794d7,8cd0f698-49d6-411c-aafc-c417a1e211f0,SC,NA,NA,U.S. Senate,InsiderAdvantage,NA,NA,lv,1200,2026-09-08,2026-09-09,NA,general,https://insideradvantage.com/top-line-tabs-sc/,Annie Andrews,43.2,Darline Graham,45.1,-1.8999999999999986,FALSE
17580110-cf2c-4c74-91cb-86b18ae9f258,2e18a878-660e-4d24-920d-0e526a33be5a,SD,NA,NA,U.S. Senate,Public Policy Polling,NA,IND,rv,814,2025-11-13,2025-11-14,NA,general,https://hub.nationaljournal.com/trump-dusts-off-conspiracy-playbook,Julian Beaudion,30,Mike Rounds,52,-22,TRUE
b9e1ceba-6758-4b96-b726-3c084e115523,64b0245c-4004-4042-a42b-f9df1035d2ff,SD,NA,NA,U.S. Senate,Public Policy Polling,NA,IND,rv,685,2026-02-17,2026-02-18,NA,general,https://hub.nationaljournal.com/a-midterm-emergency?ecid=ACsprvu6bA8AsAXvrf0Vmi-32K_hjHCSumN0vz9t66Lia9K_O2FS-A_ILxCNQ4E6vpTsg39vkcc6&utm_campaign=36387909-%5BNJ%5D%202026%20Wake%20Up%20Call&utm_source=hs_email&utm_medium=email&utm_content=406051685&_hsenc=p2ANqtz--IelxAim4tn1q-6yORR1qEOC1f9HRaFC1aqF_J5xZRj8n9aQAGwnJCzCH0rPCyxwblmyq20-uX32G7X7psoG0a7zrwTovY1L1PZizG4voT4PX5w_w,Julian Beaudion,32,Mike Rounds,49,-17,TRUE
d67b23f2-1527-46ca-a7a0-952968287fc5,4b72d24b-64ea-46b8-99f5-96eed8ada09d,SD,NA,NA,U.S. Senate,Public Policy Polling,NA,IND,rv,726,2026-05-29,2026-05-30,NA,general,https://hub.nationaljournal.com/trump-dusts-off-conspiracy-playbook,Julian Beaudion,18,Mike Rounds,43,-25,TRUE
bb855818-f27e-4233-a7c8-c07064a7a665,95c8d4c0-9a0a-4136-b991-0b4c2306cbed,TN,NA,NA,Governor,Targoz Market Research,Beacon Center,NA,rv,1167,2025-07-27,2025-08-01,NA,general,https://www.beacontn.org/wp-content/uploads/2025/08/Ballot-Crosstabs-Party-Ideology-Region.pdf,Generic Democrat,30,John Rose,49,-19,FALSE
bb855818-f27e-4233-a7c8-c07064a7a665,9c4e5435-8ad5-416e-919f-08e66e84efc5,TN,NA,NA,Governor,Targoz Market Research,Beacon Center,NA,rv,1173,2025-07-27,2025-08-01,NA,general,https://www.beacontn.org/wp-content/uploads/2025/08/Ballot-Crosstabs-Party-Ideology-Region.pdf,Generic Democrat,32,Marsha Blackburn,51,-19,FALSE
d8edb13a-0c05-4787-8150-1def76f6708a,91a24d97-0e33-4b2e-acbd-ca7bd24fcc86,TN,NA,NA,Governor,Quantus Insights,NA,NA,rv,600,2025-08-05,2025-08-07,NA,general,https://drive.google.com/file/d/1e3buxlVGdwvx-2H11FwX9XI_y1EWvzu6/view,Jerri Green,28,Marsha Blackburn,49,-21,FALSE
d8edb13a-0c05-4787-8150-1def76f6708a,f2f60e11-14da-42da-be07-991c99dde92c,TN,NA,NA,Governor,Quantus Insights,NA,NA,rv,600,2025-08-05,2025-08-07,NA,general,https://drive.google.com/file/d/1e3buxlVGdwvx-2H11FwX9XI_y1EWvzu6/view,Jerri Green,27,John Rose,43,-16,FALSE
4dfe7012-62ea-4b36-9493-87337aa9aa46,1b1057d3-5b9e-4179-aa0b-6aa51702e7fe,TN,NA,NA,Governor,Targoz Market Research,Beacon Center,NA,rv,1157,2026-04-20,2026-04-27,NA,general,https://tennsight.com/wp-content/uploads/2026/05/Crosstabs-Party-Ideology-Region-5.pdf,Jerri Green,27,Marsha Blackburn,51,-24,FALSE
83074200-303b-4eb1-ae96-fa16b4cc5da1,7e58356a-9faa-46a9-9cfe-f834d3aecec1,TN,NA,NA,U.S. Senate,Targoz Market Research,Beacon Center,NA,lv,607,2026-08-15,2026-08-26,NA,general,https://tennsight.com/polls/august-2026/,Marquita Bradshaw,33,Bill Hagerty,58,-25,FALSE
83074200-303b-4eb1-ae96-fa16b4cc5da1,fad3e2cd-cc71-448c-9eea-35b0b3ed10c0,TN,NA,NA,U.S. Senate,Targoz Market Research,Beacon Center,NA,rv,1157,2026-08-15,2026-08-26,NA,general,https://tennsight.com/polls/august-2026/,Marquita Bradshaw,31,Bill Hagerty,51,-20,FALSE
83074200-303b-4eb1-ae96-fa16b4cc5da1,b341fca6-4b0a-445a-9721-2dcc3053c606,TN,NA,NA,Governor,Targoz Market Research,Beacon Center,NA,lv,601,2026-08-15,2026-08-26,NA,general,https://tennsight.com/polls/august-2026/,Jerri Green,34,Marsha Blackburn,55,-21,FALSE
83074200-303b-4eb1-ae96-fa16b4cc5da1,ec45f22f-3d1e-4fc0-9a1b-0c4d81a2d14f,TN,NA,NA,Governor,Targoz Market Research,Beacon Center,NA,rv,1149,2026-08-15,2026-08-26,NA,general,https://tennsight.com/polls/august-2026/,Jerri Green,33,Marsha Blackburn,46,-13,FALSE
86685846-3312-46a3-b60c-ad10e3055620,399dfd05-ba9a-43c1-9c95-937a2b24cb5d,TN,NA,NA,Governor,TargetSmart,The Progress Fund PAC,DEM,lv,600,2026-09-09,2026-09-12,NA,general,https://www.tnprogressfund.com/polling,Jerri Green,36,Marsha Blackburn,45,-9,TRUE
bf4bb7b9-306f-4620-9b2f-79743d75224a,461f60c1-4604-4e4b-8b62-16a41297240f,TX,NA,NA,U.S. Senate,Barbara Jordan Public Policy Research and Survey Center,NA,NA,rv,1200,2025-05-09,2025-05-19,NA,general,https://static1.squarespace.com/static/67aa7aa3e284b002cd6a420e/t/6835d0b18a1b152870969a2b/1748357299241/2026+TEXAS+U.S.+SENATE+REPORT+.pdf,Joaquin Castro,44,Ken Paxton,47,-3,FALSE
bf4bb7b9-306f-4620-9b2f-79743d75224a,473bd09a-c465-4fa3-873d-1b19edefb76b,TX,NA,NA,U.S. Senate,Barbara Jordan Public Policy Research and Survey Center,NA,NA,rv,1200,2025-05-09,2025-05-19,NA,general,https://static1.squarespace.com/static/67aa7aa3e284b002cd6a420e/t/6835d0b18a1b152870969a2b/1748357299241/2026+TEXAS+U.S.+SENATE+REPORT+.pdf,Beto O’Rourke,43,Wesley Hunt,49,-6,FALSE
bf4bb7b9-306f-4620-9b2f-79743d75224a,640432df-4d2b-489b-aaef-0c4a8c99f2dc,TX,NA,NA,U.S. Senate,Barbara Jordan Public Policy Research and Survey Center,NA,NA,rv,1200,2025-05-09,2025-05-19,NA,general,https://static1.squarespace.com/static/67aa7aa3e284b002cd6a420e/t/6835d0b18a1b152870969a2b/1748357299241/2026+TEXAS+U.S.+SENATE+REPORT+.pdf,Colin Allred,44,John Cornyn,48,-4,FALSE
bf4bb7b9-306f-4620-9b2f-79743d75224a,92194208-c15e-4c62-b79a-b516387f8191,TX,NA,NA,U.S. Senate,Barbara Jordan Public Policy Research and Survey Center,NA,NA,rv,1200,2025-05-09,2025-05-19,NA,general,https://static1.squarespace.com/static/67aa7aa3e284b002cd6a420e/t/6835d0b18a1b152870969a2b/1748357299241/2026+TEXAS+U.S.+SENATE+REPORT+.pdf,Beto O’Rourke,43,John Cornyn,49,-6,FALSE
bf4bb7b9-306f-4620-9b2f-79743d75224a,ace23cf4-8091-40b5-b724-c028f2abefa6,TX,NA,NA,U.S. Senate,Barbara Jordan Public Policy Research and Survey Center,NA,NA,rv,1200,2025-05-09,2025-05-19,NA,general,https://static1.squarespace.com/static/67aa7aa3e284b002cd6a420e/t/6835d0b18a1b152870969a2b/1748357299241/2026+TEXAS+U.S.+SENATE+REPORT+.pdf,Colin Allred,46,Ken Paxton,48,-2,FALSE
bf4bb7b9-306f-4620-9b2f-79743d75224a,b938f8d2-4e10-418f-aa10-660a98cbaed1,TX,NA,NA,U.S. Senate,Barbara Jordan Public Policy Research and Survey Center,NA,NA,rv,1200,2025-05-09,2025-05-19,NA,general,https://static1.squarespace.com/static/67aa7aa3e284b002cd6a420e/t/6835d0b18a1b152870969a2b/1748357299241/2026+TEXAS+U.S.+SENATE+REPORT+.pdf,Colin Allred,44,Wesley Hunt,47,-3,FALSE
bf4bb7b9-306f-4620-9b2f-79743d75224a,cc138998-049b-4be5-af84-492bc2a58ede,TX,NA,NA,U.S. Senate,Barbara Jordan Public Policy Research and Survey Center,NA,NA,rv,1200,2025-05-09,2025-05-19,NA,general,https://static1.squarespace.com/static/67aa7aa3e284b002cd6a420e/t/6835d0b18a1b152870969a2b/1748357299241/2026+TEXAS+U.S.+SENATE+REPORT+.pdf,Joaquin Castro,42,Wesley Hunt,48,-6,FALSE
bf4bb7b9-306f-4620-9b2f-79743d75224a,d6f90499-1052-4559-b7c9-25d9b484f496,TX,NA,NA,U.S. Senate,Barbara Jordan Public Policy Research and Survey Center,NA,NA,rv,1200,2025-05-09,2025-05-19,NA,general,https://static1.squarespace.com/static/67aa7aa3e284b002cd6a420e/t/6835d0b18a1b152870969a2b/1748357299241/2026+TEXAS+U.S.+SENATE+REPORT+.pdf,Joaquin Castro,41,John Cornyn,48,-7,FALSE
bf4bb7b9-306f-4620-9b2f-79743d75224a,f9f7d9c6-eca9-407e-a207-7e83115188a3,TX,NA,NA,U.S. Senate,Barbara Jordan Public Policy Research and Survey Center,NA,NA,rv,1200,2025-05-09,2025-05-19,NA,general,https://static1.squarespace.com/static/67aa7aa3e284b002cd6a420e/t/6835d0b18a1b152870969a2b/1748357299241/2026+TEXAS+U.S.+SENATE+REPORT+.pdf,Beto O’Rourke,45,Ken Paxton,49,-4,FALSE
1dbdb927-75ef-4490-b487-85e21083176c,4a5a0afa-c397-4ed5-bf6e-b47f6abf3ae9,TX,NA,NA,U.S. Senate,Emerson College,NA,NA,rv,1000,2025-08-11,2025-08-12,NA,general,https://emersoncollegepolling.com/texas-2026-poll-cornyn-and-paxton-in-dead-heat-for-gop-senate-nomination/,Colin Allred,40.6,Ken Paxton,45.9,-5.299999999999997,FALSE
1dbdb927-75ef-4490-b487-85e21083176c,738eead5-6f6a-4560-921a-2ede39792962,TX,NA,NA,U.S. Senate,Emerson College,NA,NA,rv,1000,2025-08-11,2025-08-12,NA,general,https://emersoncollegepolling.com/texas-2026-poll-cornyn-and-paxton-in-dead-heat-for-gop-senate-nomination/,Colin Allred,38.1,John Cornyn,45.2,-7.100000000000001,FALSE
fb657395-5eaa-4028-b455-db3b0bf35502,75fb2ed0-d604-4042-b8cd-fa595c8b2a63,TX,NA,NA,U.S. Senate,GBAO,NA,DEM,lv,800,2025-08-13,2025-08-18,NA,general,https://colinallred.com/wp-content/uploads/2025/08/Allred-for-Texas-State-of-the-Race-Memo-_-August-2025.pdf,Colin Allred,49,Ken Paxton,47,2,TRUE
006eec7f-5ceb-4b68-8c21-658e35d6bb9a,8371ba4e-f777-48e0-a65b-904ffc8ff19c,TX,NA,NA,U.S. Senate,Slingshot Strategies,Texas Public Opinion Research,NA,rv,843,2025-08-27,2025-08-29,NA,general,https://www.politico.com/f/?id=00000199-3cc6-dddb-a7d9-3fcfeeca0000&nname=playbook&nid=0000014f-1646-d88f-a1cf-5f46b7bd0000&nrid=4f4d3aeb-621a-47b9-a66d-d9944fed5257,Generic Democrat,43,Generic Republican,48,-5,FALSE
006eec7f-5ceb-4b68-8c21-658e35d6bb9a,ec20f9ed-7c4b-4bcf-b2e2-5ec1d629b70d,TX,NA,NA,Governor,Slingshot Strategies,Texas Public Opinion Research,NA,rv,843,2025-08-27,2025-08-29,NA,general,https://www.politico.com/f/?id=00000199-3cc6-dddb-a7d9-3fcfeeca0000&nname=playbook&nid=0000014f-1646-d88f-a1cf-5f46b7bd0000&nrid=4f4d3aeb-621a-47b9-a66d-d9944fed5257,Generic Democrat,43,Generic Republican,49,-6,FALSE
7484b844-89d5-44af-a1d8-cc79f3daf16d,2a205eab-56cd-43d9-946b-fc3d6c5c524a,TX,NA,NA,U.S. Senate,University of Texas at Tyler Center for Opinion Research,NA,NA,rv,1031,2025-09-17,2025-09-24,NA,general,https://www.uttyler.edu/academics/colleges-schools/arts-sciences/departments/political-science/files/topline-report-of-texas-voters-revised-september-2025.pdf,James Talarico,35,John Cornyn,41,-6,FALSE
7484b844-89d5-44af-a1d8-cc79f3daf16d,5fdb0571-c975-4561-8704-5ad408520141,TX,NA,NA,U.S. Senate,University of Texas at Tyler Center for Opinion Research,NA,NA,rv,1032,2025-09-17,2025-09-24,NA,general,https://www.uttyler.edu/academics/colleges-schools/arts-sciences/departments/political-science/files/topline-report-of-texas-voters-revised-september-2025.pdf,James Talarico,37,Ken Paxton,38,-1,FALSE
7484b844-89d5-44af-a1d8-cc79f3daf16d,7a600d12-b12d-4451-a435-37ef5b858e4f,TX,NA,NA,U.S. Senate,University of Texas at Tyler Center for Opinion Research,NA,NA,rv,1032,2025-09-17,2025-09-24,NA,general,https://www.uttyler.edu/academics/colleges-schools/arts-sciences/departments/political-science/files/topline-report-of-texas-voters-revised-september-2025.pdf,James Talarico,37,Wesley Hunt,36,1,FALSE
7484b844-89d5-44af-a1d8-cc79f3daf16d,81577fb9-ce5d-47eb-a3a4-4bf713e9e0ca,TX,NA,NA,U.S. Senate,University of Texas at Tyler Center for Opinion Research,NA,NA,rv,1032,2025-09-17,2025-09-24,NA,general,https://www.uttyler.edu/academics/colleges-schools/arts-sciences/departments/political-science/files/topline-report-of-texas-voters-revised-september-2025.pdf,Colin Allred,37,John Cornyn,43,-6,FALSE
7484b844-89d5-44af-a1d8-cc79f3daf16d,842aee41-c0f1-4bd9-8176-ecf37fb9d939,TX,NA,NA,U.S. Senate,University of Texas at Tyler Center for Opinion Research,NA,NA,rv,1032,2025-09-17,2025-09-24,NA,general,https://www.uttyler.edu/academics/colleges-schools/arts-sciences/departments/political-science/files/topline-report-of-texas-voters-revised-september-2025.pdf,Colin Allred,37,Wesley Hunt,38,-1,FALSE
7484b844-89d5-44af-a1d8-cc79f3daf16d,c00161e1-139c-44ae-afe5-055c59797a87,TX,NA,NA,U.S. Senate,University of Texas at Tyler Center for Opinion Research,NA,NA,rv,1031,2025-09-17,2025-09-24,NA,general,https://www.uttyler.edu/academics/colleges-schools/arts-sciences/departments/political-science/files/topline-report-of-texas-voters-revised-september-2025.pdf,Colin Allred,41,Ken Paxton,38,3,FALSE
1e338f1a-f895-4af7-b0c7-f24c8688daf9,53a30672-63b4-42ef-8b47-ada1096b373e,TX,NA,NA,U.S. Senate,University of Houston Hobby School of Public Affairs/Texas Southern University School of Public Affairs,NA,NA,lv,1183,2025-09-19,2025-10-01,NA,general,https://www.uh.edu/hobby/txtrends/2025/,Jasmine Crockett,44,John Cornyn,50,-6,FALSE
1e338f1a-f895-4af7-b0c7-f24c8688daf9,658d5037-df7c-4705-a9ce-6e67d5857028,TX,NA,NA,U.S. Senate,University of Houston Hobby School of Public Affairs/Texas Southern University School of Public Affairs,NA,NA,lv,1183,2025-09-19,2025-10-01,NA,general,https://www.uh.edu/hobby/txtrends/2025/,James Talarico,46,Ken Paxton,49,-3,FALSE
1e338f1a-f895-4af7-b0c7-f24c8688daf9,6b0251a7-d62f-41e0-b04b-f3385bad918c,TX,NA,NA,U.S. Senate,University of Houston Hobby School of Public Affairs/Texas Southern University School of Public Affairs,NA,NA,lv,1183,2025-09-19,2025-10-01,NA,general,https://www.uh.edu/hobby/txtrends/2025/,Jasmine Crockett,45,Wesley Hunt,50,-5,FALSE
1e338f1a-f895-4af7-b0c7-f24c8688daf9,6b6e8a41-88f8-4b82-bad0-c1024953eadc,TX,NA,NA,U.S. Senate,University of Houston Hobby School of Public Affairs/Texas Southern University School of Public Affairs,NA,NA,lv,1183,2025-09-19,2025-10-01,NA,general,https://www.uh.edu/hobby/txtrends/2025/,Colin Allred,45,Wesley Hunt,50,-5,FALSE
1e338f1a-f895-4af7-b0c7-f24c8688daf9,70435995-7864-4ad5-b34a-ec7876f14bfa,TX,NA,NA,U.S. Senate,University of Houston Hobby School of Public Affairs/Texas Southern University School of Public Affairs,NA,NA,lv,1183,2025-09-19,2025-10-01,NA,general,https://www.uh.edu/hobby/txtrends/2025/,Beto O’Rourke,47,Wesley Hunt,49,-2,FALSE
1e338f1a-f895-4af7-b0c7-f24c8688daf9,797ed361-5290-4a34-a87f-36b8e8d5a8c5,TX,NA,NA,U.S. Senate,University of Houston Hobby School of Public Affairs/Texas Southern University School of Public Affairs,NA,NA,lv,1183,2025-09-19,2025-10-01,NA,general,https://www.uh.edu/hobby/txtrends/2025/,Beto O’Rourke,46,John Cornyn,49,-3,FALSE
1e338f1a-f895-4af7-b0c7-f24c8688daf9,7a463add-a402-4851-ad46-b971b566aec8,TX,NA,NA,U.S. Senate,University of Houston Hobby School of Public Affairs/Texas Southern University School of Public Affairs,NA,NA,lv,1183,2025-09-19,2025-10-01,NA,general,https://www.uh.edu/hobby/txtrends/2025/,Colin Allred,47,Ken Paxton,48,-1,FALSE
1e338f1a-f895-4af7-b0c7-f24c8688daf9,819e3bed-41f0-4e0d-bb15-c0aed87ed156,TX,NA,NA,U.S. Senate,University of Houston Hobby School of Public Affairs/Texas Southern University School of Public Affairs,NA,NA,lv,1183,2025-09-19,2025-10-01,NA,general,https://www.uh.edu/hobby/txtrends/2025/,Colin Allred,46,John Cornyn,48,-2,FALSE
1e338f1a-f895-4af7-b0c7-f24c8688daf9,82d320a1-cfcf-46af-8cd8-9a95e1b87da9,TX,NA,NA,U.S. Senate,University of Houston Hobby School of Public Affairs/Texas Southern University School of Public Affairs,NA,NA,lv,1183,2025-09-19,2025-10-01,NA,general,https://www.uh.edu/hobby/txtrends/2025/,Jasmine Crockett,47,Ken Paxton,49,-2,FALSE
1e338f1a-f895-4af7-b0c7-f24c8688daf9,8de00787-6d9b-4a03-b9ee-c59bf4a6a673,TX,NA,NA,U.S. Senate,University of Houston Hobby School of Public Affairs/Texas Southern University School of Public Affairs,NA,NA,lv,1183,2025-09-19,2025-10-01,NA,general,https://www.uh.edu/hobby/txtrends/2025/,James Talarico,44,Wesley Hunt,50,-6,FALSE
1e338f1a-f895-4af7-b0c7-f24c8688daf9,9587915b-71cd-442a-9d99-8d61d7c9a55e,TX,NA,NA,U.S. Senate,University of Houston Hobby School of Public Affairs/Texas Southern University School of Public Affairs,NA,NA,lv,1183,2025-09-19,2025-10-01,NA,general,https://www.uh.edu/hobby/txtrends/2025/,James Talarico,45,John Cornyn,48,-3,FALSE
1e338f1a-f895-4af7-b0c7-f24c8688daf9,aa52cd1c-d726-4b14-9662-5ce5f4efd3e1,TX,NA,NA,U.S. Senate,University of Houston Hobby School of Public Affairs/Texas Southern University School of Public Affairs,NA,NA,lv,1183,2025-09-19,2025-10-01,NA,general,https://www.uh.edu/hobby/txtrends/2025/,Beto O’Rourke,46,Ken Paxton,49,-3,FALSE
cc49a439-c3ca-48d0-8e5b-3f0e3260575d,8b917437-8255-4538-953d-2e68e4abab8f,TX,NA,NA,U.S. Senate,Cygnal Political,Plymouth Union Public Advocacy,NA,lv,600,2025-10-05,2025-10-06,NA,general,https://pup-advocacy.com/news/polling-memo/extending-the-healthcare-premium-tax-credits-is-a-winning-opportunity-for-cornyn/,Generic Democrat,40,John Cornyn,47,-7,FALSE
f12f6ad1-a392-4605-af0d-978d301997d9,51ebcfa9-1127-4287-a278-7a99ef06848e,TX,NA,NA,U.S. Senate,Ragnar Research Partners,NA,NA,lv,1000,2025-11-12,2025-11-17,NA,general,https://www.politico.com/newsletters/playbook-pm/2025/11/19/parsing-trumps-ukraine-peace-plan-00659624,James Talarico,40,John Cornyn,46,-6,FALSE
f12f6ad1-a392-4605-af0d-978d301997d9,887e988c-ac86-4e78-9c22-2de41e27707b,TX,NA,NA,U.S. Senate,Ragnar Research Partners,NA,NA,lv,1000,2025-11-12,2025-11-17,NA,general,https://www.politico.com/newsletters/playbook-pm/2025/11/19/parsing-trumps-ukraine-peace-plan-00659624,James Talarico,44,Ken Paxton,44,0,FALSE
f12f6ad1-a392-4605-af0d-978d301997d9,b641a672-5f3b-42c4-a625-0648530e8d2b,TX,NA,NA,U.S. Senate,Ragnar Research Partners,NA,NA,lv,1000,2025-11-12,2025-11-17,NA,general,https://www.politico.com/newsletters/playbook-pm/2025/11/19/parsing-trumps-ukraine-peace-plan-00659624,Colin Allred,44,Ken Paxton,43,1,FALSE
f12f6ad1-a392-4605-af0d-978d301997d9,eb2116ee-6579-4736-bcc3-c2a37171c880,TX,NA,NA,U.S. Senate,Ragnar Research Partners,NA,NA,lv,1000,2025-11-12,2025-11-17,NA,general,https://www.politico.com/newsletters/playbook-pm/2025/11/19/parsing-trumps-ukraine-peace-plan-00659624,Colin Allred,40,John Cornyn,47,-7,FALSE
bfb57500-15ff-4484-8eb1-6fb058ea71d4,1855b60f-e05e-41a5-87aa-3a084f93091d,TX,NA,NA,U.S. Senate,Change Research,Agave Social Welfare Fund,DEM,rv,1189,2025-11-21,2025-11-26,NA,general,https://changeresearch.com/texas-senate-early-findings-2026/,Jasmine Crockett,41,John Cornyn,49,-8,TRUE
bfb57500-15ff-4484-8eb1-6fb058ea71d4,2fbad0ea-39eb-4fe0-9874-a9982be26344,TX,NA,NA,U.S. Senate,Change Research,Agave Social Welfare Fund,DEM,rv,1189,2025-11-21,2025-11-26,NA,general,https://changeresearch.com/texas-senate-early-findings-2026/,Jasmine Crockett,42,Ken Paxton,50,-8,TRUE
2ef0604a-7949-4374-8e47-a88e5e37df35,1a57973e-416c-4d64-9f37-327741662f07,TX,NA,NA,U.S. Senate,Emerson College,Nexstar,NA,rv,1165,2026-01-10,2026-01-12,NA,general,https://emersoncollegepolling.com/texas-2026-poll/,Jasmine Crockett,42.5,John Cornyn,48.2,-5.700000000000003,FALSE
2ef0604a-7949-4374-8e47-a88e5e37df35,5bcfa61d-3014-4135-8657-5c999208fdd0,TX,NA,NA,U.S. Senate,Emerson College,Nexstar,NA,rv,1165,2026-01-10,2026-01-12,NA,general,https://emersoncollegepolling.com/texas-2026-poll/,James Talarico,44.1,John Cornyn,46.9,-2.799999999999997,FALSE
2ef0604a-7949-4374-8e47-a88e5e37df35,5c096893-715b-48ad-9f66-f23c8ce6fc3f,TX,NA,NA,U.S. Senate,Emerson College,Nexstar,NA,rv,1165,2026-01-10,2026-01-12,NA,general,https://emersoncollegepolling.com/texas-2026-poll/,Jasmine Crockett,45.8,Ken Paxton,45.5,0.29999999999999716,FALSE
2ef0604a-7949-4374-8e47-a88e5e37df35,88f75bf3-bf5c-4ace-ae24-087cfe00fda8,TX,NA,NA,U.S. Senate,Emerson College,Nexstar,NA,rv,1165,2026-01-10,2026-01-12,NA,general,https://emersoncollegepolling.com/texas-2026-poll/,Jasmine Crockett,42.6,Wesley Hunt,48,-5.399999999999999,FALSE
2ef0604a-7949-4374-8e47-a88e5e37df35,a578e04a-0590-4909-9e89-1cc011f25002,TX,NA,NA,U.S. Senate,Emerson College,Nexstar,NA,rv,1165,2026-01-10,2026-01-12,NA,general,https://emersoncollegepolling.com/texas-2026-poll/,James Talarico,43.6,Wesley Hunt,47.1,-3.5,FALSE
2ef0604a-7949-4374-8e47-a88e5e37df35,ba8f2add-da8a-4ec5-b231-96aedf5a4d57,TX,NA,NA,U.S. Senate,Emerson College,Nexstar,NA,rv,1165,2026-01-10,2026-01-12,NA,general,https://emersoncollegepolling.com/texas-2026-poll/,James Talarico,45.6,Ken Paxton,45.6,0,FALSE
2ef0604a-7949-4374-8e47-a88e5e37df35,b7f41aae-b44b-4e37-a9df-f0fbc5a48763,TX,NA,NA,Governor,Emerson College,Nexstar,NA,rv,1165,2026-01-10,2026-01-12,NA,general,https://emersoncollegepolling.com/texas-2026-poll/,Gina Hinojosa,42.3,Greg Abbott,50.2,-7.900000000000006,FALSE
591bd54a-2b34-44c1-88c4-4b163fcdb749,332260aa-a730-4bda-9707-441647e1225f,TX,NA,NA,U.S. Senate,University of Houston Hobby School of Public Affairs,NA,NA,lv,1502,2026-01-20,2026-01-31,NA,general,https://www.uh.edu/hobby/primary2026/,James Talarico,44,Ken Paxton,46,-2,FALSE
591bd54a-2b34-44c1-88c4-4b163fcdb749,357e060a-2ddd-404b-b773-2cf0fc8ebba1,TX,NA,NA,U.S. Senate,University of Houston Hobby School of Public Affairs,NA,NA,lv,1502,2026-01-20,2026-01-31,NA,general,https://www.uh.edu/hobby/primary2026/,James Talarico,42,Wesley Hunt,46,-4,FALSE
591bd54a-2b34-44c1-88c4-4b163fcdb749,6370f64a-07e8-4ec4-9356-4b6addd2a27d,TX,NA,NA,U.S. Senate,University of Houston Hobby School of Public Affairs,NA,NA,lv,1502,2026-01-20,2026-01-31,NA,general,https://www.uh.edu/hobby/primary2026/,James Talarico,43,John Cornyn,44,-1,FALSE
591bd54a-2b34-44c1-88c4-4b163fcdb749,8011a8ab-f099-437e-ab91-69c01935aa54,TX,NA,NA,U.S. Senate,University of Houston Hobby School of Public Affairs,NA,NA,lv,1502,2026-01-20,2026-01-31,NA,general,https://www.uh.edu/hobby/primary2026/,Jasmine Crockett,43,John Cornyn,45,-2,FALSE
591bd54a-2b34-44c1-88c4-4b163fcdb749,a1b2fbca-f598-472e-989f-bc7e140651e8,TX,NA,NA,U.S. Senate,University of Houston Hobby School of Public Affairs,NA,NA,lv,1502,2026-01-20,2026-01-31,NA,general,https://www.uh.edu/hobby/primary2026/,Jasmine Crockett,43,Ken Paxton,45,-2,FALSE
591bd54a-2b34-44c1-88c4-4b163fcdb749,efe18f55-6d7d-47e1-af27-20c14eb53e63,TX,NA,NA,U.S. Senate,University of Houston Hobby School of Public Affairs,NA,NA,lv,1502,2026-01-20,2026-01-31,NA,general,https://www.uh.edu/hobby/primary2026/,Jasmine Crockett,43,Wesley Hunt,46,-3,FALSE
591bd54a-2b34-44c1-88c4-4b163fcdb749,7aaf189a-d565-4379-b0b2-06f18ef27606,TX,NA,NA,Governor,University of Houston Hobby School of Public Affairs,NA,NA,lv,1502,2026-01-20,2026-01-31,NA,general,https://www.uh.edu/hobby/primary2026/,Gina Hinojosa,42,Greg Abbott,49,-7,FALSE
0c4520d9-b63e-44e8-8964-5b39a8d26803,16e7dab9-1162-433e-88bd-fe9312d468ca,TX,NA,NA,Governor,GBAO,NA,DEM,lv,1000,2026-01-26,2026-02-03,NA,general,https://www.the-downballot.com/p/morning-digest-how-maine-democrats,Gina Hinojosa,43,Greg Abbott,46,-3,TRUE
cc6257b5-f146-47bd-b110-40923109c687,0ff17bba-cc7f-4c3c-b1f1-21747c4c3718,TX,NA,NA,U.S. Senate,Hart Research Associates,Forward Texas,DEM,lv,803,2026-02-06,2026-02-12,NA,general,https://www.politico.com/newsletters/playbook/2026/02/17/jesse-jackson-dies-at-84-00783455,Jasmine Crockett,49,Ken Paxton,45,4,TRUE
899ebae0-f0e3-4ae6-b7e0-a851b3fe79ca,4fd24e28-c4fb-4e6d-a163-766e409e25dd,TX,NA,NA,Governor,University of Texas at Tyler Center for Opinion Research,NA,NA,rv,1117,2026-02-13,2026-02-22,NA,general,https://www.uttyler.edu/academics/colleges-schools/arts-sciences/departments/political-science/files/ut-tyler-poll-cor-feb-2026-poll-final-topline-report.pdf,Chris Bell,39,Greg Abbott,51,-12,FALSE
899ebae0-f0e3-4ae6-b7e0-a851b3fe79ca,8bb76043-6904-4675-8dcd-0aee8f1822c7,TX,NA,NA,Governor,University of Texas at Tyler Center for Opinion Research,NA,NA,rv,1117,2026-02-13,2026-02-22,NA,general,https://www.uttyler.edu/academics/colleges-schools/arts-sciences/departments/political-science/files/ut-tyler-poll-cor-feb-2026-poll-final-topline-report.pdf,Gina Hinojosa,41,Greg Abbott,49,-8,FALSE
06254561-fc56-4369-84ba-5bd863ff145c,18611660-6aac-4eaf-bf6d-4d042d89e3d5,TX,NA,NA,U.S. Senate,Public Policy Polling,Senate Majority PAC,DEM,rv,576,2026-03-04,2026-03-05,NA,general,https://senatemajority.com/news/polling-talarico-leads-cornyn-and-paxton-in-texas-u-s-senate-matchups/,James Talarico,47,Ken Paxton,45,2,TRUE
06254561-fc56-4369-84ba-5bd863ff145c,ef33ad3c-c4c9-4e84-bc97-aa137020808b,TX,NA,NA,U.S. Senate,Public Policy Polling,Senate Majority PAC,DEM,rv,576,2026-03-04,2026-03-05,NA,general,https://senatemajority.com/news/polling-talarico-leads-cornyn-and-paxton-in-texas-u-s-senate-matchups/,James Talarico,44,John Cornyn,43,1,TRUE
9495e1a8-06aa-4f93-a43e-8fb527866254,2f4e9b0d-b699-436e-ab52-3895302f06c0,TX,NA,NA,U.S. Senate,Impact Research,NA,DEM,lv,900,2026-03-12,2026-03-17,NA,general,https://www.politico.com/newsletters/playbook/2026/03/20/buttigieg-is-running-all-over-the-place-00837326?nname=playbook&nid=0000014f-1646-d88f-a1cf-5f46b7bd0000&nrid=4d735b47-a8a7-41f4-9c35-277919f359ed,James Talarico,43,John Cornyn,41,2,TRUE
9495e1a8-06aa-4f93-a43e-8fb527866254,d53c1a49-b8d4-497e-a548-1b38cb563f8e,TX,NA,NA,U.S. Senate,Impact Research,NA,DEM,lv,900,2026-03-12,2026-03-17,NA,general,https://www.politico.com/newsletters/playbook/2026/03/20/buttigieg-is-running-all-over-the-place-00837326?nname=playbook&nid=0000014f-1646-d88f-a1cf-5f46b7bd0000&nrid=4d735b47-a8a7-41f4-9c35-277919f359ed,James Talarico,44,Ken Paxton,43,1,TRUE
8a818f07-3d18-4cc0-9d48-c37cf0ffe8f2,611f107a-307a-4ca4-b6cd-b15f5caa3ad6,TX,NA,NA,U.S. Senate,YouGov,University of Texas,NA,rv,1200,2026-04-10,2026-04-20,NA,general,https://texaspolitics.utexas.edu/blog/april-polling-war-and-surging-gas-prices-fuel-another-negative-turn-in-texans-views-of-the-economy-2,James Talarico,40,John Cornyn,33,7,FALSE
8a818f07-3d18-4cc0-9d48-c37cf0ffe8f2,e645dcc0-e686-48b9-b8f8-69a9e1108b89,TX,NA,NA,U.S. Senate,YouGov,University of Texas,NA,rv,1200,2026-04-10,2026-04-20,NA,general,https://texaspolitics.utexas.edu/blog/april-polling-war-and-surging-gas-prices-fuel-another-negative-turn-in-texans-views-of-the-economy-2,James Talarico,42,Ken Paxton,34,8,FALSE
8cd789de-bb0c-4c26-869c-bfec1f070b0e,dc3b104b-876d-4c8d-b696-b8721272c992,TX,NA,NA,U.S. Senate,Slingshot Strategies,Texas Public Opinion Research,NA,lv,1018,2026-04-17,2026-04-20,NA,general,https://www.texastribune.org/2026/04/28/texas-us-senate-poll-talarico-cornyn-paxton-2026-midterms/,James Talarico,46,Ken Paxton,41,5,FALSE
8cd789de-bb0c-4c26-869c-bfec1f070b0e,e3725f59-9fd2-4a32-8ea3-8f2fdc2df702,TX,NA,NA,U.S. Senate,Slingshot Strategies,Texas Public Opinion Research,NA,lv,1018,2026-04-17,2026-04-20,NA,general,https://www.texastribune.org/2026/04/28/texas-us-senate-poll-talarico-cornyn-paxton-2026-midterms/,James Talarico,44,John Cornyn,41,3,FALSE
8a818f07-3d18-4cc0-9d48-c37cf0ffe8f2,a300787f-8ded-4e0c-8149-d9050e306a2f,TX,NA,NA,Governor,YouGov,University of Texas,NA,rv,1200,2026-04-10,2026-04-20,NA,general,https://texaspolitics.utexas.edu/blog/april-polling-war-and-surging-gas-prices-fuel-another-negative-turn-in-texans-views-of-the-economy-2,Gina Hinojosa,38,Greg Abbott,44,-6,FALSE
8cd789de-bb0c-4c26-869c-bfec1f070b0e,ae0e61f7-918b-4ffd-95bb-bc3c0d23ae46,TX,NA,NA,Governor,Slingshot Strategies,Texas Public Opinion Research,NA,lv,1018,2026-04-17,2026-04-20,NA,general,https://www.texastribune.org/2026/04/28/texas-us-senate-poll-talarico-cornyn-paxton-2026-midterms/,Gina Hinojosa,43,Greg Abbott,48,-5,FALSE
a13a661b-89be-4d2b-a371-09edc4fc4ea4,07872fd5-420c-40e1-ac7e-374dcdbfd187,TX,NA,NA,U.S. Senate,Barbara Jordan Public Policy Research and Survey Center,NA,NA,lv,1223,2026-04-22,2026-05-06,NA,general,https://static1.squarespace.com/static/67aa7aa3e284b002cd6a420e/t/6a0addffcba58d0751053542/1779097087749/TSUTexasNov2026.pdf,James Talarico,45,Ken Paxton,45,0,FALSE
a13a661b-89be-4d2b-a371-09edc4fc4ea4,86d15af9-4b97-423a-bfcd-b80fbf57bd4e,TX,NA,NA,U.S. Senate,Barbara Jordan Public Policy Research and Survey Center,NA,NA,lv,1223,2026-04-22,2026-05-06,NA,general,https://static1.squarespace.com/static/67aa7aa3e284b002cd6a420e/t/6a0addffcba58d0751053542/1779097087749/TSUTexasNov2026.pdf,James Talarico,44,John Cornyn,45,-1,FALSE
a13a661b-89be-4d2b-a371-09edc4fc4ea4,adc98b7e-edc9-4b67-9560-fc8da22a7d50,TX,NA,NA,Governor,Barbara Jordan Public Policy Research and Survey Center,NA,NA,lv,1223,2026-04-22,2026-05-06,NA,general,https://static1.squarespace.com/static/67aa7aa3e284b002cd6a420e/t/6a0addffcba58d0751053542/1779097087749/TSUTexasNov2026.pdf,Gina Hinojosa,43,Greg Abbott,49,-6,FALSE
85cc4ac5-cb11-4b55-9888-56afabb87393,7622f5b4-e858-4f61-ab2d-8cafead8d670,TX,NA,NA,U.S. Senate,Public Policy Polling,Lone Star Rising PAC,DEM,rv,643,2026-05-22,2026-05-23,NA,general,https://www.politico.com/newsletters/playbook/2026/05/27/paxton-wins-talarico-spins-00937608,James Talarico,45,Ken Paxton,38,7,TRUE
85cc4ac5-cb11-4b55-9888-56afabb87393,36474cbd-81cf-43ab-ad5c-a839cd3fea81,TX,NA,NA,Governor,Public Policy Polling,Lone Star Rising PAC,DEM,rv,643,2026-05-22,2026-05-23,NA,general,https://www.politico.com/newsletters/playbook/2026/05/27/paxton-wins-talarico-spins-00937608,Gina Hinojosa,44,Greg Abbott,48,-4,TRUE
48331063-1d9a-4a55-a585-6981c1b38e81,ba371efa-361e-4b89-97c3-b35fd69d187c,TX,NA,NA,U.S. Senate,Slingshot Strategies,Texas Public Opinion Research,NA,lv,1670,2026-05-27,2026-05-28,NA,general,https://texaspublicopinionresearch.substack.com/p/new-poll-james-talarico-leads-ken,James Talarico,47,Ken Paxton,44,3,FALSE
48331063-1d9a-4a55-a585-6981c1b38e81,50bf941d-aa27-44cb-a5f4-48fba9f8adac,TX,NA,NA,Governor,Slingshot Strategies,Texas Public Opinion Research,NA,lv,1670,2026-05-27,2026-05-28,NA,general,https://texaspublicopinionresearch.substack.com/p/new-poll-james-talarico-leads-ken,Gina Hinojosa,41,Greg Abbott,46,-5,FALSE
060a5011-a4a0-4fb8-a2ec-a1d9e573ba7c,dfd33d43-c4ea-4e4e-b7ef-af7b30329f69,TX,NA,NA,U.S. Senate,Quantus Insights,NA,NA,lv,800,2026-06-03,2026-06-04,NA,general,https://quantusinsights.org/f/texas-republicans-lead-statewide-senate-race-starts-close,James Talarico,43,Ken Paxton,45,-2,FALSE
476ff6b9-434a-4db8-aca3-58fd8bc21cf2,6cb6d2af-deb5-4969-ba9a-b8941275dcca,TX,NA,NA,U.S. Senate,ReconMR/Siena Research Institute,Texas A&M Bush School,NA,lv,807,2026-06-01,2026-06-04,NA,general,https://reconmr.com/texas-pulse/,James Talarico,46,Ken Paxton,46,0,FALSE
060a5011-a4a0-4fb8-a2ec-a1d9e573ba7c,aae3fd3b-4395-429b-ad39-bee9519e445f,TX,NA,NA,Governor,Quantus Insights,NA,NA,lv,800,2026-06-03,2026-06-04,NA,general,https://quantusinsights.org/f/texas-republicans-lead-statewide-senate-race-starts-close,Gina Hinojosa,41,Greg Abbott,49,-8,FALSE
476ff6b9-434a-4db8-aca3-58fd8bc21cf2,6dc0d7c8-8120-45fe-b43a-45a549dbff0b,TX,NA,NA,Governor,ReconMR/Siena Research Institute,Texas A&M Bush School,NA,lv,807,2026-06-01,2026-06-04,NA,general,https://reconmr.com/texas-pulse/,Gina Hinojosa,43,Greg Abbott,49,-6,FALSE
b06f9f02-67f3-4c3c-8af6-993ed3085bc5,1c0678f8-87e3-4ae1-848d-4830b8889a4f,TX,NA,NA,U.S. Senate,YouGov,University of Texas,NA,rv,1200,2026-06-05,2026-06-12,NA,general,https://texaspolitics.utexas.edu/blog/june-poll-finds-a-competitive-u-s-senate-race-in-texas-amid-continuing-economic-concerns-data-center-backlash,James Talarico,42,Ken Paxton,43,-1,FALSE
b06f9f02-67f3-4c3c-8af6-993ed3085bc5,3494548b-d35b-4c8c-846b-99379d07b909,TX,NA,NA,Governor,YouGov,University of Texas,NA,rv,1200,2026-06-05,2026-06-12,NA,general,https://texaspolitics.utexas.edu/blog/june-poll-finds-a-competitive-u-s-senate-race-in-texas-amid-continuing-economic-concerns-data-center-backlash,Gina Hinojosa,40,Greg Abbott,47,-7,FALSE
bed33bca-5153-4b86-9bd7-fdc0ccc4232d,649bdef2-48c6-4398-9829-8c6861ac9a98,TX,NA,NA,U.S. Senate,SoCal Strategies,Red Eagle Politics,REP,lv,800,2026-06-21,2026-06-21,NA,general,https://socalstrategies.substack.com/p/ken-paxton-leads-narrow-texas-senate,James Talarico,47.05,Ken Paxton,48.53,-1.480000000000004,TRUE
bed33bca-5153-4b86-9bd7-fdc0ccc4232d,741f903c-298f-41c9-a40b-387c30151ac2,TX,NA,NA,Governor,SoCal Strategies,Red Eagle Politics,REP,lv,800,2026-06-21,2026-06-21,NA,general,https://socalstrategies.substack.com/p/ken-paxton-leads-narrow-texas-senate,Gina Hinojosa,42.21,Greg Abbott,53.89,-11.68,TRUE
851dac34-603d-4d28-b7d1-a611785efb38,8510691f-3686-4fb8-b15a-110b44277857,TX,NA,NA,U.S. Senate,The New York Times/Siena University,NA,NA,lv,656,2026-06-19,2026-06-27,NA,general,https://www.nytimes.com/2026/06/30/us/politics/texas-senate-poll-talarico-paxton.html,James Talarico,46.57,Ken Paxton,46.67,-0.10000000000000142,FALSE
851dac34-603d-4d28-b7d1-a611785efb38,29d81e2f-8ef6-4975-b058-c6e7615678a3,TX,NA,NA,Governor,The New York Times/Siena University,NA,NA,lv,656,2026-06-19,2026-06-27,NA,general,https://www.nytimes.com/2026/06/30/us/politics/texas-senate-poll-talarico-paxton.html,Gina Hinojosa,44.23,Greg Abbott,50.64,-6.410000000000004,FALSE
e0e5bf96-ed99-404c-ade3-b826c801da06,66971044-924e-48d2-a3a9-c655d050f6df,TX,NA,NA,U.S. Senate,A2 Insights,NA,NA,lv,618,2026-06-23,2026-06-28,NA,general,https://drive.google.com/file/d/16hlQhGNlhHYtjMQsng-0sU06UourCYhQ/view,James Talarico,48.4,Ken Paxton,46.1,2.299999999999997,FALSE
a1b9838a-d3b0-4c7e-b894-696ed9093c66,3baf33bb-fd69-4600-9af9-3c34bf9e838f,TX,NA,NA,U.S. Senate,Slingshot Strategies,Texas Public Opinion Research,NA,lv,1048,2026-07-15,2026-07-17,NA,general,https://texaspublicopinionresearch.substack.com/p/new-poll-james-talaricos-lead-over,James Talarico,45,Ken Paxton,40,5,FALSE
a1b9838a-d3b0-4c7e-b894-696ed9093c66,072f85fe-8292-4016-a7ee-a594b3c00b22,TX,NA,NA,Governor,Slingshot Strategies,Texas Public Opinion Research,NA,lv,1048,2026-07-15,2026-07-17,NA,general,https://texaspublicopinionresearch.substack.com/p/new-poll-james-talaricos-lead-over,Gina Hinojosa,42,Greg Abbott,45,-3,FALSE
81ef94e3-6198-4512-80ad-9b5d0dcbe729,7190ed30-61a5-4d1b-893b-ba9f131810ef,TX,NA,NA,U.S. Senate,Beacon Research/Shaw & Company Research,Fox News,NA,rv,1006,2026-07-23,2026-07-27,NA,general,https://www.foxnews.com/politics/fox-news-poll-gop-divisions-shape-texas-senate-race,James Talarico,51,Ken Paxton,48,3,FALSE
81ef94e3-6198-4512-80ad-9b5d0dcbe729,d4a21903-c483-4f14-a40e-1917a574a37d,TX,NA,NA,Governor,Beacon Research/Shaw & Company Research,Fox News,NA,rv,1006,2026-07-23,2026-07-27,NA,general,https://www.foxnews.com/politics/fox-news-poll-gop-divisions-shape-texas-senate-race,Gina Hinojosa,49,Greg Abbott,50,-1,FALSE
23e5be32-52cd-4ea7-8159-3f6ffa9c6211,57dd75bb-511d-46ce-965d-d672412a9e7c,TX,NA,NA,U.S. Senate,ReconMR/Siena Research Institute,Texas A&M Bush School,NA,lv,619,2026-07-27,2026-07-30,NA,general,https://reconmr.com/wp-content/uploads/2026/08/Texas-Pulse-August-Release-August-7-2026-Final.pdf,James Talarico,47,Ken Paxton,43,4,FALSE
c94b0e88-0eaa-435d-b5d3-4a3ba1cd3a3d,b31c282a-a1ab-431c-9b33-0b9675be4d59,TX,NA,NA,U.S. Senate,Barbara Jordan Public Policy Research and Survey Center,NA,NA,lv,1200,2026-07-27,2026-07-30,NA,general,https://static1.squarespace.com/static/67aa7aa3e284b002cd6a420e/t/6a713767d4ed824b91ea090d/1785804647961/Texas+Statewide+August2026.pdf,James Talarico,47,Ken Paxton,45,2,FALSE
23e5be32-52cd-4ea7-8159-3f6ffa9c6211,ebd1f9f3-b2fc-4efc-b54f-09d39b38e6d9,TX,NA,NA,Governor,ReconMR/Siena Research Institute,Texas A&M Bush School,NA,lv,619,2026-07-27,2026-07-30,NA,general,https://reconmr.com/wp-content/uploads/2026/08/Texas-Pulse-August-Release-August-7-2026-Final.pdf,Gina Hinojosa,45,Greg Abbott,46,-1,FALSE
c94b0e88-0eaa-435d-b5d3-4a3ba1cd3a3d,d365175b-9029-40ac-9740-7fc47486df2c,TX,NA,NA,Governor,Barbara Jordan Public Policy Research and Survey Center,NA,NA,lv,1200,2026-07-27,2026-07-30,NA,general,https://static1.squarespace.com/static/67aa7aa3e284b002cd6a420e/t/6a713767d4ed824b91ea090d/1785804647961/Texas+Statewide+August2026.pdf,Gina Hinojosa,43,Greg Abbott,49,-6,FALSE
6795e787-cb10-47c0-9972-cc29eea5d5be,9d9a705c-1878-4706-85df-a320e4da8723,TX,NA,NA,U.S. Senate,Wedgewood Polls,NA,NA,lv,800,2026-07-30,2026-07-31,NA,general,https://drive.google.com/file/d/1t2mC4MFActxiBdx4ef_5crisXjD9xH7a/view,James Talarico,48,Ken Paxton,46,2,FALSE
e762cbf7-47be-4be3-b167-5043db7d9ce5,b620420c-4745-4551-8efb-e2d3e161b450,TX,NA,NA,U.S. Senate,YouGov Blue,254 Labs,NA,lv,1001,2026-07-15,2026-07-31,NA,general,https://254labs.io/news/2026-07-txsen,James Talarico,48,Ken Paxton,45,3,FALSE
6795e787-cb10-47c0-9972-cc29eea5d5be,ff14dd8d-a948-42d8-9943-524ee9e1e19b,TX,NA,NA,Governor,Wedgewood Polls,NA,NA,lv,800,2026-07-30,2026-07-31,NA,general,https://drive.google.com/file/d/1t2mC4MFActxiBdx4ef_5crisXjD9xH7a/view,Gina Hinojosa,44,Greg Abbott,50,-6,FALSE
3118047c-7194-445e-a431-c713b2fb3388,b25c5854-5812-4ddd-9700-f66bcef089ee,TX,NA,NA,Governor,GBAO,NA,DEM,lv,1000,2026-08-04,2026-08-09,NA,general,https://x.com/XochitlHinojosa/status/2087874324963205404?s=20,Gina Hinojosa,48,Greg Abbott,49,-1,TRUE
1d65760e-e087-40ce-91fe-c1ddeade33d8,e6c4fc2e-2903-4c1c-a37f-105999e231e0,TX,NA,NA,U.S. Senate,Emerson College,Nexstar,NA,lv,1000,2026-08-09,2026-08-10,NA,general,https://emersoncollegepolling.com/texas-2026-poll-paxton-and-talarico/,James Talarico,46.25,Ken Paxton,47.25,-1,FALSE
1d65760e-e087-40ce-91fe-c1ddeade33d8,6536bbfc-1c51-4854-9ee1-f28c4068f0a2,TX,NA,NA,Governor,Emerson College,Nexstar,NA,lv,1000,2026-08-09,2026-08-10,NA,general,https://emersoncollegepolling.com/texas-2026-poll-paxton-and-talarico/,Gina Hinojosa,45,Greg Abbott,48.49,-3.490000000000002,FALSE
e6c33fe9-c763-4a06-bc90-89287bbbe49c,b995bc3b-ac97-4248-8ccb-13de5561ee02,TX,NA,NA,U.S. Senate,YouGov,University of Texas,NA,rv,1200,2026-08-05,2026-08-13,NA,general,https://texaspolitics.utexas.edu/blog/new-ut-texas-politics-project-poll-finds-talarico-leading-paxton-abbott-leading-hinojosa-continued-resistance-to-data-centers-2,James Talarico,42,Ken Paxton,39,3,FALSE
e6c33fe9-c763-4a06-bc90-89287bbbe49c,6a7e59ad-18b1-4cbf-871f-7ba43aeb4a67,TX,NA,NA,Governor,YouGov,University of Texas,NA,rv,1200,2026-08-05,2026-08-13,NA,general,https://texaspolitics.utexas.edu/blog/new-ut-texas-politics-project-poll-finds-talarico-leading-paxton-abbott-leading-hinojosa-continued-resistance-to-data-centers-2,Gina Hinojosa,40,Greg Abbott,45,-5,FALSE
5ae82615-d4be-4bb8-b5c8-741b8254ec11,19eafb34-41c3-47c6-b14d-9932ed38a499,TX,NA,NA,U.S. Senate,Slingshot Strategies,Texas Public Opinion Research,NA,lv,1000,2026-08-21,2026-08-24,NA,general,https://texaspublicopinionresearch.substack.com/p/new-poll-in-texas-general-election,James Talarico,48,Ken Paxton,42,6,FALSE
5ae82615-d4be-4bb8-b5c8-741b8254ec11,e7d92184-137c-482d-b490-98e61fb9cfa7,TX,NA,NA,Governor,Slingshot Strategies,Texas Public Opinion Research,NA,lv,1000,2026-08-21,2026-08-24,NA,general,https://texaspublicopinionresearch.substack.com/p/new-poll-in-texas-general-election,Gina Hinojosa,42,Greg Abbott,49,-7,FALSE
b7eb2254-ebd3-4fee-baf7-62027d626ee3,82518cbc-39e8-4476-87a6-a7ac9516dc4b,TX,NA,NA,U.S. Senate,Overton Insights,Texas Public Policy Foundation,NA,lv,1167,2026-08-24,2026-08-26,NA,general,https://overtoninsights.com/wp-content/uploads/2026/08/Overton_Insights_Texas_Public_Policy_Foundation_Toplines_and_Demographics-2.pdf,James Talarico,50,Ken Paxton,50,0,FALSE
b7eb2254-ebd3-4fee-baf7-62027d626ee3,f872871c-2579-4565-96c4-3dd5bfddfb5b,TX,NA,NA,Governor,Overton Insights,Texas Public Policy Foundation,NA,lv,1167,2026-08-24,2026-08-26,NA,general,https://overtoninsights.com/wp-content/uploads/2026/08/Overton_Insights_Texas_Public_Policy_Foundation_Toplines_and_Demographics-2.pdf,Gina Hinojosa,48.8,Greg Abbott,51.2,-2.4000000000000057,FALSE
14e0e85c-3aa1-40fb-8c39-241c3590230a,8f9d998d-e8ef-4540-a0cf-0e7ab07175df,TX,NA,NA,U.S. Senate,Fabrizio Ward/Impact Research,AARP,NA,lv,895,2026-08-30,2026-09-01,NA,general,https://www.aarp.org/press/releases/2026-09-10-new-aarp-texas-poll-highly-motivated-older-voters-could-shape-close-senate-governor-races/,James Talarico,48,Ken Paxton,44,4,FALSE
14e0e85c-3aa1-40fb-8c39-241c3590230a,485d9388-6386-4e9e-a93d-ef1c086a30ec,TX,NA,NA,Governor,Fabrizio Ward/Impact Research,AARP,NA,lv,895,2026-08-30,2026-09-01,NA,general,https://www.aarp.org/press/releases/2026-09-10-new-aarp-texas-poll-highly-motivated-older-voters-could-shape-close-senate-governor-races/,Gina Hinojosa,46,Greg Abbott,49,-3,FALSE
df1a17b8-a353-44d4-aa55-1ad16461c603,0057d4bd-38bf-4ad4-af48-4134fdda7806,TX,NA,NA,U.S. Senate,YouGov,Univision,NA,rv,1000,2026-08-27,2026-09-04,NA,general,https://www.univision.com/noticias/politica/poll-univision-texas-2026,James Talarico,48,Ken Paxton,43,5,FALSE
df1a17b8-a353-44d4-aa55-1ad16461c603,903121a2-7cad-4b34-949a-542f16ba62bf,TX,NA,NA,Governor,YouGov,Univision,NA,rv,1000,2026-08-27,2026-09-04,NA,general,https://www.univision.com/noticias/politica/poll-univision-texas-2026,Gina Hinojosa,47,Greg Abbott,47,0,FALSE
ecd22fdf-f847-4f56-bb4a-40e120ba4a81,93d73c56-f6fa-449a-80af-5e9887e9bc0d,TX,NA,NA,U.S. Senate,InsiderAdvantage,NA,NA,lv,1200,2026-09-08,2026-09-09,NA,general,https://insideradvantage.com/insideradvantage-u-s-senate-surveys-texas-talarico-47-paxton-46-south-carolina-graham-45-andrews-43-ohio-brown-47-husted-42/,James Talarico,47.1,Ken Paxton,45.6,1.5,FALSE
97830f95-88e5-4d39-817a-3345558ed38b,1ed3fc4c-efc1-425b-b240-a94506e38642,TX,NA,NA,U.S. Senate,"Mason-Dixon Polling & Research, Inc.",Telemundo,NA,lv,625,2026-09-08,2026-09-10,NA,general,https://s3.documentcloud.org/documents/28623723/tx926allvoterresults.pdf,James Talarico,46,Ken Paxton,43,3,FALSE
97830f95-88e5-4d39-817a-3345558ed38b,28eeb13b-efcc-42e0-abee-064f59f49f92,TX,NA,NA,Governor,"Mason-Dixon Polling & Research, Inc.",Telemundo,NA,lv,625,2026-09-08,2026-09-10,NA,general,https://s3.documentcloud.org/documents/28623723/tx926allvoterresults.pdf,Gina Hinojosa,41,Greg Abbott,48,-7,FALSE
a85e71a9-9e02-4087-bc15-c2d23c303ec1,707c0d83-bf47-485c-bc68-e37544f41f92,TX,NA,NA,U.S. Senate,ReconMR/Siena Research Institute,NA,NA,lv,614,2026-09-08,2026-09-11,NA,general,https://sri.siena.edu/2026/09/17/hinojosa-now-leads-abbott-by-4-points-talarico-widens-lead-to-6-points/,James Talarico,49,Ken Paxton,43,6,FALSE
a85e71a9-9e02-4087-bc15-c2d23c303ec1,0dd807ad-8946-4de9-8952-74a44a454da6,TX,NA,NA,Governor,ReconMR/Siena Research Institute,NA,NA,lv,614,2026-09-08,2026-09-11,NA,general,https://sri.siena.edu/2026/09/17/hinojosa-now-leads-abbott-by-4-points-talarico-widens-lead-to-6-points/,Gina Hinojosa,49,Greg Abbott,45,4,FALSE
a5670b0c-5134-48fc-a1e6-a6a6a23aa520,27299aa2-e55c-4b08-992c-f5a7e18675b5,TX,NA,NA,U.S. Senate,SoCal Strategies,NA,NA,lv,649,2026-09-12,2026-09-13,NA,general,https://socalstrategies.substack.com/p/new-socal-strategies-poll-james-talarico,James Talarico,50,Ken Paxton,45,5,FALSE
a5670b0c-5134-48fc-a1e6-a6a6a23aa520,4e180835-5df9-409c-a44b-2ad6f1ba683d,TX,NA,NA,Governor,SoCal Strategies,NA,NA,lv,649,2026-09-12,2026-09-13,NA,general,https://socalstrategies.substack.com/p/new-socal-strategies-poll-james-talarico,Gina Hinojosa,44,Greg Abbott,52,-8,FALSE
7ec5edfc-97ad-42b9-ac2f-275f6a91ea96,3ff35cd5-fd87-4fd7-ac0c-589c07cb92ce,TX,NA,NA,U.S. Senate,Emerson College,Nexstar,NA,lv,1000,2026-09-12,2026-09-14,NA,general,https://emersoncollegepolling.com/texas-2026-poll-talarico-and-paxton-in-dead-heat-abbott-maintains-edge/,James Talarico,47.35,Ken Paxton,46.35,1,FALSE
7ec5edfc-97ad-42b9-ac2f-275f6a91ea96,cd1c45c6-4148-45bc-a587-195eb59082e1,TX,NA,NA,Governor,Emerson College,Nexstar,NA,lv,1000,2026-09-12,2026-09-14,NA,general,https://emersoncollegepolling.com/texas-2026-poll-talarico-and-paxton-in-dead-heat-abbott-maintains-edge/,Gina Hinojosa,45.5,Greg Abbott,48.7,-3.200000000000003,FALSE
524cc84e-bfb8-5cb0-9f30-3e84b6ffc541,d984eab0-7c72-4bd2-9a05-82fd353d0e42,VA,NA,NA,U.S. Senate,Responsive Management,Virginia Commonwealth University,NA,a,806,2024-12-18,2025-01-15,NA,general,https://wilder.vcu.edu/news-and-events/news-posts/commonwealth-poll-virginians-overwhelmingly-concerned-about-cost-of-living.html,Mark Warner,45,Glenn Youngkin,38,7,FALSE
a2347bc3-cbf9-483a-9af1-cdb901440ffe,15d81ab3-bd5d-4526-a69f-aae0a9d7ee5d,VT,NA,NA,Governor,University of New Hampshire,NA,NA,lv,867,2026-06-18,2026-06-23,NA,general,https://scholars.unh.edu/survey_center_polls/970/,Aly Richards,25,Phil Scott,41,-16,FALSE
a2347bc3-cbf9-483a-9af1-cdb901440ffe,308b40a9-9e23-4626-ae78-cb399cd993bc,VT,NA,NA,Governor,University of New Hampshire,NA,NA,lv,867,2026-06-18,2026-06-23,NA,general,https://scholars.unh.edu/survey_center_polls/970/,Amanda Janoo,27,Phil Scott,42,-15,FALSE
6390a575-055a-4ac5-a568-71517869d2b6,cbc6f34c-040b-4b9e-914c-1e1ba0b8b9d3,VT,NA,NA,Governor,University of New Hampshire,NA,NA,lv,925,2026-07-15,2026-07-20,NA,general,https://scholars.unh.edu/survey_center_polls/982/,Aly Richards,35,Phil Scott,43,-8,FALSE
6390a575-055a-4ac5-a568-71517869d2b6,ee42eb5a-84c4-40bb-a4d2-d13e9f1c54c4,VT,NA,NA,Governor,University of New Hampshire,NA,NA,lv,925,2026-07-15,2026-07-20,NA,general,https://scholars.unh.edu/survey_center_polls/982/,Amanda Janoo,33,Phil Scott,44,-11,FALSE
d83adb65-e820-470a-9a3a-cb0da85ff9d0,a1f290fd-7308-4214-b135-76ee70e39d74,WI,NA,NA,Governor,Platform Communications,Badger Battleground Poll,NA,lv,500,2025-09-28,2025-09-30,NA,general,https://www.wkow.com/news/governor-race/poll-most-wisconsin-voters-undecided-in-governors-race/article_f64f9c58-b887-4820-9ce6-806d8294aa95.html,Generic Democrat,40,Generic Republican,43,-3,FALSE
4864dd42-02e5-409f-ba82-e027c93fd7e4,11ca90d7-a8d6-4b93-af85-b686ffa19b84,WI,NA,NA,Governor,Impact Research,The Long Run PAC,DEM,lv,500,2025-10-02,2025-10-08,NA,general,https://www.documentcloud.org/documents/26204970-wi-gov-impact-research-for-long-run-pac-oct-2025/,Mandela Barnes,51,Tim Michels,44,7,TRUE
4864dd42-02e5-409f-ba82-e027c93fd7e4,69bfd344-4736-42a3-af00-b8d930889bff,WI,NA,NA,Governor,Impact Research,The Long Run PAC,DEM,lv,500,2025-10-02,2025-10-08,NA,general,https://www.documentcloud.org/documents/26204970-wi-gov-impact-research-for-long-run-pac-oct-2025/,Mandela Barnes,50,Tom Tiffany,44,6,TRUE
180b1cfb-2e6d-4a7b-a5e6-8a2ada88e9aa,e6764cce-8353-4017-b6f0-74947df0a762,WI,NA,NA,Governor,Patriot Polling,NA,NA,lv,812,2026-03-10,2026-03-16,NA,general,https://drive.google.com/file/d/1RPTJ7lVbPnf35orAIGiwW9TRZthViZY5/view,Francesca Hong,42,Tom Tiffany,46,-4,FALSE
16873a4f-6f75-4558-a1c1-56bfd327c1fa,6277af63-cb8c-4d36-9b55-cb9f74572ebb,WI,NA,NA,Governor,TIPP Insights,League of American Workers,REP,lv,1168,2026-03-13,2026-03-19,NA,general,https://tippinsights.com/league-of-american-workers-survey-wisconsin-3/#google_vignette,Francesca Hong,40.28,Tom Tiffany,42.69,-2.4099999999999966,TRUE
16873a4f-6f75-4558-a1c1-56bfd327c1fa,8031c553-4329-4c79-8e41-ebb4bbe8a434,WI,NA,NA,Governor,TIPP Insights,League of American Workers,REP,rv,1495,2026-03-13,2026-03-19,NA,general,https://tippinsights.com/league-of-american-workers-survey-wisconsin-3/#google_vignette,Mandela Barnes,39.62,Tom Tiffany,38.1,1.519999999999996,TRUE
16873a4f-6f75-4558-a1c1-56bfd327c1fa,a98ba750-dc8c-40a8-a3f9-836d65af50ef,WI,NA,NA,Governor,TIPP Insights,League of American Workers,REP,lv,1168,2026-03-13,2026-03-19,NA,general,https://tippinsights.com/league-of-american-workers-survey-wisconsin-3/#google_vignette,Sara Rodriguez,43.82,Tom Tiffany,41.25,2.5700000000000003,TRUE
16873a4f-6f75-4558-a1c1-56bfd327c1fa,b41a84f1-2db9-4f85-a7c1-c13ed716eb68,WI,NA,NA,Governor,TIPP Insights,League of American Workers,REP,rv,1495,2026-03-13,2026-03-19,NA,general,https://tippinsights.com/league-of-american-workers-survey-wisconsin-3/#google_vignette,Sara Rodriguez,40.1,Tom Tiffany,39.29,0.8100000000000023,TRUE
16873a4f-6f75-4558-a1c1-56bfd327c1fa,c7b94b4d-681d-4e5f-b02c-35ac82533649,WI,NA,NA,Governor,TIPP Insights,League of American Workers,REP,rv,1495,2026-03-13,2026-03-19,NA,general,https://tippinsights.com/league-of-american-workers-survey-wisconsin-3/#google_vignette,Francesca Hong,36.55,Tom Tiffany,40.36,-3.8100000000000023,TRUE
16873a4f-6f75-4558-a1c1-56bfd327c1fa,e004f990-c89d-46e0-80eb-9e23e44ba126,WI,NA,NA,Governor,TIPP Insights,League of American Workers,REP,lv,1168,2026-03-13,2026-03-19,NA,general,https://tippinsights.com/league-of-american-workers-survey-wisconsin-3/#google_vignette,Mandela Barnes,42.99,Tom Tiffany,40.72,2.270000000000003,TRUE
16873a4f-6f75-4558-a1c1-56bfd327c1fa,e6b7e910-d307-4a3d-a52a-cf9043aa2823,WI,NA,NA,Governor,TIPP Insights,League of American Workers,REP,lv,1168,2026-03-13,2026-03-19,NA,general,https://tippinsights.com/league-of-american-workers-survey-wisconsin-3/#google_vignette,David Crowley,42.34,Tom Tiffany,40.84,1.5,TRUE
16873a4f-6f75-4558-a1c1-56bfd327c1fa,f4ec5388-d29b-4de3-86ef-7c559487e5cb,WI,NA,NA,Governor,TIPP Insights,League of American Workers,REP,rv,1495,2026-03-13,2026-03-19,NA,general,https://tippinsights.com/league-of-american-workers-survey-wisconsin-3/#google_vignette,David Crowley,39.28,Tom Tiffany,38.16,1.1200000000000045,TRUE
628d24b3-0561-4d5b-9b45-d9b8b4dde2af,280511e9-2904-4776-b494-75376e0e6fef,WI,NA,NA,Governor,RMG Research,Napolitan News Service,NA,rv,800,2026-04-10,2026-04-14,NA,general,https://napolitannews.org/posts/democrats-up-7-on-generic-governors-ballot-amid-inflation-concerns,Generic Democrat,50,Generic Republican,43,7,FALSE
533478ac-e858-40f8-b829-74bd62922419,7e37be9b-8809-4005-8cdd-e67dd28987dd,WI,NA,NA,Governor,Wedgewood Polls,The Isthmus Political Report,NA,lv,707,2026-07-02,2026-07-04,NA,general,https://drive.google.com/file/d/1Sh_1fPXoKqGRpotw0cbxfwP5QygpqxjJ/view,Sara Rodriguez,47,Tom Tiffany,42,5,FALSE
533478ac-e858-40f8-b829-74bd62922419,ba8f9540-b495-46cc-a4a5-e5644dcc6bb1,WI,NA,NA,Governor,Wedgewood Polls,The Isthmus Political Report,NA,lv,707,2026-07-02,2026-07-04,NA,general,https://drive.google.com/file/d/1Sh_1fPXoKqGRpotw0cbxfwP5QygpqxjJ/view,Francesca Hong,47,Tom Tiffany,44,3,FALSE
533478ac-e858-40f8-b829-74bd62922419,e3125e04-a80d-46b3-940c-84302290dcff,WI,NA,NA,Governor,Wedgewood Polls,The Isthmus Political Report,NA,lv,707,2026-07-02,2026-07-04,NA,general,https://drive.google.com/file/d/1Sh_1fPXoKqGRpotw0cbxfwP5QygpqxjJ/view,Mandela Barnes,48,Tom Tiffany,44,4,FALSE
a7880449-eea7-4f11-a8da-8bd65b506835,02338ddb-3a29-46d7-a53e-dd25e44cef65,WI,NA,NA,Governor,Marquette University Law School,NA,NA,lv,695,2026-07-08,2026-07-16,NA,general,https://law.marquette.edu/poll/2026/07/22/detailed-results-of-the-marquette-law-school-wisconsin-poll-july-8-16-2026/,Sara Rodriguez,47,Tom Tiffany,43,4,FALSE
a7880449-eea7-4f11-a8da-8bd65b506835,08a0ccf6-a413-4834-bef0-5011b4321436,WI,NA,NA,Governor,Marquette University Law School,NA,NA,lv,695,2026-07-08,2026-07-16,NA,general,https://law.marquette.edu/poll/2026/07/22/detailed-results-of-the-marquette-law-school-wisconsin-poll-july-8-16-2026/,Joel Brennan,43,Tom Tiffany,44,-1,FALSE
a7880449-eea7-4f11-a8da-8bd65b506835,09d8ef6e-89a1-42e1-8dde-579ba283ba45,WI,NA,NA,Governor,Marquette University Law School,NA,NA,rv,838,2026-07-08,2026-07-16,NA,general,https://law.marquette.edu/poll/2026/07/22/detailed-results-of-the-marquette-law-school-wisconsin-poll-july-8-16-2026/,Mandela Barnes,44,Tom Tiffany,40,4,FALSE
a7880449-eea7-4f11-a8da-8bd65b506835,46719528-7d9f-49f9-9f1e-d5319c32b354,WI,NA,NA,Governor,Marquette University Law School,NA,NA,rv,838,2026-07-08,2026-07-16,NA,general,https://law.marquette.edu/poll/2026/07/22/detailed-results-of-the-marquette-law-school-wisconsin-poll-july-8-16-2026/,Kelda Roys,38,Tom Tiffany,42,-4,FALSE
a7880449-eea7-4f11-a8da-8bd65b506835,6c44f12d-ffc0-4604-964e-83f3e9cc7bfa,WI,NA,NA,Governor,Marquette University Law School,NA,NA,rv,838,2026-07-08,2026-07-16,NA,general,https://law.marquette.edu/poll/2026/07/22/detailed-results-of-the-marquette-law-school-wisconsin-poll-july-8-16-2026/,Francesca Hong,40,Tom Tiffany,43,-3,FALSE
a7880449-eea7-4f11-a8da-8bd65b506835,95d57519-1202-4187-8a46-f487ae492353,WI,NA,NA,Governor,Marquette University Law School,NA,NA,rv,838,2026-07-08,2026-07-16,NA,general,https://law.marquette.edu/poll/2026/07/22/detailed-results-of-the-marquette-law-school-wisconsin-poll-july-8-16-2026/,Sara Rodriguez,42,Tom Tiffany,41,1,FALSE
a7880449-eea7-4f11-a8da-8bd65b506835,b0e01453-4dd4-48a5-8c4b-56bfd3641306,WI,NA,NA,Governor,Marquette University Law School,NA,NA,lv,695,2026-07-08,2026-07-16,NA,general,https://law.marquette.edu/poll/2026/07/22/detailed-results-of-the-marquette-law-school-wisconsin-poll-july-8-16-2026/,Kelda Roys,42,Tom Tiffany,44,-2,FALSE
a7880449-eea7-4f11-a8da-8bd65b506835,be8aa197-3269-42d1-9f5d-6ce5e2ff38a1,WI,NA,NA,Governor,Marquette University Law School,NA,NA,rv,838,2026-07-08,2026-07-16,NA,general,https://law.marquette.edu/poll/2026/07/22/detailed-results-of-the-marquette-law-school-wisconsin-poll-july-8-16-2026/,Joel Brennan,39,Tom Tiffany,42,-3,FALSE
a7880449-eea7-4f11-a8da-8bd65b506835,c7cae82c-ae08-4e80-ac67-a8492a50f662,WI,NA,NA,Governor,Marquette University Law School,NA,NA,lv,695,2026-07-08,2026-07-16,NA,general,https://law.marquette.edu/poll/2026/07/22/detailed-results-of-the-marquette-law-school-wisconsin-poll-july-8-16-2026/,Mandela Barnes,47,Tom Tiffany,42,5,FALSE
a7880449-eea7-4f11-a8da-8bd65b506835,e354d536-cf53-44ef-8c17-699776193c33,WI,NA,NA,Governor,Marquette University Law School,NA,NA,lv,695,2026-07-08,2026-07-16,NA,general,https://law.marquette.edu/poll/2026/07/22/detailed-results-of-the-marquette-law-school-wisconsin-poll-july-8-16-2026/,Francesca Hong,44,Tom Tiffany,44,0,FALSE
e2832a7e-2b3e-43f0-ac53-be088d5c75d0,2f42a9e4-e051-4ba5-bfee-91a3bd5fef4c,WI,NA,NA,Governor,RMG Research,Institute for Reforming Government | Napolitan News Service,NA,rv,800,2026-07-20,2026-07-24,NA,general,https://reforminggovernment.org/irg-poll-inflation-still-rules-free-markets-still-win-race-still-open/,David Crowley,46,Tom Tiffany,43,3,FALSE
e2832a7e-2b3e-43f0-ac53-be088d5c75d0,310cdd85-4b4e-4940-b658-4b63f10f4a3c,WI,NA,NA,Governor,RMG Research,Institute for Reforming Government | Napolitan News Service,NA,rv,800,2026-07-20,2026-07-24,NA,general,https://reforminggovernment.org/irg-poll-inflation-still-rules-free-markets-still-win-race-still-open/,Generic Democrat,51,Generic Republican,45,6,FALSE
e2832a7e-2b3e-43f0-ac53-be088d5c75d0,5b0f2f78-9b34-4805-a264-90ec0bc5626e,WI,NA,NA,Governor,RMG Research,Institute for Reforming Government | Napolitan News Service,NA,rv,800,2026-07-20,2026-07-24,NA,general,https://reforminggovernment.org/irg-poll-inflation-still-rules-free-markets-still-win-race-still-open/,Mandela Barnes,47,Tom Tiffany,42,5,FALSE
e2832a7e-2b3e-43f0-ac53-be088d5c75d0,a7fbc03c-eb44-41a0-8b48-94ea7da1a7fb,WI,NA,NA,Governor,RMG Research,Institute for Reforming Government | Napolitan News Service,NA,rv,800,2026-07-20,2026-07-24,NA,general,https://reforminggovernment.org/irg-poll-inflation-still-rules-free-markets-still-win-race-still-open/,Francesca Hong,44,Tom Tiffany,43,1,FALSE
cf996796-96be-4ed6-af04-e226bd3559f2,221e918f-2740-46da-a0ac-e331c4d26c86,WI,NA,NA,Governor,GBAO,Protect Our Wisconsin,DEM,lv,800,2026-07-30,2026-08-03,NA,general,https://www.politico.com/newsletters/playbook-pm/2026/08/12/trumps-cost-of-living-crunch-01035189?nname=playbook-pm&nid=0000015a-dd3e-d536-a37b-dd7fd8af0000&nrid=4d735b47-a8a7-41f4-9c35-277919f359ed,David Crowley,47,Tom Tiffany,44,3,TRUE
df34d657-1afc-47f4-af28-674d6d226acd,ea32dcd1-d772-4e5a-bad6-4b34b131fce1,WI,NA,NA,Governor,Platform Communications,Badger Battleground Poll,NA,lv,500,2026-08-12,2026-08-13,NA,general,https://www.wpr.org/news/crowley-leading-tiffany-four-points-new-poll,David Crowley,48,Tom Tiffany,44,4,FALSE
5ba9f151-b90c-41de-8515-bd780c67133e,01d8e83a-57dd-45d3-b516-6e954f708905,WI,NA,NA,Governor,TIPP Insights,League of American Workers,REP,lv,1187,2026-08-14,2026-08-18,NA,general,https://tippinsights.com/league-of-american-workers-survey-wisconsin-4/,David Crowley,46.74,Tom Tiffany,43.39,3.3500000000000014,TRUE
5ba9f151-b90c-41de-8515-bd780c67133e,28f09cab-9a9e-4a77-a612-92a480a28cbb,WI,NA,NA,Governor,TIPP Insights,League of American Workers,REP,rv,1434,2026-08-14,2026-08-18,NA,general,https://tippinsights.com/league-of-american-workers-survey-wisconsin-4/,David Crowley,43.24,Tom Tiffany,41.21,2.030000000000001,TRUE
01ba47ab-e8e0-44df-a8b2-4951651bf80a,1284d87f-7b41-475c-b765-d91c78d406c0,WI,NA,NA,Governor,Marquette University Law School,NA,NA,lv,738,2026-08-12,2026-08-20,NA,general,https://law.marquette.edu/poll/2026/08/26/detailed-results-of-the-marquette-law-school-wisconsin-poll-august-12-20-2026/,David Crowley,49,Tom Tiffany,44,5,FALSE
01ba47ab-e8e0-44df-a8b2-4951651bf80a,3f600630-bd9f-45be-a7de-680a5e660c47,WI,NA,NA,Governor,Marquette University Law School,NA,NA,rv,891,2026-08-12,2026-08-20,NA,general,https://law.marquette.edu/poll/2026/08/26/detailed-results-of-the-marquette-law-school-wisconsin-poll-august-12-20-2026/,David Crowley,44,Tom Tiffany,44,0,FALSE
