poll_id,question_id,state,seat_number,seat_name,office_type,pollster,sponsors,partisan,population,sample_size,start_date,end_date,hypothetical,stage,url,dem_candidate,dem_pct,rep_candidate,rep_pct,net_dem,is_partisan
1cb7cec3-d3fa-4974-9c0d-32629c10d681,39a3244f-4480-42ef-9946-47690c3aa794,AK,1,First Congressional District,U.S. House,Data for Progress,NA,NA,lv,1008,2025-02-28,2025-03-07,NA,general,https://www.dataforprogress.org/memos/2025/3/13/oil-taxes-rural-subsistence-public-school-funding-these-are-a-few-of-alaska-voters-favorite-things,Mary Peltola,46,Nick Begich,46,0,FALSE
20ef28e6-5dec-48e3-8573-f26aaf7b91c1,b5405480-f234-420a-9fff-18b4e03da53e,AK,1,First Congressional District,U.S. House,Data for Progress,NA,NA,lv,678,2025-07-21,2025-07-27,NA,general,https://www.dataforprogress.org/blog/2025/8/8/mary-peltola-would-be-front-runner-for-alaska-governor,Generic Democrat,38,Generic Republican,48,-10,FALSE
2abdc064-3a16-4478-a841-23467c99f334,5bf2d7ff-4ed5-4d40-808a-e493cd34de04,AK,1,First Congressional District,U.S. House,Data for Progress,NA,NA,lv,823,2025-10-17,2025-10-23,NA,general,https://www.dataforprogress.org/blog/2025/10/31/in-the-midst-of-a-health-care-and-affordability-crisis-in-alaska-peltola-and-begich-lead-their-races,Matt Schultz,37,Nick Begich,48,-11,FALSE
9cb6e02e-12c1-4147-b7a0-1f4dbd94529e,790c5fb9-9aa6-4c80-870f-a36de662e58d,AK,1,First Congressional District,U.S. House,Public Policy Polling,NA,IND,lv,600,2026-02-11,2026-02-12,NA,general,https://hub.nationaljournal.com/new-maps-for-new-york-1?ecid=ACsprvtXCGX_y5aGgL4GVYyMV9Pj7_5mYOX-Ecv59TfcWhUAkRfvxk8ydNp1f2W6B11HWiXOKD8M&utm_campaign=36387909-%5BNJ%5D%202026%20Wake%20Up%20Call&utm_medium=email&_hsenc=p2ANqtz--ypdqFzjt6YlQeSvcQ2L6ur-f3dfrpC3LBhtrLZ4qbOePmR8uo6p_Cyj44MVGYrw4Q0nK8jceKiqibg_VZpQlb2qLJhFLgjXeX0K4fwp0NAbfnvxU&_hsmi=404722735&utm_content=404722735&utm_source=hs_email,Matt Schultz,39,Nick Begich,46,-7,TRUE
edef3b32-7941-4cf6-9094-3096d38ad838,b7943b01-2d99-422f-b1f8-938878e6bfce,AK,1,First Congressional District,U.S. House,Change Research,Independent Candidates Action,IND,lv,624,2026-03-17,2026-03-20,NA,general,https://www.independentaction.org/news/revhhcbrfzodrm3lh38l9axg2de96b,Matt Schultz,17.38,Nick Begich,44.78,-27.400000000000002,TRUE
b613d76c-3e02-43de-aa2a-d6323fbd68fe,fb046050-b1a7-4ffb-b876-ddf52e3c894a,AK,1,First Congressional District,U.S. House,Alaska Survey Research,NA,NA,lv,1923,2026-04-16,2026-04-19,NA,primary,https://alaskasurveyresearch.com/peltola-vs-sullivan-april-2026/,Matt Schultz,28.9,Nick Begich,46,-17.1,FALSE
24511bba-225f-4c6f-91fc-a51dcc039b64,5cf95b15-b16c-4165-a9ab-f4a0a99d2cbb,AK,1,First Congressional District,U.S. House,Alaska Survey Research,NA,NA,lv,1401,2026-05-14,2026-05-17,NA,primary,https://bsky.app/profile/alaskasurvey.bsky.social/post/3mmeqzp7nuc2l,Matt Schultz,28.4,Nick Begich,46.8,-18.4,FALSE
4526fc3d-7f56-4e8f-9b98-5981c216ed79,5362d1ba-458f-4bd7-ba06-9357bd7a997e,AK,1,First Congressional District,U.S. House,Tavern Research,Contours Inc.,IND,lv,452,2026-05-18,2026-05-27,NA,general,https://www.tavernresearch.com/research-and-writings/ak-al-begich-leads-independent-runs-closest,Generic Democrat,45,Nick Begich,55,-10,TRUE
4526fc3d-7f56-4e8f-9b98-5981c216ed79,9886c42b-6a71-4914-bae2-4cbde16d0597,AK,1,First Congressional District,U.S. House,Tavern Research,Contours Inc.,IND,lv,452,2026-05-18,2026-05-27,NA,general,https://www.tavernresearch.com/research-and-writings/ak-al-begich-leads-independent-runs-closest,Matt Schultz,45,Nick Begich,55,-10,TRUE
8e054071-9b5e-46d0-a921-ecc4f3c1737e,9d3bf4c0-c6e4-40e9-831f-13906c496766,AK,1,First Congressional District,U.S. House,The New York Times/Siena University,NA,NA,lv,593,2026-06-15,2026-06-29,NA,general,https://www.nytimes.com/interactive/2026/07/01/polls/times-siena-alaska-poll-crosstabs.html,Matt Schultz,39.16,Nick Begich,51.14,-11.980000000000004,FALSE
def7f487-2bd9-410b-b135-c0d6a7de191a,44fd1944-b2bb-4d24-ae87-6ddc67e3644a,AK,1,First Congressional District,U.S. House,The Bullfinch Group,Independent Center | Independent Leadership Council,NA,lv,546,2026-07-13,2026-07-16,NA,general,https://independentcentervoice.com/insights/july-2026-statewide-survey-alaska-s-at-large-congressional-district,Matt Schultz,32,Nick Begich,46,-14,FALSE
25f3873e-a991-4492-a3a3-aa1c6b9c0d71,7986fc5e-8231-404b-8e7a-ce495a8ca282,AK,1,First Congressional District,U.S. House,Alaska Survey Research,NA,NA,lv,1371,2026-08-02,2026-08-05,NA,general,https://bsky.app/profile/alaskasurvey.bsky.social/post/3mstcarsnc32q,Eric Hafner,15.2,Nick Begich,50.4,-35.2,FALSE
25f3873e-a991-4492-a3a3-aa1c6b9c0d71,b8117df0-b61f-42cd-a523-c6d10640c672,AK,1,First Congressional District,U.S. House,Alaska Survey Research,NA,NA,lv,1371,2026-08-02,2026-08-05,NA,general,https://bsky.app/profile/alaskasurvey.bsky.social/post/3mstcarsnc32q,Eric Hafner,14.7,Nick Begich,47.9,-33.2,FALSE
5644eb93-7595-4afd-bacf-2fd24589ef3b,41475eb0-d6aa-458c-8c34-29e2fe9047f2,AK,1,First Congressional District,U.S. House,Alaska Survey Research,NA,NA,lv,1872,2026-08-20,2026-08-23,NA,general,https://x.com/the_real_asr/status/2093483993954144564,John Williams,5.7,Nick Begich,50.6,-44.9,FALSE
a1d3551f-cc1f-40ee-8d08-c7fdc1872796,8c8707af-d6ef-470e-a7ef-2f7559d7c504,AK,1,First Congressional District,U.S. House,Fabrizio Ward/Impact Research,AARP,NA,lv,800,2026-09-08,2026-09-11,NA,general,https://www.aarp.org/pri/topics/voter-research/politics/2026-midterm-election-poll-alaska/,Eric Hafner,11,Nick Begich,51,-40,FALSE
a1d3551f-cc1f-40ee-8d08-c7fdc1872796,f081288b-dc74-4113-96a1-4606bbc9badc,AK,1,First Congressional District,U.S. House,Fabrizio Ward/Impact Research,AARP,NA,lv,800,2026-09-08,2026-09-11,NA,general,https://www.aarp.org/pri/topics/voter-research/politics/2026-midterm-election-poll-alaska/,Eric Hafner,9,Nick Begich,45,-36,FALSE
c51b7de5-0b90-464c-8778-459c24d25b3b,47e38a21-e881-4974-924a-a60d1ec24911,AL,2,Second Congressional District,U.S. House,Impact Research,DCCC,DEM,lv,400,2026-06-22,2026-06-25,NA,general,https://hub.nationaljournal.com/serving-maine-up-on-a-golden-platner,Shomari Figures,44,Rhett Marques,45,-1,TRUE
ea557308-74fd-4024-b845-b5fd1baa6132,c4a2c64f-c96a-47f5-a0ca-9629fb0d232a,AL,2,Second Congressional District,U.S. House,DCCC Targeting Team,NA,DEM,lv,421,2026-07-29,2026-07-30,NA,general,https://dccc.org/%f0%9f%9a%a8-new-dccc-poll-shows-toss-up-race-in-al-02-as-momentum-builds-behind-shomari-figures/,Shomari Figures,46,Rhett Marques,46,0,TRUE
1ecb97e5-f461-4791-b993-d7ec2454c20c,dbf87c16-e121-44ee-82cb-87167a927941,AL,2,Second Congressional District,U.S. House,Tulchin Research,House Majority PAC,DEM,lv,NA,2026-08-24,2026-08-31,NA,general,https://www.thehousemajoritypac.com/news/hmp-poll-shomari-figures-tied-with-rhett-marques-in-al-02,Shomari Figures,47,Rhett Marques,47,0,TRUE
98b92ec2-1a12-4712-acae-1c3b0c052956,48d4563a-2a19-448b-b51e-a9e20496d49f,AR,2,Second Congressional District,U.S. House,2040 Strategy Group,NA,DEM,rv,NA,2026-04-28,2026-05-08,NA,general,https://arktimes.com/arkansas-blog/2026/08/05/dems-say-2nd-district-is-in-play,Chris Jones,47,French Hill,41,6,TRUE
98b92ec2-1a12-4712-acae-1c3b0c052956,ca39ad87-ab15-4a32-9d2a-0833fae54840,AR,2,Second Congressional District,U.S. House,2040 Strategy Group,NA,DEM,lv,NA,2026-04-28,2026-05-08,NA,general,https://arktimes.com/arkansas-blog/2026/08/05/dems-say-2nd-district-is-in-play,Chris Jones,46,French Hill,43,3,TRUE
528d611e-0325-4931-8032-a2c7ece004a7,b89c1030-5cd2-4daa-9026-974932b15b3d,AR,2,Second Congressional District,U.S. House,Hendrix College,Talk Business & Politics,NA,lv,1112,2026-08-11,2026-08-12,NA,general,https://talkbusiness.net/2026/08/poll-gov-sanders-holds-lead-over-two-opponents/,Chris Jones,48,French Hill,44,4,FALSE
aabe2548-ac61-4588-a4c0-4be0aae748f7,7cc8ab8c-6e6f-4c8e-a47f-5cdd3f1fc9e3,AZ,1,First Congressional District,U.S. House,Clarity Campaign Labs,CHC Bold PAC | Elect Democratic Women,DEM,lv,676,2025-11-01,2025-11-05,NA,general,https://drive.google.com/file/d/1mv8EHWdA9ZWXKeyrmlpxudIM7z23cCJH/view,Generic Democrat,45,Generic Republican,46,-1,TRUE
e251a4a0-a480-477f-84ea-392b35c58b52,1270b9a5-d314-4731-906a-727a767cd8b1,AZ,1,First Congressional District,U.S. House,GrayHouse,NA,NA,lv,500,2025-11-15,2025-11-17,NA,general,https://www.grayhouse.com/post/new-polling-shows-nfl-pro-bowler-jay-feely-running-in-az-district-1-is-republicans-best-hope-to-win,Generic Democrat,42,Jay Feely,42,0,FALSE
e251a4a0-a480-477f-84ea-392b35c58b52,9f4fec45-18b2-4468-a9d1-8148ad5e76e1,AZ,1,First Congressional District,U.S. House,GrayHouse,NA,NA,lv,500,2025-11-15,2025-11-17,NA,general,https://www.grayhouse.com/post/new-polling-shows-nfl-pro-bowler-jay-feely-running-in-az-district-1-is-republicans-best-hope-to-win,Generic Democrat,43,Gina Swoboda,40,3,FALSE
d9369344-95ac-4a59-9545-fe3e2a488c79,415cc79b-49e3-4bd8-ae9b-69fed7425a0a,AZ,2,Second Congressional District,U.S. House,GBAO,NA,DEM,lv,500,2026-06-11,2026-06-15,NA,general,https://drive.google.com/file/d/1nYHNj0SrZ2WcXLhQ1feyfeGpF-5SHJgx/view?_hsenc=p2ANqtz-_370ZM_DgL09QvWKjXqErDmW-qDpRcYp2VqC2MXui7ViQOnoWB4mfGluBGCcI23a7Zp4VtCHMDy7BSg4Muyh54L2QT711RO2KTeWpUskkrwaOaZ1Y&_hsmi=2,Jonathan Nez,41,Eli Crane,44,-3,TRUE
ceb6fa29-9a02-42c6-a108-fee3f7fd9fd9,03ff2b7d-98f6-45f3-9c09-21098d5a4930,AZ,2,Second Congressional District,U.S. House,GBAO,NA,DEM,lv,500,2026-08-21,2026-08-24,NA,general,https://www.politico.com/newsletters/playbook/2026/09/02/why-trump-wants-to-let-data-reign-01061332,Jonathan Nez,44,Eli Crane,46,-2,TRUE
98ca77f6-ec80-4dfa-930b-89b1260ee9c3,648e3f2f-fd7d-4066-8a30-068001aac5d8,AZ,6,Sixth Congressional District,U.S. House,Public Policy Polling,House Majority PAC,DEM,rv,581,2025-10-14,2025-10-15,NA,general,https://www.politico.com/newsletters/weekly-score/2025/10/20/how-one-dem-group-is-rethinking-canvassing-00615012,JoAnna Mendoza,42,Juan Ciscomani,41,1,TRUE
88f080b6-7ea1-41ee-a50a-ea1ee78f439c,5a44f193-9310-43fe-9a36-e4447337639b,AZ,6,Sixth Congressional District,U.S. House,Ragnar Research Partners,Conservatives for America,REP,lv,400,2026-03-12,2026-03-14,NA,general,https://punchbowl.news/article/campaigns/bad-gop-polls/,JoAnna Mendoza,47,Juan Ciscomani,44,3,TRUE
88f080b6-7ea1-41ee-a50a-ea1ee78f439c,e0103711-9716-4872-ba74-053e56bdd2da,AZ,6,Sixth Congressional District,U.S. House,Ragnar Research Partners,Conservatives for America,REP,lv,400,2026-03-12,2026-03-14,NA,general,https://punchbowl.news/article/campaigns/bad-gop-polls/,Generic Democrat,43,Generic Republican,42,1,TRUE
826d7413-1536-4249-8d2a-1ee10804babd,3d80e3a8-a0aa-487b-8900-e6e27cccce86,AZ,6,Sixth Congressional District,U.S. House,"Normington, Petts & Associates",House Majority PAC,DEM,lv,500,2026-06-08,2026-06-11,NA,general,https://x.com/cjwarnke/status/2069028347359674463/photo/1,JoAnna Mendoza,47,Juan Ciscomani,45,2,TRUE
162dd421-29ef-4eac-b402-7b8605254364,cd665f08-4997-4c35-ae74-a76766a795f7,CA,1,First Congressional District,U.S. House,David Binder Research,NA,DEM,lv,700,2026-02-24,2026-02-28,NA,primary,https://static01.nyt.com/newsgraphics/documenttools/4de2c8b5a658db12/576440cc-full.pdf,Mike McGuire,33,James Gallagher,30,3,TRUE
8d32f51e-31d7-4159-8805-a204e2127727,2ee73a4b-9cc0-48c1-b978-f580bb54db9c,CA,11,Eleventh Congressional District,U.S. House,EMC Research,NA,DEM,lv,500,2025-09-14,2025-09-18,NA,primary,https://sfstandard.com/2026/01/19/connie-chan-congress-race-chinese/,Scott Wiener,53,Bruce Lou,11,42,TRUE
51d6beee-6fab-4c97-9d83-2ba5200e1b18,a95a9e37-dab3-4354-8dd4-9153c30f9be8,CA,11,Eleventh Congressional District,U.S. House,Beacon Research,NA,DEM,rv,600,2025-09-12,2025-09-20,NA,primary,https://thehill.com/homenews/campaign/5521160-pelosi-chakrabarti-california-congressional-race-survey/,Nancy Pelosi,46,David Ganezer,11,35,TRUE
63fb98b6-8de4-4aef-8f5b-ca0f2113110e,2166c868-7632-4f06-8a64-6243cf459ee7,CA,11,Eleventh Congressional District,U.S. House,Data for Progress,NA,DEM,lv,537,2026-04-03,2026-04-08,NA,primary,https://missionlocal.org/2026/04/sf-congress-race-saikat-charakabarti-scott-wiener-poll/,Scott Wiener,33,David Ganezer,7,26,TRUE
cf61d87f-e673-4b77-ba56-47c8e95edb39,e3ee1a96-e379-4fd3-b991-4bbc0ba732e5,CA,11,Eleventh Congressional District,U.S. House,Lake Research Partners,NA,DEM,lv,500,2026-04-29,2026-05-03,NA,primary,https://www.politico.com/newsletters/california-playbook/2026/05/07/harris-nevada-ramp-up-and-becerras-rough-reviews-00909620,Scott Wiener,47,David Ganezer,5,42,TRUE
db6e2bc1-7792-4796-a10a-71591aff7e22,9a300cb3-7113-4aef-a7da-c12f94b28243,CA,14,Fourteenth Congressional District,U.S. House,David Binder Research,Working Families Party PAC,DEM,lv,NA,2026-04-01,2026-04-04,NA,primary,https://www.the-downballot.com/p/morning-digest-virginia-voters-approve,Aisha Wahab,29,Wendy Huang,9,20,TRUE
bdb7da6d-9139-4a61-8680-a948766c2b8e,f6a2ac62-77b7-4363-bfce-9039b777806c,CA,22,Twenty-second Congressional District,U.S. House,Data for Progress,Working Families Party PAC,DEM,lv,517,2026-05-01,2026-05-06,NA,primary,https://www.politico.com/newsletters/california-playbook/2026/05/12/pelosis-succession-waiting-game-00915798,Randy Villegas,25,David G. Valadao,44,-19,TRUE
373346ea-30c4-4943-b4f9-eabdced655fc,3f77dc84-38b7-4935-bcb0-831f49250bc2,CA,22,Twenty-second Congressional District,U.S. House,Tulchin Research,House Majority PAC,DEM,lv,800,2026-06-15,2026-06-21,NA,general,https://www.politico.com/newsletters/playbook/2026/07/21/trump-to-hill-im-not-that-into-you-01005915,Randy Villegas,48,David G. Valadao,44,4,TRUE
4bad739b-bc91-40c9-9cfb-234a94a8fc73,10bf65de-c875-4f5e-a3a3-c60d3a05ad68,CA,23,Twenty-third Congressional District,U.S. House,Change Research,Independent Candidates Action,IND,lv,601,2026-03-17,2026-03-20,NA,primary,https://www.independentaction.org/news/revhhcbrfzodrm3lh38l9axg2de96b,Tessa Lynn Hodge,5.26,Jay Obernolte,48.36,-43.1,TRUE
7538894c-e0a4-4f00-ae7a-7596508ebd31,9315c0c3-c16e-4363-8549-cdd85d1ff7e1,CA,3,Third Congressional District,U.S. House,Tulchin Research,NA,DEM,lv,400,2025-07-08,2025-07-10,NA,general,https://yubanet.com/regional/democrat-heidi-hall-to-continue-her-campaign-for-congress-in-ca-03-to-bring-change-to-washington/,Heidi Hall,45,Kevin Kiley,47,-2,TRUE
43bcce59-3f82-4738-874d-6928c996d13e,1970f8e0-c0cf-4efa-aafb-34f72a9b0812,CA,40,Fortieth Congressional District,U.S. House,Tulchin Research,NA,DEM,lv,800,2026-01-14,2026-01-19,NA,primary,https://drive.google.com/file/d/1er2TfEQFwvfr_zFH3SjAE0dVvdcHjWRj/view,Lisa Ramirez,13,Ken Calvert,25,-12,TRUE
43bcce59-3f82-4738-874d-6928c996d13e,84c7d9f7-ed1f-49ad-9134-5bf5f6b048a5,CA,40,Fortieth Congressional District,U.S. House,Tulchin Research,NA,DEM,lv,800,2026-01-14,2026-01-19,NA,general,https://drive.google.com/file/d/1er2TfEQFwvfr_zFH3SjAE0dVvdcHjWRj/view,Esther Kim-Varet,44,Ken Calvert,44,0,TRUE
43bcce59-3f82-4738-874d-6928c996d13e,8df253a2-67c8-4b8f-8135-b7f8ced382c8,CA,40,Fortieth Congressional District,U.S. House,Tulchin Research,NA,DEM,lv,800,2026-01-14,2026-01-19,NA,general,https://drive.google.com/file/d/1er2TfEQFwvfr_zFH3SjAE0dVvdcHjWRj/view,Esther Kim-Varet,43,Young Kim,44,-1,TRUE
74fe429b-3291-4e4d-ae6b-df2392e0e1b3,b40f78ca-a522-4dc7-9777-7e20417c37b9,CA,40,Fortieth Congressional District,U.S. House,Public Opinion Strategies,NA,REP,lv,400,2026-01-24,2026-01-27,NA,primary,https://www.politico.com/newsletters/california-playbook/2026/02/10/teachers-strike-grips-san-francisco-00772906,Joe Kerr,22,Young Kim,23,-1,TRUE
5d7b8463-0399-4a8e-8392-7d83a11906fd,0a9a8bc8-6c52-4019-a29c-d63167eb41c5,CA,40,Fortieth Congressional District,U.S. House,Tulchin Research,NA,DEM,lv,500,2026-04-30,2026-05-04,NA,primary,https://drive.google.com/file/d/1JwvENCs_0Xz4Z4fcsosNLkAayMGaXVoX/view,Esther Kim-Varet,20,Ken Calvert,24,-4,TRUE
7646a549-0add-41ca-8f97-eb9999119af6,6739d6f2-b8f9-431d-a714-7ef28018cf14,CA,48,Forty-eighth Congressional District,U.S. House,Blueprint Polling,NA,DEM,lv,517,2025-10-25,2025-10-26,NA,general,https://www.politico.com/f/?id=0000019a-38d9-dc69-abda-fadb16eb0000,Ammar Campa-Najjar,43,Darrell Issa,40,3,TRUE
db6dd15f-eeff-43ba-adda-fcb568c98a61,ee404dda-3f3e-4491-ab20-1ff39b3c6f1b,CA,48,Forty-eighth Congressional District,U.S. House,Blueprint Polling,NA,DEM,lv,560,2026-02-02,2026-02-04,NA,primary,https://www.politico.com/newsletters/california-playbook/2026/02/10/teachers-strike-grips-san-francisco-00772906,Ammar Campa-Najjar,19.3,Darrell Issa,43.6,-24.3,TRUE
db6dd15f-eeff-43ba-adda-fcb568c98a61,fd018344-21b2-4c24-9dad-3f78fc14854f,CA,48,Forty-eighth Congressional District,U.S. House,Blueprint Polling,NA,DEM,lv,560,2026-02-02,2026-02-04,NA,primary,https://www.politico.com/newsletters/california-playbook/2026/02/10/teachers-strike-grips-san-francisco-00772906,Ammar Campa-Najjar,21.2,Darrell Issa,43.7,-22.500000000000004,TRUE
9dc3af51-8f06-4c58-adda-df5bb0b9afdf,53231108-a9ca-4991-aa4c-228661eef929,CA,48,Forty-eighth Congressional District,U.S. House,Public Policy Polling,Equality PAC,DEM,rv,727,2026-02-16,2026-02-17,NA,primary,https://x.com/lgbtequalitypac/status/2024511050779906203?s=20,Ammar Campa-Najjar,18,Darrell Issa,40,-22,TRUE
e8967120-d197-451d-bf34-f18d0ecc001d,0166c37a-e8d2-4293-b952-be955614a097,CA,48,Forty-eighth Congressional District,U.S. House,Tulchin Research,Democratic Majority for Israel PAC | Elect Democratic Women | EMILYs List | SEIU,DEM,lv,600,2026-02-16,2026-02-22,NA,primary,https://punchbowl.news/wp-content/uploads/CA-48-Poll-Memo-5-26-Final.pdf,Ammar Campa-Najjar,14,Darrell Issa,41,-27,TRUE
ebaec22f-7697-4729-9a91-bd1e68c60795,8169e489-d831-4709-8f6a-7d63145cae86,CA,48,Forty-eighth Congressional District,U.S. House,Lake Research Partners,NA,DEM,lv,500,2026-02-25,2026-03-01,NA,primary,https://www.politico.com/newsletters/california-playbook/2026/03/11/inside-our-new-governors-race-poll-00822422,Ammar Campa-Najjar,17,Generic Republican,40,-23,TRUE
321155b1-1c83-4ee9-8a38-3c6b9d73ed5a,bafa0fad-652e-435c-ab4c-136d42ee5f1f,CA,48,Forty-eighth Congressional District,U.S. House,SurveyUSA,KGTV-TV (California) | San Diego Union-Tribune,NA,lv,500,2026-04-14,2026-04-19,NA,primary,https://www.surveyusa.com/client/PollReport.aspx?g=69867e15-64d4-41d9-841e-5c9fbbd45cd2,Ammar Campa-Najjar,12,Jim Desmond,25,-13,FALSE
77da5ba5-e92d-4d3f-a56d-2346b9e80d84,0c38e786-1ed1-4883-bc0b-09eca91b0e5d,CA,48,Forty-eighth Congressional District,U.S. House,Tulchin Research,Democratic Majority for Israel PAC | Elect Democratic Women | EMILYs List | SEIU,DEM,lv,600,2026-04-27,2026-04-30,NA,primary,https://punchbowl.news/wp-content/uploads/CA-48-Poll-Memo-5-26-Final.pdf,Marni von Wilpert,16,Jim Desmond,27,-11,TRUE
8a8f8825-f5f4-47ed-9d8e-c83f2fa0d758,f70e96d7-4880-45d0-8049-3c2312f4cb02,CA,48,Forty-eighth Congressional District,U.S. House,SurveyUSA,KGTV-TV (California) | San Diego Union-Tribune,NA,lv,507,2026-05-08,2026-05-14,NA,primary,https://www.surveyusa.com/client/PollReport.aspx?g=b7957e87-7f0e-448f-a57c-514fec78e478,Marni von Wilpert,9,Jim Desmond,29,-20,FALSE
b1c00160-afa2-419a-8359-16254711e9e5,39ddfbea-12f5-497e-acb8-221e0bd091e5,CA,48,Forty-eighth Congressional District,U.S. House,Lake Research Partners,NA,DEM,lv,500,2026-07-09,2026-07-14,NA,general,https://hub.nationaljournal.com/the-dncs-99-problems,Marni von Wilpert,48,Jim Desmond,46,2,TRUE
e7cc6f1e-4f63-4e26-a0ce-9e80afbf497d,8dcc7847-4302-4677-9a9b-cb4367b25199,CA,48,Forty-eighth Congressional District,U.S. House,SurveyUSA,KGTV-TV (California) | San Diego Union-Tribune,NA,lv,522,2026-08-27,2026-09-01,NA,general,https://results.surveyusa.com/client/PollReport.aspx?g=0877c725-6e44-47fe-9856-dcf799865671,Marni von Wilpert,45,Jim Desmond,42,3,FALSE
93eaefd7-113f-4df2-a1a5-62dafa945b8e,fdd2ef13-859f-43d6-9f72-0823934723aa,CA,6,Sixth Congressional District,U.S. House,"Normington, Petts & Associates",Voter Protection Project,DEM,lv,400,2026-02-16,2026-02-19,NA,primary,https://www.politico.com/newsletters/california-playbook/2026/03/02/california-dems-face-balancing-act-on-iran-00806641,Richard Pan,14,Raymond Riehle,15,-1,TRUE
9aa06af4-9e0f-4e23-86be-65a151c25f07,df91b93d-0493-45c3-a78a-951f4df42a55,CA,6,Sixth Congressional District,U.S. House,EMC Research,Congressional Black Caucus | Vote Mama | Voter Protection Project,DEM,lv,400,2026-05-03,2026-05-06,NA,primary,https://protectvoting.org/ca06-poll-may-26/,Richard Pan,18,Michael Stansfield,8,10,TRUE
0ea12cd9-e9db-4bda-94c7-84de330d55ec,b7f9a04e-07d3-4653-9a58-2a3d47aa412b,CA,7,Seventh Congressional District,U.S. House,Upswing Research,NA,DEM,lv,400,2026-03-17,2026-03-23,NA,primary,https://x.com/AndrewSolender/status/2041913280449425540,Doris Matsui,28,George Yang,22,6,TRUE
856828ec-524b-4ed8-b44f-0eec506fe6d3,8d87ef0a-0134-4acd-9743-e84d3d0117ae,CA,7,Seventh Congressional District,U.S. House,Data for Progress,Working Families Party PAC,DEM,lv,572,2026-05-01,2026-05-05,NA,primary,https://punchbowl.news/wp-content/uploads/ca07_primary_memo_2026.pdf,Doris Matsui,24,Zachariah Wooden,15,9,TRUE
edf8bf05-3a02-4b59-b8ba-154c23aca139,1bbe0896-65fb-43fb-afe9-20daeaef70d6,CO,3,Third Congressional District,U.S. House,Expedition Strategies,NA,DEM,lv,400,2026-01-08,2026-01-12,NA,general,https://www.politico.com/newsletters/playbook/2026/01/21/what-davos-really-thinks-of-trump-00738555,Alex Kelloff,39,Jeff Hurd,48,-9,TRUE
bc1c815a-0646-4533-93c6-c0a8d0561b23,ce9596ee-c56b-4d11-9bec-74199f49c479,CO,3,Third Congressional District,U.S. House,Ragnar Research Partners,Conservatives for America,REP,lv,400,2026-03-10,2026-03-12,NA,general,https://punchbowl.news/article/campaigns/bad-gop-polls/,Generic Democrat,37,Generic Republican,47,-10,TRUE
bc1c815a-0646-4533-93c6-c0a8d0561b23,d66b340f-4ae4-4645-8df3-dbe984909775,CO,3,Third Congressional District,U.S. House,Ragnar Research Partners,Conservatives for America,REP,lv,400,2026-03-10,2026-03-12,NA,general,https://punchbowl.news/article/campaigns/bad-gop-polls/,Alex Kelloff,41,Jeff Hurd,46,-5,TRUE
984d2838-96aa-429d-a8c2-4c68f08c4041,3a890572-a4ec-4c86-8e1b-69d940acb668,CO,3,Third Congressional District,U.S. House,"Keating Research, Inc.",NA,DEM,lv,500,2026-07-21,2026-07-23,NA,general,https://x.com/RomeroForCO/status/2082843915510817044,Dwayne Romero,45,Jeff Hurd,46,-1,TRUE
f54b098e-2666-4e2c-acc7-adb7f2312cce,17a9f5f4-5948-47b5-a3be-4f7255a5aae4,CO,5,Fifth Congressional District,U.S. House,Global Strategy Group,NA,DEM,lv,450,2025-10-30,2025-11-03,NA,general,https://globalstrategygroup.app.box.com/s/iwvsjiw4tgc1cifp0g2iqw711tdlm8tr,Jessica Killin,40,Jeff Crank,43,-3,TRUE
2a67eaeb-fb8c-4087-ad7a-761f4165e2d3,1e755821-f67c-4c14-8321-6396c4599e94,CO,5,Fifth Congressional District,U.S. House,Global Strategy Group,NA,DEM,lv,450,2026-07-16,2026-07-21,NA,general,https://coloradosun.com/2026/07/28/jessica-killin-jeff-crank-polling/,Jessica Killin,44,Jeff Crank,45,-1,TRUE
65297ab4-c9a8-4f4b-8810-692493c676fc,8b2a9903-4491-4f39-893b-5fa33e445f46,FL,11,Eleventh Congressional District,U.S. House,MDW Communications,NA,DEM,lv,1044,2026-07-28,2026-07-30,NA,general,https://floridapolitics.com/archives/811237-poll-shows-james-pericola-leading-cd-11-dem-field-in-potential-dead-heat-with-joe-strada/,James Pericola,41.8,Joe Strada,42.1,-0.30000000000000426,TRUE
86570a3c-00fa-42da-9bfa-1ae9113e94ec,266ca551-cd62-40b1-9d40-3ef0c45a1e3b,FL,13,Thirteenth Congressional District,U.S. House,Public Policy Polling,NA,DEM,rv,616,2026-05-19,2026-05-20,NA,general,https://drive.google.com/file/d/1QmLb0R6yalmHpjHvxOF-R-7AKy3eG1ij/view,Leela Gray,39,Anna Paulina Luna,41,-2,TRUE
82584675-b681-4550-b1fb-163d001edf85,2eba4243-d3bb-41ee-9ad1-0bd7e8f53be7,FL,13,Thirteenth Congressional District,U.S. House,"Fabrizio, Lee & Associates",NA,REP,lv,400,2026-08-04,2026-08-06,NA,general,https://floridapolitics.com/archives/814114-anna-paulina-luna-leads-leela-gray-in-likely-general-election-matchup-clouding-dems-hope-for-a-flip/,Leela Gray,41,Anna Paulina Luna,49,-8,TRUE
a6f6991d-54fe-4ad4-8f48-af17692cd99d,0efcbbcb-17b1-4b38-810f-bc0bd7acbda0,FL,13,Thirteenth Congressional District,U.S. House,GQR,NA,DEM,lv,500,2026-08-04,2026-08-06,NA,general,https://www.semafor.com/article/08/14/2026/democrats-eye-republican-held-florida-district,Leela Gray,44,Anna Paulina Luna,47,-3,TRUE
066535d9-6386-4258-9dbb-f2ca94645f95,1d39dc4d-7b27-4dd4-9a29-9764e3b1e185,FL,13,Thirteenth Congressional District,U.S. House,Hart Research Associates,House Majority PAC,DEM,lv,NA,2026-08-25,2026-08-27,NA,general,https://www.thehousemajoritypac.com/news/hmp-poll-leela-gray-leads-anna-paulina-luna-in-fl-13,Generic Democrat,49,Generic Republican,44,5,TRUE
066535d9-6386-4258-9dbb-f2ca94645f95,1fceffdf-a49d-405e-a6a5-63e1e5012c91,FL,13,Thirteenth Congressional District,U.S. House,Hart Research Associates,House Majority PAC,DEM,lv,NA,2026-08-25,2026-08-27,NA,general,https://www.thehousemajoritypac.com/news/hmp-poll-leela-gray-leads-anna-paulina-luna-in-fl-13,Leela Gray,44,Anna Paulina Luna,43,1,TRUE
066535d9-6386-4258-9dbb-f2ca94645f95,fcf79764-5e5b-4d13-9431-405d17c5e8c1,FL,13,Thirteenth Congressional District,U.S. House,Hart Research Associates,House Majority PAC,DEM,lv,NA,2026-08-25,2026-08-27,NA,general,https://www.thehousemajoritypac.com/news/hmp-poll-leela-gray-leads-anna-paulina-luna-in-fl-13,Leela Gray,51,Anna Paulina Luna,46,5,TRUE
8625996e-08c9-473c-8330-f5afadd9dd6e,14fab1fb-61cb-408b-8bb0-f22e9cd04bc8,FL,14,Fourteenth Congressional District,U.S. House,St. Pete Polls,Florida Politics,NA,lv,469,2026-07-14,2026-07-15,NA,general,https://floridapolitics.com/archives/807848-did-gov-desantis-draw-a-dummymander-poll-shows-kathy-castor-beating-both-top-republicans-in-cd-14/,Kathy Castor,46.2,Kevin Steele,38.5,7.700000000000003,FALSE
8625996e-08c9-473c-8330-f5afadd9dd6e,56f61fe0-3bb3-4358-a914-c0cbabf5c83e,FL,14,Fourteenth Congressional District,U.S. House,St. Pete Polls,Florida Politics,NA,lv,469,2026-07-14,2026-07-15,NA,general,https://floridapolitics.com/archives/807848-did-gov-desantis-draw-a-dummymander-poll-shows-kathy-castor-beating-both-top-republicans-in-cd-14/,Kathy Castor,46.2,Mike Beltran,37.5,8.700000000000003,FALSE
09a5223e-3e82-438e-9d6f-cb48d132fb83,9c0bc398-62da-4766-913a-3d2c801f428d,FL,16,Sixteenth Congressional District,U.S. House,SEA Polling,NA,DEM,lv,400,2026-08-25,2026-08-29,NA,general,https://kellykirschner.com/wp-content/uploads/2026/09/0926-FL-16-Polling-Memo-1.pdf,Kelly Kirschner,40,Sydney Gruters,39,1,TRUE
fc8a3289-2ad2-457f-8d77-d2dc51c6d4c2,04f80c8e-e455-4fc0-92ac-36ccaeeb2b13,FL,2,Second Congressional District,U.S. House,Patriot Polling,NA,REP,lv,922,2026-07-22,2026-07-26,NA,general,https://washingtonreporter.news/exclusive-floridas-2nd-district-out-of-play-for-democrats-according-to-gop-candidate-keith-grosss-polling/,Yen Bailey,35.1,Keith Gross,62.2,-27.1,TRUE
fc8a3289-2ad2-457f-8d77-d2dc51c6d4c2,42779008-3277-4053-a4d2-70bdd4a1e29e,FL,2,Second Congressional District,U.S. House,Patriot Polling,NA,REP,lv,922,2026-07-22,2026-07-26,NA,general,https://washingtonreporter.news/exclusive-floridas-2nd-district-out-of-play-for-democrats-according-to-gop-candidate-keith-grosss-polling/,Amanda Green,37.1,Keith Gross,60.9,-23.799999999999997,TRUE
fc8a3289-2ad2-457f-8d77-d2dc51c6d4c2,8f1fe147-47aa-4eb5-b5f7-db37ab08c8c5,FL,2,Second Congressional District,U.S. House,Patriot Polling,NA,REP,lv,922,2026-07-22,2026-07-26,NA,general,https://washingtonreporter.news/exclusive-floridas-2nd-district-out-of-play-for-democrats-according-to-gop-candidate-keith-grosss-polling/,Brice Barnes,39.1,Keith Gross,59.9,-20.799999999999997,TRUE
fc8a3289-2ad2-457f-8d77-d2dc51c6d4c2,a09b2578-f5ab-4b95-b24c-0b1e28257930,FL,2,Second Congressional District,U.S. House,Patriot Polling,NA,REP,lv,922,2026-07-22,2026-07-26,NA,general,https://washingtonreporter.news/exclusive-floridas-2nd-district-out-of-play-for-democrats-according-to-gop-candidate-keith-grosss-polling/,Nicholas Zateslo,39.1,Keith Gross,58.5,-19.4,TRUE
bd0ac633-f121-4128-9600-b5eedcdf0cae,42ccefe9-d8fa-4735-948c-e31893f0ba7d,FL,22,Twenty-second Congressional District,U.S. House,GQR,NA,DEM,lv,400,2026-06-18,2026-06-25,NA,general,https://www.nationaljournal.com/s/732493/dccc-faces-pressure-to-reevaluate-role-after-primary-mishaps/?unlock=73COOYQ67JOR43BA,Generic Democrat,43,Generic Republican,45,-2,TRUE
bd0ac633-f121-4128-9600-b5eedcdf0cae,f44bb1d7-f796-46c7-9ae0-796f0aceb85f,FL,22,Twenty-second Congressional District,U.S. House,GQR,NA,DEM,lv,400,2026-06-18,2026-06-25,NA,general,https://www.nationaljournal.com/s/732493/dccc-faces-pressure-to-reevaluate-role-after-primary-mishaps/?unlock=73COOYQ67JOR43BA,Pia Dandiya,45,Belinda Keiser,46,-1,TRUE
a1706cf9-840c-44ae-8011-bc0b7391776f,d8c3ce41-af9e-40ca-85c1-9fd481695e9a,FL,22,Twenty-second Congressional District,U.S. House,Tavern Research,NA,NA,lv,551,2026-08-10,2026-08-12,NA,general,https://242750075.fs1.hubspotusercontent-na2.net/hubfs/242750075/FL-22%20General%20Toplines%20%E2%80%94%20Aug%2019_NEW.pdf,Pia Dandiya,50,Casey Askar,50,0,FALSE
491431af-a6d9-4569-b686-06c50a069cb0,59067f58-f491-4f4f-bf15-aa13f8ea2665,FL,22,Twenty-second Congressional District,U.S. House,Impact Research,House Majority PAC,DEM,lv,NA,2026-08-24,2026-08-31,NA,general,https://www.thehousemajoritypac.com/news/hmp-poll-pia-dandiya-leads-casey-askar-in-fl-22,Generic Democrat,46,Generic Republican,46,0,TRUE
491431af-a6d9-4569-b686-06c50a069cb0,be32d0ec-f1d5-4656-aa56-7494d1f5b197,FL,22,Twenty-second Congressional District,U.S. House,Impact Research,House Majority PAC,DEM,lv,NA,2026-08-24,2026-08-31,NA,general,https://www.thehousemajoritypac.com/news/hmp-poll-pia-dandiya-leads-casey-askar-in-fl-22,Pia Dandiya,46,Casey Askar,44,2,TRUE
87c42ce2-22e9-43b2-9cac-325c035f136c,335be99d-0b33-4157-957f-3a15f5840e20,FL,25,Twenty-fifth Congressional District,U.S. House,Middle Seat,NA,DEM,lv,576,2026-05-05,2026-05-06,NA,general,https://punchbowl.news/fl-25-polling-memo/,Generic Democrat,51,Generic Republican,39,12,TRUE
87c42ce2-22e9-43b2-9cac-325c035f136c,4e745882-00d7-4114-ba35-c729df8dd682,FL,25,Twenty-fifth Congressional District,U.S. House,Middle Seat,NA,DEM,lv,576,2026-05-05,2026-05-06,NA,general,https://punchbowl.news/fl-25-polling-memo/,Oliver Larkin,43,George Moraitis,34,9,TRUE
87c42ce2-22e9-43b2-9cac-325c035f136c,f1a69af4-4f55-43d2-9274-bdd8cf7565e6,FL,25,Twenty-fifth Congressional District,U.S. House,Middle Seat,NA,DEM,lv,576,2026-05-05,2026-05-06,NA,general,https://punchbowl.news/fl-25-polling-memo/,Oliver Larkin,45,Scott Singer,33,12,TRUE
624b66b5-f71f-49eb-a4b4-8679da4feada,9951958f-5c2a-4b40-aa01-8a28798a2432,FL,27,Twenty-seventh Congressional District,U.S. House,Bendixen & Amandi International,NA,DEM,lv,600,2026-08-25,2026-08-30,NA,general,https://www.politico.com/newsletters/weekly-score/2026/09/14/the-2028-redistricting-fight-is-already-kicking-off-01073884,Eliott Rodriguez,45,María Elvira Salazar,45,0,TRUE
dc9e98d0-e4c2-4b30-b29f-ad460ffd4eed,78978e6a-3003-4314-9ce7-e3c8d5908b86,FL,27,Twenty-seventh Congressional District,U.S. House,Tulchin Research,House Majority PAC,DEM,lv,600,2026-09-08,2026-09-13,NA,general,https://x.com/cjwarnke/status/2100648029678170342,Eliott Rodriguez,46,María Elvira Salazar,47,-1,TRUE
c757ecb7-94f9-474d-b3e6-5966f7426513,7bf72bb1-52f8-47fc-96e7-a7675c926995,FL,28,Twenty-eighth Congressional District,U.S. House,MDW Communications,EDGE Communications,NA,lv,514,2026-03-03,2026-03-07,NA,general,https://floridapolitics.com/archives/788279-poll-shows-carlos-gimenezs-lead-narrowing-in-cd-28-amid-economic-policy-headwinds/,Generic Democrat,41,Generic Republican,45,-4,FALSE
c757ecb7-94f9-474d-b3e6-5966f7426513,da644de0-e517-46ab-96ea-eb65cb26e1ff,FL,28,Twenty-eighth Congressional District,U.S. House,MDW Communications,EDGE Communications,NA,lv,514,2026-03-03,2026-03-07,NA,general,https://floridapolitics.com/archives/788279-poll-shows-carlos-gimenezs-lead-narrowing-in-cd-28-amid-economic-policy-headwinds/,Hector Mujica,40,Carlos Gimenez,46,-6,FALSE
0ca4d70b-5fab-4b8f-b3f8-0dfc93bb3d53,0bb126f9-c1d1-42a7-96d2-fc82ff1b0bec,FL,7,Seventh Congressional District,U.S. House,Public Policy Polling,NA,DEM,rv,570,2026-05-20,2026-05-21,NA,general,https://floridapolitics.com/archives/804110-internal-poll-shows-bale-dalton-with-edge-over-cory-mills-as-he-tries-to-flip-cd-7/,Bale Dalton,41,Cory Mills,39,2,TRUE
21e952f7-3e33-46e3-b6e3-d897ba6d1959,11bc2df5-d34e-4e99-8908-74f55941ce1f,FL,8,Eighth Congressional District,U.S. House,Public Policy Polling,NA,DEM,rv,633,2026-07-17,2026-07-18,NA,general,https://floridapolitics.com/archives/810254-jennifer-jenkins-poll/,Jennifer Jenkins,35,Mike Haridopolos,44,-9,TRUE
d24168b2-6e7f-40b3-8960-e99bc8f9caed,cbfc5f10-ad33-41b6-818e-0427fbf51a0c,FL,9,Ninth Congressional District,U.S. House,SEA Polling,NA,DEM,lv,400,2026-08-24,2026-08-30,NA,general,https://floridapolitics.com/archives/818398-internal-poll-shows-darren-soto-tied-with-dan-green-in-battleground-cd-9/,Darren Soto,41,Dan Green,41,0,TRUE
9b91ef78-703c-4c40-8ae9-47cb323a5d33,ef047a76-3f09-40c1-8d5b-da95efb22ec1,GA,7,Seventh Congressional District,U.S. House,20/20 Insight,NA,DEM,lv,445,2026-08-20,2026-08-26,NA,general,https://www.ajc.com/politics/2026/09/bottoms-data-center-stance-reflects-a-fast-changing-georgia-debate/,Tony Kozycki,43,Rich McCormick,46,-3,TRUE
0dfde340-4dea-40c1-8e1c-eba2fefde7ce,2905147a-5226-492f-915c-3bb9b9613a02,IA,1,First Congressional District,U.S. House,Public Policy Polling,House Majority PAC,DEM,rv,555,2025-06-18,2025-06-19,NA,general,https://www.documentcloud.org/documents/25981451-ia-01-public-policy-polling-d-for-house-majority-pac/,Christina Bohannan,43,Mariannette Miller-Meeks,39,4,TRUE
0dfde340-4dea-40c1-8e1c-eba2fefde7ce,7319f736-0956-46f9-8186-d01a66458243,IA,1,First Congressional District,U.S. House,Public Policy Polling,House Majority PAC,DEM,rv,555,2025-06-18,2025-06-19,NA,general,https://www.documentcloud.org/documents/25981451-ia-01-public-policy-polling-d-for-house-majority-pac/,Generic Democrat,42,Generic Republican,45,-3,TRUE
7f935fce-4454-4a06-aecc-31ec44eb24fe,f40ec66c-dd12-4c91-85dd-db3f5f5012d7,IA,1,First Congressional District,U.S. House,The Bullfinch Group,Independent Center | Independent Leadership Council,NA,lv,705,2026-07-13,2026-07-16,NA,general,https://independentcentervoice.com/insights/july-2026-district-survey-iowa-s-1st-congressional-district,Christina Bohannan,40,Mariannette Miller-Meeks,35,5,FALSE
97b470d5-8f93-40aa-84d0-ee987957190f,43743487-bbfa-41e7-8e47-dd4ecacbedc8,IA,2,Second Congressional District,U.S. House,Public Policy Polling,NA,DEM,rv,673,2026-04-13,2026-04-14,NA,general,https://x.com/jamesd0wns/status/2049820806016860519,Lindsay James,36,Joe Mitchell,33,3,TRUE
a68a2c0e-aa9d-4ef8-861a-6353b0d28d76,d8c57387-1c45-4042-a8ce-21369c468462,IA,2,Second Congressional District,U.S. House,Global Strategy Group,House Majority PAC,DEM,lv,NA,2026-07-14,2026-07-19,NA,general,https://static.notus.org/27/58/c93f2d1946c0814f583fa25c7a31/hmp-ia-02-poll.pdf,Lindsay James,46,Joe Mitchell,45,1,TRUE
8cb6ba34-5d90-40ff-9ae9-ca8bb6cbc364,92c5e059-035e-46d4-afdd-224fc15364d0,IA,3,Third Congressional District,U.S. House,Public Policy Polling,NA,NA,rv,717,2025-09-17,2025-09-18,NA,general,https://www.politico.com/newsletters/playbook/2025/09/19/weighted-vest-women-are-2026s-swing-voters-00572646,Jennifer Konfrst,44,Zach Nunn,44,0,FALSE
6d0afbbc-6513-448d-9dca-d5389a793d59,6bce6600-b5b9-44e3-a8bd-661369460c9e,IA,3,Third Congressional District,U.S. House,Change Research,NA,DEM,lv,638,2025-10-23,2025-10-27,NA,general,https://sarahforiowa.com/sarah-trone-garriott-leads-zach-nunn-in-new-poll/,Generic Democrat,45,Generic Republican,42,3,TRUE
81e0fd68-8ee5-4c75-b333-de5c2fe8c73f,2d13dbc3-ab2d-453a-a736-b7f8ceac98b9,IA,3,Third Congressional District,U.S. House,Ragnar Research Partners,Conservatives for America,REP,lv,400,2026-03-12,2026-03-14,NA,general,https://punchbowl.news/article/campaigns/bad-gop-polls/,Generic Democrat,43,Generic Republican,44,-1,TRUE
81e0fd68-8ee5-4c75-b333-de5c2fe8c73f,9875d9d4-a749-458d-adf3-de2416d7cc51,IA,3,Third Congressional District,U.S. House,Ragnar Research Partners,Conservatives for America,REP,lv,400,2026-03-12,2026-03-14,NA,general,https://punchbowl.news/article/campaigns/bad-gop-polls/,Sarah Trone Garriott,42,Zach Nunn,48,-6,TRUE
43f0dff7-67cb-4ecf-9d29-16dda38a31cf,026a3f9f-8c4f-4188-ac41-09364951bcb4,ID,1,First Congressional District,U.S. House,SurveyUSA,NA,IND,lv,480,2026-07-07,2026-07-14,NA,general,https://www.surveyusa.com/client/PollReport.aspx?g=48a62c75-2dbc-4948-9e01-cbeccf52c3d6,Kaylee Peterson,35,Russ Fulcher,45,-10,TRUE
909a333a-6acb-47ed-9a65-5b475b941da2,bce42aff-3db9-4bfb-b9f9-fd0906e4d87f,ID,1,First Congressional District,U.S. House,Change Research,NA,IND,lv,NA,2026-07-28,2026-07-30,NA,general,https://static1.squarespace.com/static/69781c4082a86d0a267710a0/t/6a74dd64f53c5d50f999296c/1786043748443/Release_Polling+Results_Final_8.6.26.pdf,Kaylee Peterson,25,Russ Fulcher,46,-21,TRUE
5127e3d1-530b-4a08-932e-a7ad713e8892,5970b726-94f9-4df8-9bd3-4d85089ab6af,IL,4,Fourth Congressional District,U.S. House,The Bullfinch Group,Independent Center,NA,rv,653,2026-07-31,2026-08-03,NA,general,https://independentcentervoice.com/insights/july-2026-district-survey-illinoiss-4th-congressional-district,Patty Garcia,34,Lupe Castillo,15,19,FALSE
ee771e52-ba71-4ebe-9ed3-fd504e79edb7,5f685b46-8cab-4a13-a34a-4cee1a923ebb,IN,5,Fifth Congressional District,U.S. House,Impact Research,NA,DEM,lv,NA,2026-07-16,2026-07-20,NA,general,https://x.com/DanSpehler/status/2085077555984396724?s=20,J.D. Ford,46,Victoria Spartz,48,-2,TRUE
06ea0f7c-6312-40e6-becc-56fc917c0a38,0d5e295e-a120-4c09-a8c6-06fc948e7245,KY,6,Sixth Congressional District,U.S. House,Public Policy Polling,NA,DEM,rv,675,2026-04-24,2026-04-25,NA,general,https://www.politico.com/newsletters/playbook-pm/2026/05/12/lawmakers-want-more-answers-on-iran-00917015,Cherlynn Stevenson,36,Ralph Alvarado,37,-1,TRUE
06ea0f7c-6312-40e6-becc-56fc917c0a38,0fc6a063-d353-4fec-84f1-11a799dc9845,KY,6,Sixth Congressional District,U.S. House,Public Policy Polling,NA,DEM,rv,675,2026-04-24,2026-04-25,NA,general,https://www.politico.com/newsletters/playbook-pm/2026/05/12/lawmakers-want-more-answers-on-iran-00917015,Zach Dembo,38,Ryan Dotson,33,5,TRUE
06ea0f7c-6312-40e6-becc-56fc917c0a38,462962e1-66a1-4559-8f42-d34356e1ca3f,KY,6,Sixth Congressional District,U.S. House,Public Policy Polling,NA,DEM,rv,675,2026-04-24,2026-04-25,NA,general,https://www.politico.com/newsletters/playbook-pm/2026/05/12/lawmakers-want-more-answers-on-iran-00917015,Zach Dembo,37,Ralph Alvarado,37,0,TRUE
06ea0f7c-6312-40e6-becc-56fc917c0a38,5c28f7d2-a17b-4dda-b499-5c316537d92e,KY,6,Sixth Congressional District,U.S. House,Public Policy Polling,NA,DEM,rv,675,2026-04-24,2026-04-25,NA,general,https://www.politico.com/newsletters/playbook-pm/2026/05/12/lawmakers-want-more-answers-on-iran-00917015,Cherlynn Stevenson,36,Ryan Dotson,37,-1,TRUE
ce844147-e0fc-47cb-bb72-f56747f82bce,29cb27fc-0738-4b10-8cf6-d178b5f35298,KY,6,Sixth Congressional District,U.S. House,GQR,NA,DEM,lv,NA,2026-06-24,2026-06-28,NA,general,https://insideelections.com/kentucky-6-new-poll-fuels-democratic-optimism/,Zach Dembo,39,Ralph Alvarado,42,-3,TRUE
b3a80974-ad5a-4c98-8928-0160b9eac678,52313532-96f7-487f-9220-c4b80e73b971,KY,6,Sixth Congressional District,U.S. House,DCCC Targeting Team,NA,DEM,lv,474,2026-07-29,2026-07-30,NA,general,https://www.kentucky.com/news/politics-government/article316781408.html,Zach Dembo,47,Ralph Alvarado,47,0,TRUE
e1baee06-61cd-4602-8782-9ba5750f3b23,8286c9d2-2bc4-4007-a83d-f56cea75341b,KY,6,Sixth Congressional District,U.S. House,Lake Research Partners,House Majority PAC,DEM,lv,NA,2026-08-17,2026-08-23,NA,general,https://www.ms.now/news/house-democrats-map-trump-midterms-money,Zach Dembo,45,Ralph Alvarado,44,1,TRUE
93b0e606-78d3-4b38-8b50-7e97b9e613f5,1820b92b-3719-4c4a-b889-b094c1df0deb,MD,1,First Congressional District,U.S. House,Z to A Research,NA,DEM,lv,482,2026-07-23,2026-07-27,NA,general,https://x.com/Schwartz4_MD1st/status/2091206765144916152,Dan Schwartz,39,Andy Harris,52,-13,TRUE
fb7e172d-fdbc-4ef1-b4b9-de046036c933,bc01452c-b04a-4e9e-8572-60f00ef4db0d,ME,2,Second Congressional District,U.S. House,Ragnar Research Partners,Congressional Leadership Fund,REP,lv,400,2025-04-13,2025-04-15,NA,general,https://www.notus.org/2026-election/jared-golden-paul-lepage-poll-maine-congressional-leadership-fund,Jared Golden,43,Paul LePage,48,-5,TRUE
61637f40-79d4-4b9a-9b0b-256aec63804e,9a23682e-9ce8-43d3-b2f5-b122daffad4b,ME,2,Second Congressional District,U.S. House,Mellman Group,NA,DEM,lv,400,2025-06-04,2025-06-10,NA,general,https://www.notus.org/house/maine-jared-golden-maine-2nd-congressional-district-poll,Jared Golden,44,Paul LePage,43,1,TRUE
1a3cbc7a-9ae3-4bcd-a2dc-3a59cfc406c8,62d148c5-c4f4-46a1-bfbc-324182f6d800,ME,2,Second Congressional District,U.S. House,University of New Hampshire,NA,NA,a,394,2025-06-19,2025-06-23,NA,general,https://scholars.unh.edu/survey_center_polls/879/,Jared Golden,47,Paul LePage,50,-3,FALSE
1e9d1390-8461-48d8-a0e7-a9b01e6c8dd9,b05d06a8-a6b2-43c4-bbde-8eca57cc1bf0,ME,2,Second Congressional District,U.S. House,University of New Hampshire,NA,NA,lv,521,2025-10-16,2025-10-21,NA,general,https://scholars.unh.edu/survey_center_polls/897/,Jared Golden,44,Paul LePage,49,-5,FALSE
15757c4d-b890-4852-b6f8-3011deda6800,3489bc74-0310-46f2-ab8b-796f92572573,ME,2,Second Congressional District,U.S. House,Pan Atlantic SMS Group,NA,DEM,lv,387,2025-11-29,2025-12-07,NA,general,https://punchbowl.news/wp-content/uploads/baldacci-poll.pdf,Joe Baldacci,43,Paul LePage,44,-1,TRUE
5689d9df-5f0f-4060-bbe2-6543a6a67a9e,588acc12-b1d5-4ae6-a8f7-ed376e93e45b,ME,2,Second Congressional District,U.S. House,University of New Hampshire,NA,NA,lv,520,2026-02-12,2026-02-16,NA,general,https://scholars.unh.edu/survey_center_polls/930/,Jordan Wood,44,Paul LePage,48,-4,FALSE
5689d9df-5f0f-4060-bbe2-6543a6a67a9e,816b9220-928f-482b-8fdf-4dcf0d632784,ME,2,Second Congressional District,U.S. House,University of New Hampshire,NA,NA,lv,520,2026-02-12,2026-02-16,NA,general,https://scholars.unh.edu/survey_center_polls/930/,Matt Dunlap,46,Paul LePage,47,-1,FALSE
5689d9df-5f0f-4060-bbe2-6543a6a67a9e,ec9a937a-861c-4a2d-acb5-beab8ed507b2,ME,2,Second Congressional District,U.S. House,University of New Hampshire,NA,NA,lv,520,2026-02-12,2026-02-16,NA,general,https://scholars.unh.edu/survey_center_polls/930/,Joe Baldacci,47,Paul LePage,48,-1,FALSE
e15731a0-b008-4f62-bbbb-eb3f3eb62701,d13a6fda-c3b9-4b35-a71f-35637f435d70,ME,2,Second Congressional District,U.S. House,Upswing Research,NA,DEM,lv,403,2026-02-24,2026-02-27,NA,general,https://mcusercontent.com/affd624ecfc44efb4e393ea55/files/ba5403a9-cfe2-f1ce-d30a-69a6d0c916e9/Jordan_Wood_IP_Memo.pdf,Jordan Wood,45,Paul LePage,52,-7,TRUE
ac03c1df-2f0d-4fca-b638-ba251f92c128,1ce8dd95-98af-44ef-a7d7-1cccd0a56d1b,ME,2,Second Congressional District,U.S. House,co/efficient,NRCC,REP,lv,918,2026-04-26,2026-04-28,NA,general,https://www.politico.com/news/2026/05/08/gop-polls-show-they-have-a-shot-at-flipping-house-dem-districts-trump-won-00910791,Joe Baldacci,40,Paul LePage,50,-10,TRUE
ac03c1df-2f0d-4fca-b638-ba251f92c128,3ca501d1-cb7f-407a-8ba0-938e300e8d3b,ME,2,Second Congressional District,U.S. House,co/efficient,NRCC,REP,lv,918,2026-04-26,2026-04-28,NA,general,https://www.politico.com/news/2026/05/08/gop-polls-show-they-have-a-shot-at-flipping-house-dem-districts-trump-won-00910791,Matt Dunlap,40,Paul LePage,50,-10,TRUE
ac03c1df-2f0d-4fca-b638-ba251f92c128,b3cf21ea-4ad7-4c91-adb3-aab9343494a5,ME,2,Second Congressional District,U.S. House,co/efficient,NRCC,REP,lv,918,2026-04-26,2026-04-28,NA,general,https://www.politico.com/news/2026/05/08/gop-polls-show-they-have-a-shot-at-flipping-house-dem-districts-trump-won-00910791,Generic Democrat,41,Generic Republican,48,-7,TRUE
09a21c73-2dcf-4c37-8c14-fa62361b2c7e,0e5a39a4-2a54-4b14-9728-63828eeacba5,ME,2,Second Congressional District,U.S. House,Pan Atlantic SMS Group,NA,DEM,lv,418,2026-05-08,2026-05-18,NA,general,https://panatlanticresearch.com/omnibus?_hsenc=p2ANqtz--mveNzLZvrz2o4YuEa_SKLf2ii0MZZVGozgzHfLpMabnQ90q1oovMYUV0sTsyHjLApBbjAh9JT-pWPxeqioipHBuJpTA&_hsmi=419719216&utm_content=419719216,Joe Baldacci,49,Paul LePage,41,8,TRUE
323bf26d-5b35-4615-bfab-ae10a8f170a1,410f904a-5cee-4936-aafc-79817177057f,ME,2,Second Congressional District,U.S. House,Tulchin Research,NA,DEM,lv,600,2026-07-11,2026-07-16,NA,general,https://x.com/PatrickSvitek/status/2079151831998230855,Matt Dunlap,49,Paul LePage,48,1,TRUE
b2619401-96a2-4c9e-847a-530e24cf3495,83c0b726-dd53-4395-b72f-22453fd4857f,ME,2,Second Congressional District,U.S. House,Impact Research,House Majority PAC,DEM,lv,500,2026-09-08,2026-09-12,NA,general,https://x.com/cjwarnke/status/2099903179022340565,Matt Dunlap,49,Paul LePage,49,0,TRUE
b2619401-96a2-4c9e-847a-530e24cf3495,f2697651-a9f0-48ff-b800-6b849d4b6266,ME,2,Second Congressional District,U.S. House,Impact Research,House Majority PAC,DEM,lv,500,2026-09-08,2026-09-12,NA,general,https://x.com/cjwarnke/status/2099903179022340565,Generic Democrat,45,Generic Republican,49,-4,TRUE
24a6bdc7-2392-455c-95c2-e4dcf914df16,4492ab65-a1ca-4d55-818f-7e3c26b66a95,MI,10,Tenth Congressional District,U.S. House,Public Policy Polling,NA,DEM,rv,592,2026-01-16,2026-01-17,NA,general,https://www.the-downballot.com/p/morning-digest-why-a-top-two-lockout,Christina Hines,44,Mike Bouchard,42,2,TRUE
24a6bdc7-2392-455c-95c2-e4dcf914df16,5dd23da0-2ddb-4691-b4a2-97ad4ea16ca5,MI,10,Tenth Congressional District,U.S. House,Public Policy Polling,NA,DEM,rv,592,2026-01-16,2026-01-17,NA,general,https://www.the-downballot.com/p/morning-digest-why-a-top-two-lockout,Tim Greimel,42,Mike Bouchard,44,-2,TRUE
24a6bdc7-2392-455c-95c2-e4dcf914df16,c37e4afe-dbaf-416d-a418-970b9d6c5705,MI,10,Tenth Congressional District,U.S. House,Public Policy Polling,NA,DEM,rv,592,2026-01-16,2026-01-17,NA,general,https://www.the-downballot.com/p/morning-digest-why-a-top-two-lockout,Eric Chung,41,Mike Bouchard,43,-2,TRUE
1bbba9e5-9a61-4e9f-a51f-de01f0f22bc1,c670ba54-5e35-4126-9e7f-647b6d453405,MI,10,Tenth Congressional District,U.S. House,Global Strategy Group,House Majority PAC,DEM,lv,600,2026-08-10,2026-08-13,NA,general,https://www.thehousemajoritypac.com/news/hmp-poll-christina-hines-tied-with-michael-bouchard-junior-in-mi-10,Christina Hines,45,Mike Bouchard,45,0,TRUE
f33c3514-2271-4179-93da-6545ef164594,fe110e9b-4432-46d0-a449-e5ab00165145,MI,4,Fourth Congressional District,U.S. House,Public Policy Polling,NA,NA,rv,559,2025-11-20,2025-11-21,NA,general,https://x.com/jamesd0wns/status/1996180114200043757,Sean McCann,42,Bill Huizenga,44,-2,FALSE
4bb2d1b7-92d7-483f-a42f-600217a627e3,5926a856-6a7b-42d8-b92a-a3a6f4f4956e,MI,4,Fourth Congressional District,U.S. House,Ragnar Research Partners,Conservatives for America,REP,lv,400,2026-03-12,2026-03-14,NA,general,https://punchbowl.news/article/campaigns/bad-gop-polls/,Generic Democrat,42,Generic Republican,43,-1,TRUE
4bb2d1b7-92d7-483f-a42f-600217a627e3,a45d8122-2cbe-416b-b3cb-9c1eecb3185b,MI,4,Fourth Congressional District,U.S. House,Ragnar Research Partners,Conservatives for America,REP,lv,400,2026-03-12,2026-03-14,NA,general,https://punchbowl.news/article/campaigns/bad-gop-polls/,Sean McCann,42,Bill Huizenga,48,-6,TRUE
f98ec1dd-17e0-4c51-891e-20c76fabcc89,4e0d4565-fbce-4a79-b5bd-335d40677b91,MI,4,Fourth Congressional District,U.S. House,GBAO,NA,DEM,lv,500,2026-05-28,2026-06-01,NA,general,https://www.semafor.com/article/06/08/2026/democrat-mccann-pulls-ahead-in-key-house-race,Sean McCann,48,Bill Huizenga,45,3,TRUE
e626001c-b2c8-4127-a807-304326b6bbfa,26a4c61c-dc57-4f40-9568-166ba0eecf1b,MI,7,Seventh Congressional District,U.S. House,Public Policy Polling,NA,NA,rv,557,2025-10-27,2025-10-28,NA,general,https://x.com/PollTracker2024/status/1985825601861619788,Matt Maasdam,43,Tom Barrett,39,4,FALSE
e626001c-b2c8-4127-a807-304326b6bbfa,c63f0616-c9d2-490e-970f-f554ce72604f,MI,7,Seventh Congressional District,U.S. House,Public Policy Polling,NA,NA,rv,557,2025-10-27,2025-10-28,NA,general,https://x.com/PollTracker2024/status/1985825601861619788,Bridget Brink,45,Tom Barrett,41,4,FALSE
a919c435-cee7-4097-ae27-b4a8b4d9d094,1e687d04-f19c-4b0e-b39a-2a570ccdcd52,MI,7,Seventh Congressional District,U.S. House,Public Policy Polling,NA,DEM,rv,519,2026-04-24,2026-04-25,NA,general,https://x.com/new_poli/status/2054277257191964939,Bridget Brink,46,Tom Barrett,45,1,TRUE
a919c435-cee7-4097-ae27-b4a8b4d9d094,d7117f1d-ed1d-4145-ad8e-5f87f509bbae,MI,7,Seventh Congressional District,U.S. House,Public Policy Polling,NA,DEM,rv,519,2026-04-24,2026-04-25,NA,general,https://x.com/new_poli/status/2054277257191964939,Matt Maasdam,45,Tom Barrett,44,1,TRUE
ec803372-f88f-42cf-a8ed-822786ebc5dd,0f52516a-469f-4e98-a1e0-4d9e1cc52d3e,MI,7,Seventh Congressional District,U.S. House,Data for Progress,NA,DEM,lv,772,2026-06-24,2026-06-30,NA,general,https://www.semafor.com/article/07/06/2026/progressives-see-polling-candidate-momentum-in-michigan,Bridget Brink,45,Tom Barrett,46,-1,TRUE
ec803372-f88f-42cf-a8ed-822786ebc5dd,b01091e6-a0c6-4748-86b9-22a0e84c154f,MI,7,Seventh Congressional District,U.S. House,Data for Progress,NA,DEM,lv,772,2026-06-24,2026-06-30,NA,general,https://www.semafor.com/article/07/06/2026/progressives-see-polling-candidate-momentum-in-michigan,Matt Maasdam,46,Tom Barrett,47,-1,TRUE
ec803372-f88f-42cf-a8ed-822786ebc5dd,b78fe05c-d9ed-4022-951e-ad485c0c4f9f,MI,7,Seventh Congressional District,U.S. House,Data for Progress,NA,DEM,lv,772,2026-06-24,2026-06-30,NA,general,https://www.semafor.com/article/07/06/2026/progressives-see-polling-candidate-momentum-in-michigan,William Lawrence,48,Tom Barrett,46,2,TRUE
064f28db-abd1-4477-bae8-6801a00a4d6b,fe2ae11f-b88e-4e35-a7f9-02b3f6c32bf8,MI,7,Seventh Congressional District,U.S. House,Global Strategy Group,House Majority PAC,DEM,lv,NA,2026-08-11,2026-08-13,NA,general,https://www.thehousemajoritypac.com/news/hmp-poll-william-lawrence-leads-tom-barrett-in-mi-07,William Lawrence,49,Tom Barrett,47,2,TRUE
20012cfb-ab35-4259-9d47-328c107cf770,ad67e95f-a140-481e-8672-a9120ae30f46,MN,1,First Congressional District,U.S. House,Public Policy Polling,NA,DEM,rv,708,2026-02-02,2026-02-03,NA,general,https://www.politico.com/newsletters/weekly-score/2026/02/09/the-big-ads-from-the-big-game-00770981,Jake Johnson,41,Brad Finstad,44,-3,TRUE
f9f97bf0-b593-4acb-bfc6-e9203f235552,064c39ff-785f-4000-aa18-ae93bb2657f1,MN,1,First Congressional District,U.S. House,Ragnar Research Partners,Conservatives for America,REP,lv,400,2026-03-12,2026-03-14,NA,general,https://punchbowl.news/article/campaigns/bad-gop-polls/,Jake Johnson,42,Brad Finstad,52,-10,TRUE
f9f97bf0-b593-4acb-bfc6-e9203f235552,4f43a9db-fa9e-4f83-9fb7-8e7b147bbe3c,MN,1,First Congressional District,U.S. House,Ragnar Research Partners,Conservatives for America,REP,lv,400,2026-03-12,2026-03-14,NA,general,https://punchbowl.news/article/campaigns/bad-gop-polls/,Generic Democrat,40,Generic Republican,45,-5,TRUE
28e209eb-7962-406d-8159-b94b6d1edee1,05fb7fe6-7d9b-4a30-8bca-f10ee6c2d581,MN,2,Second Congressional District,U.S. House,Harper Polling,NA,REP,lv,415,2026-06-18,2026-06-21,NA,general,https://alphanews.org/exclusive-new-poll-shows-republican-eric-pratt-in-close-race-with-dfl-congressional-candidates/,Kaela Berg,43,Eric Pratt,43,0,TRUE
28e209eb-7962-406d-8159-b94b6d1edee1,40f349bc-fe1b-4363-8110-8e0b90ca8994,MN,2,Second Congressional District,U.S. House,Harper Polling,NA,REP,lv,415,2026-06-18,2026-06-21,NA,general,https://alphanews.org/exclusive-new-poll-shows-republican-eric-pratt-in-close-race-with-dfl-congressional-candidates/,Matt Klein,43,Eric Pratt,42,1,TRUE
28e209eb-7962-406d-8159-b94b6d1edee1,9bd706ca-b550-472b-801d-1c237b1d7143,MN,2,Second Congressional District,U.S. House,Harper Polling,NA,REP,lv,415,2026-06-18,2026-06-21,NA,general,https://alphanews.org/exclusive-new-poll-shows-republican-eric-pratt-in-close-race-with-dfl-congressional-candidates/,Matt Little,45,Eric Pratt,40,5,TRUE
e51e7d84-b30f-4186-a1f1-07c0800edcfb,f823717b-642c-4cd5-8c37-f51fda0004bd,MT,1,First Congressional District,U.S. House,Tulchin Research,No Surrender Fund,DEM,lv,424,2025-11-22,2025-11-25,NA,general,https://www.documentcloud.org/documents/26462582-mt-01-tulchin-research-dec-2025/?utm_source=substack&utm_medium=email,Ryan Busse,47,Ryan Zinke,43,4,TRUE
0245de88-747f-4893-9c92-fd35eb70f977,73e8c905-d20f-4d20-85d2-8150cf0e2551,MT,1,First Congressional District,U.S. House,Peak Insights,Leadership in Action,REP,lv,400,2026-01-12,2026-01-15,NA,general,https://www.the-downballot.com/p/morning-digest-arizona-democrats,Sam Forstag,38,Ryan Zinke,48,-10,TRUE
0245de88-747f-4893-9c92-fd35eb70f977,957f3c8e-b3ac-4427-8c46-d0bf1e0df13b,MT,1,First Congressional District,U.S. House,Peak Insights,Leadership in Action,REP,lv,400,2026-01-12,2026-01-15,NA,general,https://www.the-downballot.com/p/morning-digest-arizona-democrats,Ryan Busse,41,Ryan Zinke,47,-6,TRUE
f55d29d1-a799-4b26-8406-120005160eee,323b4500-3ecc-4267-9e6f-f51cee1f5d48,MT,1,First Congressional District,U.S. House,Upswing Research,314 Action,DEM,lv,401,2026-04-30,2026-05-05,NA,general,https://x.com/PatrickSvitek/status/2054609849439199263?s=20,Matt Rains,43,Aaron Flint,47,-4,TRUE
f55d29d1-a799-4b26-8406-120005160eee,5de721be-511b-4adc-8e23-4fdedf6e55d0,MT,1,First Congressional District,U.S. House,Upswing Research,314 Action,DEM,lv,401,2026-04-30,2026-05-05,NA,general,https://x.com/PatrickSvitek/status/2054609849439199263?s=20,Sam Forstag,43,Aaron Flint,48,-5,TRUE
6f4f65a0-437e-4ea3-b0c0-06ebc4e20386,79b59120-810a-49f9-bf53-aa2b5b9a6880,MT,1,First Congressional District,U.S. House,Impact Research,NA,DEM,lv,500,2026-06-22,2026-06-25,NA,general,https://x.com/JacobRubashkin/status/2071693706843799687?s=20,Sam Forstag,44,Aaron Flint,44,0,TRUE
b611f1b0-7ca1-49c8-9c2d-29140802d492,997a4cc3-4ad3-4ce1-a20b-f5ad4a11d584,MT,1,First Congressional District,U.S. House,Rutgers-Eagleton,Montana Free Press,NA,rv,375,2026-08-27,2026-09-07,NA,general,https://montanafreepress.org/2026/09/11/alme-holds-an-8-point-lead-over-bodnar-in-senate-race/,Sam Forstag,41,Aaron Flint,42,-1,FALSE
a77ecdd0-89ee-4b0f-acd1-e0968f0a84a4,65f2b98a-53d8-4e9c-9208-9fa494910519,MT,1,First Congressional District,U.S. House,Public Policy Polling,The Bench,DEM,rv,536,2026-09-09,2026-09-10,NA,general,https://x.com/zachblackburn23/status/2100002534383358350,Sam Forstag,45,Aaron Flint,43,2,TRUE
a77ecdd0-89ee-4b0f-acd1-e0968f0a84a4,a7c13f85-e6f2-4fc0-a93d-37f14784a0b5,MT,1,First Congressional District,U.S. House,Public Policy Polling,The Bench,DEM,rv,536,2026-09-09,2026-09-10,NA,general,https://x.com/zachblackburn23/status/2100002534383358350,Generic Democrat,44,Generic Republican,48,-4,TRUE
b611f1b0-7ca1-49c8-9c2d-29140802d492,5444a360-62b4-470c-8911-5e7c73562fe6,MT,2,Second Congressional District,U.S. House,Rutgers-Eagleton,Montana Free Press,NA,rv,NA,2026-08-27,2026-09-07,NA,general,https://montanafreepress.org/2026/09/11/alme-holds-an-8-point-lead-over-bodnar-in-senate-race/,Brian Miller,26,Troy Downing,48,-22,FALSE
3440fa4a-0c67-43d6-a61b-504c00357db0,3dca5f86-869e-4395-915f-194c5b19b130,NC,1,First Congressional District,U.S. House,GQR,NA,DEM,lv,500,2026-01-29,2026-02-02,NA,general,https://x.com/nicholaswu12/status/2029953742385131930?s=20,Generic Democrat,43,Generic Republican,47,-4,TRUE
3440fa4a-0c67-43d6-a61b-504c00357db0,d07a0beb-e955-4d28-b2c8-2b3d0d079edd,NC,1,First Congressional District,U.S. House,GQR,NA,DEM,lv,500,2026-01-29,2026-02-02,NA,general,https://x.com/nicholaswu12/status/2029953742385131930?s=20,Don Davis,42,Laurie Buckhout,39,3,TRUE
f50b80ab-4b2b-4f4e-85a2-893560d1be1e,2853faf1-55eb-475b-9b01-96e64754fc89,NC,1,First Congressional District,U.S. House,co/efficient,NRCC,REP,lv,842,2026-04-25,2026-04-29,NA,general,https://www.politico.com/news/2026/05/08/gop-polls-show-they-have-a-shot-at-flipping-house-dem-districts-trump-won-00910791,Generic Democrat,42,Generic Republican,46,-4,TRUE
f50b80ab-4b2b-4f4e-85a2-893560d1be1e,3bb93c3b-b216-4834-a2cd-359c3f18ebd5,NC,1,First Congressional District,U.S. House,co/efficient,NRCC,REP,lv,842,2026-04-25,2026-04-29,NA,general,https://www.politico.com/news/2026/05/08/gop-polls-show-they-have-a-shot-at-flipping-house-dem-districts-trump-won-00910791,Don Davis,41,Laurie Buckhout,41,0,TRUE
3c5c743c-3463-46e1-9458-155142adf214,34c68db7-73e5-44e1-b40a-1a01a75d6d21,NC,1,First Congressional District,U.S. House,GQR,NA,DEM,lv,500,2026-06-22,2026-06-28,NA,general,https://x.com/nicholaswu12/status/2072383841000440013?s=20,Don Davis,45,Laurie Buckhout,41,4,TRUE
390834ab-5513-4fd4-a244-040049c809f9,dc689ef2-d91c-4ca9-a357-cfc9e829aabf,NC,1,First Congressional District,U.S. House,GBAO,House Majority PAC,DEM,lv,500,2026-09-08,2026-09-11,NA,general,https://x.com/cjwarnke/status/2099621466887041405,Don Davis,50,Laurie Buckhout,43,7,TRUE
80390dd0-7a40-4a6b-832a-14be558af9cd,311c0e7a-424c-4966-9505-f39f27b21484,NC,10,Tenth Congressional District,U.S. House,Ragnar Research Partners,Conservatives for America,REP,lv,400,2026-03-10,2026-03-12,NA,general,https://punchbowl.news/article/campaigns/bad-gop-polls/,Ashley Bell,37,Pat Harrigan,52,-15,TRUE
80390dd0-7a40-4a6b-832a-14be558af9cd,f9eb1437-171b-4e67-8a29-314c03f8ec3b,NC,10,Tenth Congressional District,U.S. House,Ragnar Research Partners,Conservatives for America,REP,lv,400,2026-03-10,2026-03-12,NA,general,https://punchbowl.news/article/campaigns/bad-gop-polls/,Generic Democrat,38,Generic Republican,51,-13,TRUE
9883bc0a-a564-4639-b4c5-1044c4c0b69f,26910855-fc34-424a-a4c3-7b141aa1c5e5,NC,11,Eleventh Congressional District,U.S. House,Public Policy Polling,The Bench,DEM,rv,531,2026-09-10,2026-09-11,NA,general,https://x.com/zachblackburn23/status/2100002534383358350,Jamie Ager,47,Generic Republican,44,3,TRUE
9883bc0a-a564-4639-b4c5-1044c4c0b69f,cea0fa08-8e9a-47db-8ec4-d6285db8a445,NC,11,Eleventh Congressional District,U.S. House,Public Policy Polling,The Bench,DEM,rv,531,2026-09-10,2026-09-11,NA,general,https://x.com/zachblackburn23/status/2100002534383358350,Generic Democrat,46,Generic Republican,50,-4,TRUE
608e65ee-c82b-443e-9bb7-d652fad9b2d4,3f8e86d6-cafe-47e9-b039-f11aa890b24a,NC,14,Fourteenth Congressional District,U.S. House,Ragnar Research Partners,Conservatives for America,REP,lv,400,2026-03-10,2026-03-12,NA,general,https://punchbowl.news/article/campaigns/bad-gop-polls/,Generic Democrat,38,Generic Republican,47,-9,TRUE
608e65ee-c82b-443e-9bb7-d652fad9b2d4,7b44936e-4518-4010-a89e-e043e89e104b,NC,14,Fourteenth Congressional District,U.S. House,Ragnar Research Partners,Conservatives for America,REP,lv,400,2026-03-10,2026-03-12,NA,general,https://punchbowl.news/article/campaigns/bad-gop-polls/,LaKesha Womack,40,Tim Moore,48,-8,TRUE
10eb3cc2-99ca-4c44-a4f1-ecfea8abf5fb,4b4dc1f7-a94d-4fbc-85c9-7c9a24d82e93,NC,3,Third Congressional District,U.S. House,Tulchin Research,House Majority PAC,DEM,lv,NA,2026-07-27,2026-08-02,NA,general,https://www.ms.now/news/house-democrats-map-trump-midterms-money,Raymond Smith Jr.,41,Greg Murphy,44,-3,TRUE
45fdf5cf-ed62-4bd1-aee9-4c548040c244,97a7282c-7774-455b-adf5-86688be99127,NC,7,Seventh Congressional District,U.S. House,Public Policy Polling,NA,DEM,rv,517,2026-08-19,2026-08-20,NA,general,https://drive.google.com/file/d/1o6PQC-Ya_2KaUtR3MF31t-OCNRQ5t_AB/view,Generic Democrat,43,Generic Republican,48,-5,TRUE
45fdf5cf-ed62-4bd1-aee9-4c548040c244,9cf8ec96-aaab-433b-9df9-6df65ac1adc9,NC,7,Seventh Congressional District,U.S. House,Public Policy Polling,NA,DEM,rv,517,2026-08-19,2026-08-20,NA,general,https://drive.google.com/file/d/1o6PQC-Ya_2KaUtR3MF31t-OCNRQ5t_AB/view,Kimberly Hardy,39,David Rouzer,45,-6,TRUE
45fdf5cf-ed62-4bd1-aee9-4c548040c244,af40f5b0-ba91-4056-84cc-4273343ed044,NC,7,Seventh Congressional District,U.S. House,Public Policy Polling,NA,DEM,rv,517,2026-08-19,2026-08-20,NA,general,https://drive.google.com/file/d/1o6PQC-Ya_2KaUtR3MF31t-OCNRQ5t_AB/view,Kimberly Hardy,43,David Rouzer,49,-6,TRUE
9e1ad074-cff8-4c0f-bfd3-2c97e50decef,a75c660e-1043-4ede-94f2-0cddbf845da5,NC,9,Ninth Congressional District,U.S. House,Lake Research Partners,NA,DEM,lv,400,2026-08-31,2026-09-03,NA,general,https://www.nationaljournal.com/s/732888/democrat-sets-sights-on-nrcc-chair/,Richard Ojeda,42,Richard Hudson,46,-4,TRUE
4a7696a0-ee2f-40a1-816e-9d3ad6f0d0da,52946f15-4ac2-4226-9643-b61a5043d296,NE,1,First Congressional District,U.S. House,Zenith Research,NA,IND,rv,401,2026-05-08,2026-05-11,NA,general,https://x.com/admcrlsn/status/2054957057552331099/photo/1,Chris Backemeyer,38,Mike Flood,45,-7,TRUE
795c1d32-e1b2-4f6c-a05f-d829ab881ad8,3ddac588-45d4-4604-ad2d-fd1766e4c521,NE,1,First Congressional District,U.S. House,Global Strategy Group,Fight for Nebraska PAC,DEM,lv,600,2026-08-31,2026-09-03,NA,general,https://s3.documentcloud.org/documents/28652094/ne-01-global-strategy-group-for-retire-career-politicians-sept-2026.pdf,Chris Backemeyer,49,Mike Flood,45,4,TRUE
795c1d32-e1b2-4f6c-a05f-d829ab881ad8,84688ac6-108a-4493-b192-6c9e6393eca0,NE,1,First Congressional District,U.S. House,Global Strategy Group,Fight for Nebraska PAC,DEM,lv,600,2026-08-31,2026-09-03,NA,general,https://s3.documentcloud.org/documents/28652094/ne-01-global-strategy-group-for-retire-career-politicians-sept-2026.pdf,Chris Backemeyer,43,Mike Flood,42,1,TRUE
490a2251-4e5b-42c6-95ab-be674de75ad4,35d573f9-aea6-44fe-bc52-8df91bd2461d,NE,2,Second Congressional District,U.S. House,Public Policy Polling,NA,NA,rv,594,2025-10-22,2025-10-23,NA,general,https://x.com/AlexThomas/status/1985443621689282924,John Cavanaugh,46,Generic Republican,39,7,FALSE
490a2251-4e5b-42c6-95ab-be674de75ad4,46eebbfb-3209-44ab-958e-ff424afacc71,NE,2,Second Congressional District,U.S. House,Public Policy Polling,NA,NA,rv,594,2025-10-22,2025-10-23,NA,general,https://x.com/AlexThomas/status/1985443621689282924,Generic Democrat,49,Generic Republican,42,7,FALSE
490a2251-4e5b-42c6-95ab-be674de75ad4,f5bf0c58-36a4-4d08-9bda-00aa69873c56,NE,2,Second Congressional District,U.S. House,Public Policy Polling,NA,NA,rv,594,2025-10-22,2025-10-23,NA,general,https://x.com/AlexThomas/status/1985443621689282924,Denise Powell,44,Generic Republican,39,5,FALSE
bb94417f-3a6e-4bd8-9e2d-29ba8c451b23,bff1ff17-7c2e-41ff-9d14-77904a721c51,NE,2,Second Congressional District,U.S. House,SurveyUSA,"Grant Forbes, LLC",NA,lv,182,2026-09-08,2026-09-13,NA,general,https://results.surveyusa.com/client/PollReport.aspx?g=d94236a7-5861-4b7f-9d81-d5a81ab786cc,Denise Powell,46,Brinker Harding,42,4,FALSE
24096bf7-3cb0-468d-8b3a-ffd12207d155,29a202f9-cfc5-496b-8261-3e672cce0c06,NH,2,Second Congressional District,U.S. House,St. Anselm,NA,NA,rv,881,2025-08-26,2025-08-27,NA,general,https://www.anselm.edu/about/anselmian-hub/news/new-saint-anselm-college-survey-center-poll-reveals-shifting-political-landscape-ahead-2028-primary,Maggie Goodlander,49,Lily Tang Williams,31,18,FALSE
ee58b3cf-d675-4c2c-be68-38bb27afb90b,aeeafceb-7547-40bc-91ac-aef6adf6100c,NH,2,Second Congressional District,U.S. House,University of New Hampshire,NA,NA,lv,508,2025-09-17,2025-09-23,NA,general,https://scholars.unh.edu/cgi/viewcontent.cgi?article=1887&context=survey_center_polls,Maggie Goodlander,51,Lily Tang Williams,39,12,FALSE
0208a971-f1c8-4f04-aae8-2acbc265a583,5ab93d8c-0f9c-42c9-963c-a23e40a5e9b4,NH,2,Second Congressional District,U.S. House,St. Anselm,NA,NA,rv,1102,2025-11-18,2025-11-19,NA,general,https://www.anselm.edu/about/anselmian-hub/news/new-poll-saint-anselm-college-survey-shows-declining-optimism-democracy-dominant-issue-and-early-partisan-divides-ahead-2026,Maggie Goodlander,40,Lily Tang Williams,35,5,FALSE
f93e7e0b-ac53-45cd-b753-fb628b1246d0,38092adc-f38b-4e47-8ddd-17a5e132b479,NH,2,Second Congressional District,U.S. House,University of New Hampshire,NA,NA,lv,1094,2026-01-15,2026-01-19,NA,general,https://scholars.unh.edu/survey_center_polls/922/,Maggie Goodlander,54,Lily Tang Williams,40,14,FALSE
d7616879-a233-45d2-ac0f-5d506dbc64a3,4a73f8cd-f915-47c0-8b5d-c3811ff9a8e1,NH,2,Second Congressional District,U.S. House,St. Anselm,NA,NA,rv,739,2026-03-16,2026-03-18,NA,general,https://www.anselm.edu/about/anselmian-hub/news/new-poll-saint-anselm-college-survey-shows-democrats-gaining-ground-republicans-face-political-headwinds,Maggie Goodlander,48,Lily Tang Williams,36,12,FALSE
323ff676-e8d3-44aa-a932-d8cb8fbc0695,f78d53af-dcff-4a02-bf23-b868ed7c8c10,NH,2,Second Congressional District,U.S. House,St. Anselm,NA,NA,rv,802,2026-06-24,2026-06-25,NA,general,https://www.anselm.edu/about/anselmian-hub/news/saint-anselm-college-survey-center-june-poll-finds-democrats-expand-generic-ballot-lead,Maggie Goodlander,50,Lily Tang Williams,31,19,FALSE
ceea1397-da26-4ef3-8b12-629a82c88d6c,fef3b73a-3ef3-4819-ab97-cff56477fb80,NH,2,Second Congressional District,U.S. House,St. Anselm,NA,NA,lv,701,2026-08-17,2026-08-18,NA,general,https://www.anselm.edu/about/anselmian-hub/news/new-saint-anselm-college-poll-finds-republicans-facing-midterm-headwinds-democratic-lead-widens,Maggie Goodlander,50,Lily Tang Williams,35,15,FALSE
7e8192ff-7bb0-4b74-8e02-01973db226b2,e69b7347-5d0d-4e07-ba75-c64bd6b2af0a,NJ,11,Eleventh Congressional District,U.S. House,GBAO,NA,DEM,lv,500,2026-03-08,2026-03-10,NA,special,https://x.com/daveweigel/status/2034358014396744051,Analilia Mejia,53,Joe Hathaway,36,17,TRUE
1f1d93d8-d35a-4c69-ac7d-93f2eb120b0a,e8eb78b3-2496-4f8a-87df-15773fa89922,NJ,2,Second Congressional District,U.S. House,Public Policy Polling,Voter Protection Project,DEM,rv,505,2025-05-21,2025-05-22,NA,general,https://newjerseyglobe.com/congress/dem-group-polling-in-nj-2-as-party-looks-to-expand-playing-field/,Generic Democrat,36,Jeff Van Drew,46,-10,TRUE
7cf4ffbe-1c0e-4672-a077-1f3ca0aed5ba,87e7c328-4635-4a49-921e-7e7296fff543,NJ,7,Seventh Congressional District,U.S. House,Z to A Research,314 Action,DEM,lv,430,2026-05-24,2026-05-26,NA,general,https://newjerseyglobe.com/congress/shah-leads-kean-in-head-to-head-matchup-allied-groups-poll-says/,Rebecca Bennett,47,Thomas H. Kean Jr.,43,4,TRUE
7cf4ffbe-1c0e-4672-a077-1f3ca0aed5ba,b07b32dc-f9af-4a73-8f4a-6f7ce6c03423,NJ,7,Seventh Congressional District,U.S. House,Z to A Research,314 Action,DEM,lv,430,2026-05-24,2026-05-26,NA,general,https://newjerseyglobe.com/congress/shah-leads-kean-in-head-to-head-matchup-allied-groups-poll-says/,Tina Shah,46,Thomas H. Kean Jr.,43,3,TRUE
914f7531-147c-48a3-bfd4-d222a420a548,83c623b3-db5d-4996-8600-cded50b95f85,NJ,7,Seventh Congressional District,U.S. House,StimSight Research,InsiderNJ,NA,lv,498,2026-09-08,2026-09-12,NA,general,https://www.insidernj.com/insider-nj-stimsight-poll-finds-bennett-leads-kean-in-new-jerseys-7th-district-affordability-of-household-goods-is-a-crucial-factor-for-persuadable-voters/,Rebecca Bennett,47,Thomas H. Kean Jr.,42,5,FALSE
06bcf2dd-2622-4984-9d26-992e75d54d69,167a1161-87dc-4101-8558-334cce646f2e,NM,2,Second Congressional District,U.S. House,co/efficient,NRCC,REP,lv,879,2026-04-26,2026-04-28,NA,general,https://www.politico.com/news/2026/05/08/gop-polls-show-they-have-a-shot-at-flipping-house-dem-districts-trump-won-00910791,Gabe Vasquez,43,Greg Cunningham,41,2,TRUE
06bcf2dd-2622-4984-9d26-992e75d54d69,da8a7298-eab0-4dd5-b659-f7d3d7cd9b83,NM,2,Second Congressional District,U.S. House,co/efficient,NRCC,REP,lv,879,2026-04-26,2026-04-28,NA,general,https://www.politico.com/news/2026/05/08/gop-polls-show-they-have-a-shot-at-flipping-house-dem-districts-trump-won-00910791,Generic Democrat,45,Generic Republican,45,0,TRUE
4cad4c84-d015-49ef-b046-404cbc081d2a,c13e2f77-0ba6-4416-8538-cf07980308fc,NV,2,Second Congressional District,U.S. House,Wedgewood Polls,NA,NA,lv,350,2026-07-09,2026-07-12,NA,general,https://x.com/WedgewoodPolls/status/2076798406132212168?s=20,Teresa Benitez-Thompson,48,David Flippo,46,2,FALSE
988adfe9-8318-4ceb-89bc-3fe87708f7da,5011f2ac-15cb-4747-9d87-8e3ff9d6c10e,NV,2,Second Congressional District,U.S. House,Strategies 360,NA,DEM,lv,400,2026-08-22,2026-08-26,NA,general,https://drive.google.com/file/d/1OY77MVmFy9kpb6V6EexJ3t147QVbEHi7/view?_hsenc=p2ANqtz-8gRbuXGaMXQfNO0B2xON9n9KUB5PkJYQoLOnlYcCgtshobWJVd0l6mtJl-QWKxcYQXduQY8jM6RcI41b-jqQyeS8vOag0jusmm-And0Ca5UgKw5vc,Teresa Benitez-Thompson,42,David Flippo,45,-3,TRUE
f41345b2-ce2e-4cb3-8bfa-0497cc951819,3d4240da-e103-424a-9c5c-367d525196a8,NV,2,Second Congressional District,U.S. House,GBAO,Nevada Alliance,DEM,lv,500,2026-08-31,2026-09-03,NA,general,https://thenevadaindependent.com/article/does-teresa-benitez-thompson-stand-a-chance-in-deep-red-northern-nevada,Teresa Benitez-Thompson,38,David Flippo,37,1,TRUE
c4ac660b-506e-4108-8384-f898c7ca6c39,8e84dd24-3cf0-4fea-bb76-3381e9321340,NY,1,First Congressional District,U.S. House,Public Policy Polling,House Majority PAC,DEM,rv,579,2025-12-10,2025-12-11,NA,general,https://www.politico.com/newsletters/new-york-playbook/2026/01/08/lefty-showdown-to-fill-la-luchadoras-seat-00715779,Chris Gallant,38,Nicholas J. LaLota,41,-3,TRUE
87e7b4ad-6a1a-42cd-b11b-a7887728daac,18b0ae0b-afe4-4137-8b3b-9eb305a85c59,NY,17,Seventeenth Congressional District,U.S. House,Impact Research,Protecting American Consumers Together,NA,lv,500,2026-02-09,2026-02-17,NA,general,https://protectingamericanconsumers.org/wp-content/uploads/2026/02/IMPACT-NY-2026-Poll.pdf,Generic Democrat,44,Generic Republican,39,5,FALSE
e8f5db76-80c8-4a5b-bf5b-9ee27abb069f,bae2a512-0106-45e7-b47b-021b07385297,NY,17,Seventeenth Congressional District,U.S. House,FM3 Research,House Majority PAC,DEM,lv,509,2026-06-27,2026-07-01,NA,general,https://www.politico.com/newsletters/playbook/2026/07/08/inside-the-battle-for-maine-00989731,Cait Conley,51,Mike Lawler,45,6,TRUE
cab0e648-fb61-4072-9032-a321c5c13cb7,4b8bb0db-ae01-4fac-98c2-1a205d5faadd,NY,17,Seventeenth Congressional District,U.S. House,co/efficient,NA,NA,lv,1292,2026-07-20,2026-07-22,NA,general,https://coefficient.org/b96b92b3.pdf,Cait Conley,45,Mike Lawler,50,-5,FALSE
bb45741f-850a-42f5-bf37-f067278d8a64,1680d683-8565-49e7-b55d-0523327417bb,NY,18,Eighteenth Congressional District,U.S. House,Impact Research,Protecting American Consumers Together,NA,lv,500,2026-02-09,2026-02-17,NA,general,https://protectingamericanconsumers.org/wp-content/uploads/2026/02/IMPACT-NY-2026-Poll.pdf,Generic Democrat,42,Generic Republican,35,7,FALSE
5e136809-88c8-469d-9102-fe7947a16c76,07b1fb51-4e53-4918-8aa7-94daf69cfad2,NY,18,Eighteenth Congressional District,U.S. House,Global Strategy Group,NA,DEM,lv,500,2026-07-23,2026-07-26,NA,general,https://www.politico.com/newsletters/new-york-playbook/2026/08/14/republicans-revisit-the-22-crime-playbook-01037591,Generic Democrat,46,Generic Republican,41,5,TRUE
5e136809-88c8-469d-9102-fe7947a16c76,4f1b71b6-1800-4f6e-99e9-35cb1358dc6b,NY,18,Eighteenth Congressional District,U.S. House,Global Strategy Group,NA,DEM,lv,500,2026-07-23,2026-07-26,NA,general,https://www.politico.com/newsletters/new-york-playbook/2026/08/14/republicans-revisit-the-22-crime-playbook-01037591,Pat Ryan,53,Jackie Auringer,39,14,TRUE
17e30dbf-7008-483a-84fd-e02591081557,93986212-baa5-43ff-9003-36cb2797fd6e,NY,21,Twenty-first Congressional Election,U.S. House,Impact Research,NA,DEM,lv,500,2026-05-26,2026-05-31,NA,general,https://www.politico.com/news/2026/06/25/a-district-that-went-20-for-trump-now-in-play-for-democrats-00976934,Blake Gendebien,44,Anthony Constantino,45,-1,TRUE
3d28e432-a04c-4d63-9505-ffb7420b821c,c2700ec6-573d-4ec5-98f0-ea8f644c5da2,NY,21,Twenty-first Congressional Election,U.S. House,SurveyUSA,WNYT-TV Albany,NA,lv,612,2026-08-04,2026-08-08,NA,general,https://results.surveyusa.com/client/PollReport.aspx?g=7dad7202-08be-4fe4-a687-b52480791639,Blake Gendebien,43,Anthony Constantino,39,4,FALSE
25f4995b-08fb-44dc-8dd5-687bd3cc230e,0a5b8ffc-3723-48ab-ae72-bffaf1e2bc18,NY,21,Twenty-first Congressional Election,U.S. House,J.L. Partners,NA,NA,lv,500,2026-08-15,2026-08-17,NA,general,https://nypost.com/2026/08/19/us-news/anthony-constantino-leads-blake-gendebien-in-ny-race-to-succeed-elise-stefanik-poll/,Blake Gendebien,40,Anthony Constantino,53,-13,FALSE
5d0e6a46-7fd3-4033-86bd-344edadde666,f097f72f-75a6-439e-8fde-14c5a19648fb,NY,21,Twenty-first Congressional Election,U.S. House,Impact Research,NA,DEM,lv,500,2026-08-30,2026-09-02,NA,general,https://www.politico.com/newsletters/new-york-playbook/2026/09/08/lawlers-labor-day-parade-01067076,Blake Gendebien,44,Anthony Constantino,47,-3,TRUE
ad89fbf0-7dfe-454d-b5e8-8aa6ce85a136,bd7dcbdb-97d8-4bf7-988d-3d0932c3316d,NY,21,Twenty-first Congressional Election,U.S. House,Public Policy Polling,The Bench,DEM,rv,557,2026-09-09,2026-09-10,NA,general,https://x.com/zachblackburn23/status/2100002534383358350,Generic Democrat,40,Generic Republican,53,-13,TRUE
ad89fbf0-7dfe-454d-b5e8-8aa6ce85a136,f4332be5-1406-4d96-85c0-c27f31ae2a11,NY,21,Twenty-first Congressional Election,U.S. House,Public Policy Polling,The Bench,DEM,rv,557,2026-09-09,2026-09-10,NA,general,https://x.com/zachblackburn23/status/2100002534383358350,Blake Gendebien,43,Anthony Constantino,48,-5,TRUE
dec04d4e-6715-42f2-93cd-0974636778b2,c189298f-ff8b-4e49-8f29-337f608f5b82,NY,4,Fourth Congressional District,U.S. House,Impact Research,Protecting American Consumers Together,NA,lv,500,2026-02-09,2026-02-17,NA,general,https://protectingamericanconsumers.org/wp-content/uploads/2026/02/IMPACT-NY-2026-Poll.pdf,Generic Democrat,46,Generic Republican,41,5,FALSE
3276bf29-e206-4c37-a386-68cbc7a06081,6557fbf4-ec13-4b93-99fc-af92c5cdbec8,OH,1,First Congressional District,U.S. House,Quantus Insights,NA,NA,lv,509,2026-08-21,2026-08-24,NA,general,https://quantusinsights.org/f/new-quantus-insights-survey-ohio%E2%80%99s-1st-district-is-up-for-grabs,Greg Landsman,47.9,Eric Conroy,44.6,3.299999999999997,FALSE
864c4938-85b1-4556-bc43-bccb3e4e21e5,88fb58cc-e4d9-446f-9594-9fdae60b3f44,OH,10,Tenth Congressional District,U.S. House,FM3 Research,House Majority PAC,DEM,lv,NA,2026-07-06,2026-07-12,NA,general,https://drive.google.com/file/d/1_pK0ssxHljLwr1ZUPFkyb9B70kte7IkI/view,Kristina Knickerbocker,41,Mike Turner,48,-7,TRUE
864c4938-85b1-4556-bc43-bccb3e4e21e5,e56c686f-65c9-43e5-a3ed-8d78e47e3ef2,OH,10,Tenth Congressional District,U.S. House,FM3 Research,House Majority PAC,DEM,lv,NA,2026-07-06,2026-07-12,NA,general,https://drive.google.com/file/d/1_pK0ssxHljLwr1ZUPFkyb9B70kte7IkI/view,Generic Democrat,48,Generic Republican,47,1,TRUE
92ea1dfe-337d-466b-817e-a89129a5f06d,37e22a9b-7565-4f37-a156-396fe0364b55,OH,10,Tenth Congressional District,U.S. House,Global Strategy Group,NA,DEM,lv,700,2026-07-20,2026-07-23,NA,general,https://punchbowl.news/oh-10-knickerbocker-memo-f07-24-26-3/,Kristina Knickerbocker,40,Mike Turner,45,-5,TRUE
92ea1dfe-337d-466b-817e-a89129a5f06d,e9acbb9e-cbee-4b82-8f55-48de2096af94,OH,10,Tenth Congressional District,U.S. House,Global Strategy Group,NA,DEM,lv,700,2026-07-20,2026-07-23,NA,general,https://punchbowl.news/oh-10-knickerbocker-memo-f07-24-26-3/,Kristina Knickerbocker,42,Mike Turner,49,-7,TRUE
b0ae3184-2c6b-4373-a0cc-a05174e6ddb5,b2a4c17c-bd59-429d-bcfc-dd4462c712b2,OH,15,Fifteenth Congressional District,U.S. House,Hart Research Associates,House Majority PAC,DEM,lv,550,2026-06-23,2026-06-25,NA,general,https://www.thehousemajoritypac.com/news/hmp-poll-don-leonard-within-striking-distance-of-mike-carey-in-oh-15,Generic Democrat,47,Generic Republican,44,3,TRUE
b0ae3184-2c6b-4373-a0cc-a05174e6ddb5,c705c870-b097-45a9-8e52-48a5163bb4fc,OH,15,Fifteenth Congressional District,U.S. House,Hart Research Associates,House Majority PAC,DEM,lv,550,2026-06-23,2026-06-25,NA,general,https://www.thehousemajoritypac.com/news/hmp-poll-don-leonard-within-striking-distance-of-mike-carey-in-oh-15,Don Leonard,40,Mike Carey,45,-5,TRUE
18a3837a-81ba-470f-a2ae-486cb479b76a,5f54a9aa-c2e2-4420-b20e-b443f4677601,OH,15,Fifteenth Congressional District,U.S. House,Hart Research Associates,NA,DEM,lv,401,2026-08-06,2026-08-09,NA,general,https://www.politico.com/newsletters/weekly-score/2026/08/17/is-it-dans-sullivan-or-dan-sullivans-01038900,Don Leonard,37,Mike Carey,41,-4,TRUE
1e7dc593-8095-4a9e-9cd7-fcdd03fa26b8,9d44fd05-b42b-45d3-b1ab-73ff3c89da9b,OH,7,Seventh Congressional District,U.S. House,GBAO,NA,DEM,lv,500,2026-06-16,2026-06-20,NA,general,https://www.politico.com/newsletters/playbook/2026/06/23/ny-tests-schumer-ai-and-mamdanis-power-00971436,Brian Poindexter,43,Max Miller,44,-1,TRUE
cf142c83-ffb3-4931-97cb-b7bc73cc69de,6398d134-2a44-47c1-afb6-bdb3d1acc7e5,OH,7,Seventh Congressional District,U.S. House,Tavern Research,NA,NA,lv,635,2026-08-04,2026-08-04,NA,general,https://242750075.fs1.hubspotusercontent-na2.net/hubfs/242750075/Toplines%20-%20OH-07%20General%2008_03%20Cint.pdf,Brian Poindexter,54,Max Miller,46,8,FALSE
cf142c83-ffb3-4931-97cb-b7bc73cc69de,90acc63b-5f45-4009-8cde-2e261d509ff3,OH,7,Seventh Congressional District,U.S. House,Tavern Research,NA,NA,lv,635,2026-08-04,2026-08-04,NA,general,https://242750075.fs1.hubspotusercontent-na2.net/hubfs/242750075/Toplines%20-%20OH-07%20General%2008_03%20Cint.pdf,Generic Democrat,50,Generic Republican,50,0,FALSE
50bdaa45-9192-4f3f-9402-e7df19ad0ff4,2f6e465c-b1f4-4446-859d-c5f0c16e19a5,OH,7,Seventh Congressional District,U.S. House,Bedrock Polling,Iron Workers International | The Next 50,DEM,lv,866,2026-08-07,2026-08-10,NA,general,https://www.axios.com/2026/08/11/max-miller-ohio-brian-poindexter-democrats-2026,Brian Poindexter,39,Generic Republican,44,-5,TRUE
50bdaa45-9192-4f3f-9402-e7df19ad0ff4,b4d48acb-1a5a-444b-9094-a52166c3dc5b,OH,7,Seventh Congressional District,U.S. House,Bedrock Polling,Iron Workers International | The Next 50,DEM,lv,866,2026-08-07,2026-08-10,NA,general,https://www.axios.com/2026/08/11/max-miller-ohio-brian-poindexter-democrats-2026,Generic Democrat,43,Generic Republican,44,-1,TRUE
50bdaa45-9192-4f3f-9402-e7df19ad0ff4,f2bec442-4d6c-40d9-ba73-dc8c3063ddbf,OH,7,Seventh Congressional District,U.S. House,Bedrock Polling,Iron Workers International | The Next 50,DEM,lv,866,2026-08-07,2026-08-10,NA,general,https://www.axios.com/2026/08/11/max-miller-ohio-brian-poindexter-democrats-2026,Brian Poindexter,43,Max Miller,35,8,TRUE
fd68275a-5c7e-4660-9427-3c284559935b,3467f556-e744-492e-a929-a566ed6964ee,OH,9,Ninth Congressional District,U.S. House,McLaughlin & Associates,NRCC,REP,lv,400,2026-04-18,2026-04-20,NA,general,https://www.nationaljournal.com/s/731831/exclusive-gop-poll-finds-slight-edge-in-must-win-house-race/?unlock=D93XBJAGANOVA1YA,Marcy Kaptur,43,Derek Merrin,47,-4,TRUE
b8d528af-4b84-445f-ad55-b588dc1734df,9d006fe6-671f-4149-ab20-c1c6acada253,PA,1,First Congressional District,U.S. House,Public Policy Polling,NA,DEM,lv,585,2025-10-10,2025-10-11,NA,general,https://www.notus.org/campaigns/brian-fitzpatrick-democratic-challenger-bob-harvie-poll-race,Bob Harvie,41,Brian Fitzpatrick,41,0,TRUE
5d96c614-598b-4b8c-8aff-d5f8fdb5edcf,bbcef5dd-6128-4251-a3f8-eb4290be962f,PA,1,First Congressional District,U.S. House,Global Strategy Group,NA,DEM,lv,400,2026-03-19,2026-03-22,NA,general,https://www.politicspa.com/can-bob-harvie-end-brian-fitzpatricks-tenure-in-congress/146005/,Bob Harvie,42,Brian Fitzpatrick,48,-6,TRUE
04cf125a-5732-4911-a512-85a61d32ceeb,68b640e7-53f5-48c7-8c5f-cd0749aadd32,PA,1,First Congressional District,U.S. House,Global Strategy Group,NA,DEM,lv,500,2026-08-05,2026-08-09,NA,general,https://politicspa.com/internal-pa-01-poll-shows-harvie-within-margin-of-error-against-fitzpatrick/150216/,Bob Harvie,43,Brian Fitzpatrick,47,-4,TRUE
98ff4d86-156e-43d7-b109-bfe74d4d8f63,1029d10d-ecc8-45a4-b5f2-9cbad35adcab,PA,1,First Congressional District,U.S. House,GQR,House Majority PAC,DEM,lv,400,2026-08-19,2026-08-23,NA,general,https://x.com/cjwarnke/status/2094396860207088039?s=20,Bob Harvie,48,Brian Fitzpatrick,49,-1,TRUE
d03febd2-4ab7-49eb-a00a-fadbbcfb2ac3,4a9f4f62-1dcc-4e52-af51-1f00b4100cf5,PA,1,First Congressional District,U.S. House,Public Opinion Strategies,NRCC,REP,rv,400,2026-09-11,2026-09-14,NA,general,https://x.com/lisakashinsky/status/2100574733318193390,Bob Harvie,42,Brian Fitzpatrick,51,-9,TRUE
09e9ea7a-1660-4fd4-bcc9-43f9692170b8,f64d04fd-a8d1-4fe8-82b5-daa848efcda5,PA,10,Tenth Congressional District,U.S. House,Public Policy Polling,House Majority PAC,DEM,rv,559,2025-07-10,2025-07-11,NA,general,https://www.politico.com/f/?id=00000198-0716-dedb-a3ba-1f3fcb550000,Janelle Stelson,46,Scott Perry,43,3,TRUE
db1320e1-5ce9-4b6f-ad1f-2ea125a9b89c,cab723ea-2ec1-498b-b1a4-7075565619b1,PA,10,Tenth Congressional District,U.S. House,Public Policy Polling,Republicans Against Perry,OTH,rv,549,2025-11-18,2025-11-19,NA,general,https://www.pennlive.com/politics/2025/12/rep-perry-underwater-with-voters-on-job-approval-trails-democrat-who-wants-to-unseat-him-poll.html,Janelle Stelson,48,Scott Perry,44,4,TRUE
2313858e-5711-4c83-abf7-5a9fb713fa32,ca5bc2b8-b759-4f7b-900f-e9c4234ac26d,PA,10,Tenth Congressional District,U.S. House,"Normington, Petts & Associates",NA,DEM,rv,400,2026-04-20,2026-04-23,NA,general,https://www.inquirer.com/politics/election/live/pennsylvania-primary-election-2026-results-house-20260520.html/card-0290e37e-b5bd-4535-aa10-560706ae71ec,Janelle Stelson,51,Scott Perry,45,6,TRUE
71d6acce-6fa2-449e-b896-2211ce9a6e22,8a3c49c2-7102-432d-8d57-e193236945ea,PA,7,Seventh Congressional District,U.S. House,GBAO,House Majority PAC,DEM,lv,NA,2026-06-29,2026-07-02,NA,general,https://www.notus.org/newsletters/the-maine-vacancy,Bob Brooks,47,Ryan E. Mackenzie,43,4,TRUE
8048696d-561b-4a0c-9e5b-9d98927e1a94,fcfcbe4f-d5ca-4095-96f9-9809036e9849,PA,8,Eighth Congressional District,U.S. House,Public Policy Polling,House Majority PAC,DEM,rv,615,2025-08-27,2025-08-28,NA,general,https://www.politico.com/f/?id=00000199-0803-d5db-a5db-dd67425a0000&nname=playbook&nid=0000014f-1646-d88f-a1cf-5f46b7bd0000&nrid=4f4d3aeb-621a-47b9-a66d-d9944fed5257,Paige Cognetti,45,Rob Bresnahan Jr.,43,2,TRUE
2532e8f9-f9bf-4cfa-8b5e-b03c097b3d93,17ba9f9d-d730-48ec-8d0d-a9283b394eca,PA,8,Eighth Congressional District,U.S. House,Impact Research,NA,DEM,lv,500,2026-06-08,2026-06-11,NA,general,https://paigeforpa.com/new-poll-shows-paige-cognetti-leading-stock-trading-congressman-rob-bresnahan-in-toss-up-pa-08-race/,Paige Cognetti,46,Rob Bresnahan Jr.,45,1,TRUE
af754860-bd3b-457b-a877-1be608dc44ac,eff75196-c7ad-4e02-9ac4-989880677690,PA,8,Eighth Congressional District,U.S. House,Lake Research Partners,House Majority PAC,DEM,lv,400,2026-06-18,2026-06-23,NA,general,https://www.politico.com/newsletters/playbook/2026/06/26/wes-moores-vision-for-america-00977774,Paige Cognetti,47,Rob Bresnahan Jr.,45,2,TRUE
7e3caa82-e87f-46b0-a319-bf64684a896d,fd66624d-3d91-45fa-a33f-c6a3162d33d1,SC,1,First Congressional District,U.S. House,Public Policy Polling,NA,DEM,lv,645,2025-12-05,2025-12-06,NA,general,https://s3.documentcloud.org/documents/26379733/sc-01-ppp-for-mac-deford-dec-2025.pdf,Mac Deford,36,Mark Smith,39,-3,TRUE
b02c3a6e-85d0-4b95-84c3-bd996cd6bf21,90dd1c09-da92-41dd-ae65-dddff9851b1c,SC,1,First Congressional District,U.S. House,GQR,House Majority PAC,DEM,lv,NA,2026-07-15,2026-07-22,NA,general,https://www.thehousemajoritypac.com/news/hmp-poll-nancy-lacore-has-a-clear-path-to-victory-in-sc-01,Nancy Lacore,41,Jenny Costa Honeycutt,43,-2,TRUE
b02c3a6e-85d0-4b95-84c3-bd996cd6bf21,dd5b58e7-fc21-4efb-8265-c01d59466399,SC,1,First Congressional District,U.S. House,GQR,House Majority PAC,DEM,lv,NA,2026-07-15,2026-07-22,NA,general,https://www.thehousemajoritypac.com/news/hmp-poll-nancy-lacore-has-a-clear-path-to-victory-in-sc-01,Nancy Lacore,48,Jenny Costa Honeycutt,50,-2,TRUE
92982652-fbb4-408c-88d1-33be48687e93,bbd6d31f-aec7-4dad-8540-5c632e2ae7bf,SC,1,First Congressional District,U.S. House,Public Policy Polling,The Bench,DEM,rv,536,2026-09-09,2026-09-10,NA,general,https://x.com/zachblackburn23/status/2100002534383358350,Generic Democrat,42,Generic Republican,48,-6,TRUE
92982652-fbb4-408c-88d1-33be48687e93,d875721a-1319-445b-b3b4-b8f04a468408,SC,1,First Congressional District,U.S. House,Public Policy Polling,The Bench,DEM,rv,536,2026-09-09,2026-09-10,NA,general,https://x.com/zachblackburn23/status/2100002534383358350,Nancy Lacore,40,Jenny Costa Honeycutt,41,-1,TRUE
7a1a8f5e-7bfb-40ae-8c76-93f3e46b53ed,e3db5db0-8a84-49c6-9055-6c71043b18b9,SC,7,Seventh Congressional District,U.S. House,Blueprint Polling,NA,DEM,lv,557,2026-07-27,2026-07-28,NA,general,https://holycitysinner.com/politics/new-poll-vincent-and-fry-in-statistical-dead-heat-in-south-c/,John Vincent,36.7,Russell Fry,41.1,-4.399999999999999,TRUE
3166ee62-19f9-451f-9085-8ce50172d076,ed164894-1d18-4885-a2b1-e570bcbcc86e,TN,5,Fifth Congressional District,U.S. House,Impact Research,NA,DEM,lv,558,2026-05-11,2026-05-13,NA,general,https://www.nationaljournal.com/s/732074/exclusive-internal-poll-gives-dems-hope-in-tn-05/?unlock=WPL7HCG2TH9QWY2X,Chaz Molder,41,Andy Ogles,47,-6,TRUE
4955225f-a380-4e9f-966a-fd2020588f1a,81ed3871-199c-4018-9090-2cbb3683c5c5,TN,5,Fifth Congressional District,U.S. House,Impact Research,NA,DEM,lv,500,2026-08-19,2026-08-24,NA,general,https://drive.google.com/file/d/1uxQx1A1gQ3pEGYDShe130whSBQoEcImW/view?usp=sharing,Chaz Molder,40,Charlie Hatcher,48,-8,TRUE
cc01c5f0-d327-4b00-b7c7-7eebef0fc5e2,f52805ab-7296-4f74-a77a-5f0dc92db1cd,TN,9,Ninth Congressional District,U.S. House,Hart Research Associates,Tennessee Rise PAC | Three Star PAC,DEM,lv,400,2026-09-01,2026-09-03,NA,general,https://drive.google.com/file/d/13E6k34GmPoJLpQuFn4E-BRFI49esOBoQ/view,Justin Pearson,44,Brent Taylor,48,-4,TRUE
9c41309c-d9ef-4b24-8421-b17206e116a6,d9042b53-b77a-4e61-ae12-595e3b8c72c5,TX,15,Fifteenth Congressional District,U.S. House,Public Policy Polling,House Majority PAC,DEM,rv,533,2025-09-10,2025-09-11,NA,general,https://x.com/birenbomb/status/1968311364751077867,Bobby Pulido,38,Monica De La Cruz,41,-3,TRUE
f31fd054-0b5b-45af-8a80-fe99659f44e8,0d270d6f-7f01-40e0-91e5-eed495553db9,TX,15,Fifteenth Congressional District,U.S. House,Applecart,WelcomePAC,DEM,lv,802,2026-05-18,2026-05-25,NA,general,https://welcome.team/press-releases/Blog%20Post%20Title%20One-3zaa9-zlxng-67tfc-2sf8d,Generic Democrat,46,Generic Republican,49,-3,TRUE
f31fd054-0b5b-45af-8a80-fe99659f44e8,0d72924b-31a5-43d7-a153-8451ce2c0675,TX,15,Fifteenth Congressional District,U.S. House,Applecart,WelcomePAC,DEM,lv,802,2026-05-18,2026-05-25,NA,general,https://welcome.team/press-releases/Blog%20Post%20Title%20One-3zaa9-zlxng-67tfc-2sf8d,Bobby Pulido,48,Monica De La Cruz,46,2,TRUE
258866ca-bfe9-405b-be1e-c510adc81f75,0c3d5fd1-f79b-4df3-b746-74533486b2ed,TX,15,Fifteenth Congressional District,U.S. House,"Normington, Petts & Associates",House Majority PAC,DEM,lv,NA,2026-07-23,2026-07-27,NA,general,https://mailchi.mp/thehousemajoritypac.com/hmp-poll-bobby-pulido-leads-monica-de-la-cruz-in-tx-15,Generic Democrat,48,Generic Republican,46,2,TRUE
258866ca-bfe9-405b-be1e-c510adc81f75,52f834bd-42f8-401e-bbb9-3a4001dc9f08,TX,15,Fifteenth Congressional District,U.S. House,"Normington, Petts & Associates",House Majority PAC,DEM,lv,NA,2026-07-23,2026-07-27,NA,general,https://mailchi.mp/thehousemajoritypac.com/hmp-poll-bobby-pulido-leads-monica-de-la-cruz-in-tx-15,Bobby Pulido,51,Monica De La Cruz,45,6,TRUE
8f898e14-020f-4c71-9b4d-95e6d53a14eb,338f57e5-15ed-4488-90ee-665264426d11,TX,15,Fifteenth Congressional District,U.S. House,Barbara Jordan Public Policy Research and Survey Center,NA,NA,lv,700,2026-08-18,2026-08-22,NA,general,https://static1.squarespace.com/static/67aa7aa3e284b002cd6a420e/t/6a8debe648e3721adb0534b6/1787685864204/SouthTexasCDs2026.pdf,Bobby Pulido,50,Monica De La Cruz,45,5,FALSE
06f1b1a2-e085-4f27-a4f3-c7f346bdc6c3,844cb32a-e4e3-4d73-b488-417419fd061e,TX,23,Twenty-third congressional district,U.S. House,Public Policy Polling,House Majority PAC,DEM,rv,521,2026-03-10,2026-03-11,NA,general,https://www.texastribune.org/2026/03/12/brandon-herrera-democrats-texas-23rd-congressional-district-tony-gonzales/,Generic Democrat,45,Generic Republican,47,-2,TRUE
06f1b1a2-e085-4f27-a4f3-c7f346bdc6c3,e3ae7c48-e4ed-46e0-8087-c5aa5d9dadc1,TX,23,Twenty-third congressional district,U.S. House,Public Policy Polling,House Majority PAC,DEM,rv,521,2026-03-10,2026-03-11,NA,general,https://www.texastribune.org/2026/03/12/brandon-herrera-democrats-texas-23rd-congressional-district-tony-gonzales/,Katy Padilla Stout,40,Brandon Herrera,42,-2,TRUE
85260468-cf88-4a08-926d-b0e7174754f9,567a10c7-3052-4da2-a952-8b706226f0cf,TX,28,Twenty-eighth Congressional District,U.S. House,Pulse Decision Science,NA,REP,lv,400,2026-06-21,2026-06-23,NA,general,https://x.com/birenbomb/status/2072354489642942795,Henry Cuellar,38,Tano Tijerina,46,-8,TRUE
85260468-cf88-4a08-926d-b0e7174754f9,fcd800b2-3a7f-40a5-b8af-ee5d599b8336,TX,28,Twenty-eighth Congressional District,U.S. House,Pulse Decision Science,NA,REP,lv,400,2026-06-21,2026-06-23,NA,general,https://x.com/birenbomb/status/2072354489642942795,Henry Cuellar,33,Tano Tijerina,42,-9,TRUE
8f898e14-020f-4c71-9b4d-95e6d53a14eb,71454b07-64cc-40b9-8bf1-463b8a594347,TX,28,Twenty-eighth Congressional District,U.S. House,Barbara Jordan Public Policy Research and Survey Center,NA,NA,lv,600,2026-08-18,2026-08-22,NA,general,https://static1.squarespace.com/static/67aa7aa3e284b002cd6a420e/t/6a8debe648e3721adb0534b6/1787685864204/SouthTexasCDs2026.pdf,Henry Cuellar,45,Tano Tijerina,34,11,FALSE
5df9368e-24c6-47b9-935f-7665f09d1e01,1dd7b7dc-af6e-4b6f-ba67-16e98b6bd882,TX,34,Thirty-fourth Congressional District,U.S. House,co/efficient,NRCC,REP,lv,777,2026-04-25,2026-04-29,NA,general,https://www.politico.com/news/2026/05/08/gop-polls-show-they-have-a-shot-at-flipping-house-dem-districts-trump-won-00910791,Vicente Gonzalez,40,Eric Flores,41,-1,TRUE
5df9368e-24c6-47b9-935f-7665f09d1e01,5f21257d-59cd-49f6-a061-387682201fc4,TX,34,Thirty-fourth Congressional District,U.S. House,co/efficient,NRCC,REP,lv,777,2026-04-25,2026-04-29,NA,general,https://www.politico.com/news/2026/05/08/gop-polls-show-they-have-a-shot-at-flipping-house-dem-districts-trump-won-00910791,Generic Democrat,44,Generic Republican,48,-4,TRUE
d5b554f2-6096-4817-af0f-a547187b0a4f,c6a9c423-57c5-4cd6-ac4a-7e67f2482ae5,TX,34,Thirty-fourth Congressional District,U.S. House,Ragnar Research Partners,NA,REP,lv,400,2026-06-14,2026-06-16,NA,general,https://x.com/EricDFloress/status/2073053353924305365/photo/1,Vicente Gonzalez,41,Eric Flores,44,-3,TRUE
8f898e14-020f-4c71-9b4d-95e6d53a14eb,91b60040-cab6-42b8-a1dd-d5cafd93c98a,TX,34,Thirty-fourth Congressional District,U.S. House,Barbara Jordan Public Policy Research and Survey Center,NA,NA,lv,700,2026-08-18,2026-08-22,NA,general,https://static1.squarespace.com/static/67aa7aa3e284b002cd6a420e/t/6a8debe648e3721adb0534b6/1787685864204/SouthTexasCDs2026.pdf,Vicente Gonzalez,45,Eric Flores,42,3,FALSE
904dfc52-e6fd-4d56-b693-460371a3ba35,90231b8c-d806-42d2-b784-7dbe648f4b7a,TX,35,Thirty-fifth Congressional District,U.S. House,"Normington, Petts & Associates",House Majority PAC,DEM,lv,NA,2026-08-27,2026-08-31,NA,general,https://hub.nationaljournal.com/can-democrats-school-ramaswamy-in-ohio,Johnny Garcia,44,Carlos De La Cruz,45,-1,TRUE
557d846f-9a62-4ed5-9b18-588d83f0af2b,d8e5f283-2385-4905-bd5d-90d2c1bdf528,US,NA,NA,U.S. House,Cygnal Political,NA,NA,lv,1500,2024-12-09,2024-12-11,NA,general,https://www.cygn.al/poll-musk-most-effective-trump-surrogate-as-voters-rally-behind-doge-deportations-and-congressional-republicans/,Generic Democrat,44.4,Generic Republican,48.4,-4,FALSE
0b2225b0-4e11-5164-bc2e-1b8bd4a70c3f,e8928c46-48b2-45c3-abd8-3deb6eb35847,US,NA,NA,U.S. House,McLaughlin & Associates,NA,NA,lv,1000,2024-12-11,2024-12-16,NA,general,https://mclaughlinonline.com/2024/12/18/ma-poll-national-monthly-december-2024/,Generic Democrat,42,Generic Republican,47,-5,FALSE
4608f298-4b5b-4119-b274-85bc55812a3d,0fda4c04-dcd4-4617-8aaf-8d285ca166b6,US,NA,NA,U.S. House,Cygnal Political,NA,NA,lv,1500,2025-01-09,2025-01-12,NA,general,https://www.cygn.al/wp-content/uploads/2025/01/22827-Cygnal-National-NVT-Jan25-Deck.pdf,Generic Democrat,44.6,Generic Republican,46.8,-2.1999999999999957,FALSE
0cb74d96-6379-46fd-9af8-5f937caa7c4b,07a26156-bd38-498d-b1fd-c2dabed620cf,US,NA,NA,U.S. House,RMG Research,Napolitan News Service,NA,rv,1000,2025-01-15,2025-01-16,NA,general,https://napolitannews.org/posts/generic-ballot-gop-51-percent-dem-44,Generic Democrat,44,Generic Republican,51,-7,FALSE
f2acc9b4-821d-4a56-9898-ffd2bd164b93,26e2d326-919c-440b-85b1-7e7e67dd031c,US,NA,NA,U.S. House,Quantus Insights,TrendingPolitics,REP,rv,1000,2025-01-22,2025-01-23,NA,general,https://quantusinsights.org/f/trump%E2%80%99s-second-term-begins-what-voters-think,Generic Democrat,45,Generic Republican,48,-3,TRUE
63601792-f026-4c3a-a91a-ecdd7fe2b8bd,0a00b0da-18b7-4291-81cb-95d71a45bc7a,US,NA,NA,U.S. House,Ipsos,Reuters,NA,rv,902,2025-01-24,2025-01-26,NA,general,https://www.reuters.com/world/us/americans-sour-some-trumps-early-moves-reutersipsos-poll-finds-2025-01-28/,Generic Democrat,35,Generic Republican,37,-2,FALSE
7fc114b9-e4ff-4856-a70e-3b4b4aa63da1,35652929-6377-4b92-945d-1bd3b1081f64,US,NA,NA,U.S. House,Morning Consult,NA,NA,rv,33299,2025-01-20,2025-01-26,NA,general,https://pro.morningconsult.com/trackers/2026-midterm-election-generic-ballot-polls,Generic Democrat,41.86,Generic Republican,44.78,-2.9200000000000017,FALSE
3eb515ec-eb1a-43b3-a4a8-4734c1a5c0ce,0ae85b13-7e9d-476a-89f9-c7e4f0239e58,US,NA,NA,U.S. House,McLaughlin & Associates,NA,NA,lv,1000,2025-01-22,2025-01-27,NA,general,https://mclaughlinonline.com/2025/01/29/ma-poll-national-monthly-january-2025/,Generic Democrat,40,Generic Republican,48,-8,FALSE
cf231ebd-f1aa-4123-a970-81e4e5e509b7,8f1f3280-71fe-47b2-92d4-331c93177c09,US,NA,NA,U.S. House,Fabrizio Ward/Impact Research,AARP,NA,rv,3000,2025-01-27,2025-02-01,NA,general,https://www.aarp.org/content/dam/aarp/research/topics/voter-opinion-research/politics/federal-tax-package-legislative-priorities.doi.10.26419-2fres.00921.001.pdf,Generic Democrat,43,Generic Republican,43,0,FALSE
4e8e7b66-3a6d-4542-8a52-9f45c175ec9b,f693d1ed-9913-4b6b-9a5e-e07aca8b5910,US,NA,NA,U.S. House,Morning Consult,NA,NA,rv,29303,2025-01-27,2025-02-02,NA,general,https://pro.morningconsult.com/trackers/2026-midterm-election-generic-ballot-polls,Generic Democrat,42.85,Generic Republican,43.76,-0.9099999999999966,FALSE
4a8a4e62-10ab-4a92-96ae-287b7ba13551,cddaf649-8962-407d-8313-ec3a91160e43,US,NA,NA,U.S. House,Cygnal Political,NA,NA,lv,1500,2025-02-04,2025-02-05,NA,general,https://www.cygn.al/poll-trump-winning-over-black-men-dei-skeptics-and-border-hawks-as-democrats-lose-ground/,Generic Democrat,46.2,Generic Republican,47.2,-1,FALSE
42d7d57e-a54d-4eb9-82de-e3a490487323,7c64313b-1b2d-49ba-890b-c6a58814a56b,US,NA,NA,U.S. House,Clarity Campaign Labs,NA,NA,rv,1102,2025-01-31,2025-02-06,NA,general,https://static1.squarespace.com/static/61ae8d5e55be5c7314b4c83a/t/67aa57a7976e415c4d212706/1739216809584/Clarity+Omnibus+Overview+-+Jan_Feb+2025.pdf,Generic Democrat,45,Generic Republican,44,1,FALSE
7fda717c-ea5d-4a64-9747-d867a699cb02,8a11e149-28a1-475b-a4f8-15799a35f11d,US,NA,NA,U.S. House,Morning Consult,NA,NA,rv,26690,2025-02-03,2025-02-09,NA,general,https://pro.morningconsult.com/trackers/2026-midterm-election-generic-ballot-polls,Generic Democrat,42.65,Generic Republican,45.22,-2.5700000000000003,FALSE
08ea22e8-c468-43d3-83e1-02e0fa1f98ab,a305b967-20d7-455b-b746-f91d830e9bc5,US,NA,NA,U.S. House,Quantus Insights,TrendingPolitics,REP,rv,1000,2025-02-10,2025-02-12,NA,general,https://quantusinsights.org/f/quantus-insights-latest-national-survey---february-13-2025,Generic Democrat,44,Generic Republican,48,-4,TRUE
45301cac-4f90-4f00-8728-a0b2344b120a,5b020fc6-c498-4422-88b0-39b120a1f58e,US,NA,NA,U.S. House,Echelon Insights,NA,NA,lv,1010,2025-02-10,2025-02-13,NA,general,https://echeloninsights.com/in-the-news/feb-2025-verified-voter-omnibus-2-2/,Generic Democrat,46,Generic Republican,47,-1,FALSE
52bea3fb-f31e-4502-9c0f-c7ed10d7c15b,9df634ae-8cad-40a9-8624-1648bda8d656,US,NA,NA,U.S. House,Morning Consult,NA,NA,rv,27203,2025-02-10,2025-02-16,NA,general,https://pro.morningconsult.com/trackers/2026-midterm-election-generic-ballot-polls,Generic Democrat,42.33,Generic Republican,45.23,-2.8999999999999986,FALSE
6d8787cd-bcd9-464f-ad81-e36542bed2ab,2446fb05-6bf7-49dd-bbb2-7aace1df4a19,US,NA,NA,U.S. House,co/efficient,NA,NA,lv,2063,2025-02-15,2025-02-17,NA,general,https://coefficient.org/doge-part-1/,Generic Democrat,44,Generic Republican,46,-2,FALSE
c043ad62-8be5-4ec2-aba8-3a2dfb4fd330,6ff80c93-a43a-48f7-898a-ad60d823dc7a,US,NA,NA,U.S. House,McLaughlin & Associates,U.S. Chamber of Commerce,REP,lv,1600,2025-02-13,2025-02-17,NA,general,https://www.uschamber.com/assets/documents/USCC_National-Tax-Survey_Deck_Feb-2025.pdf,Generic Democrat,43,Generic Republican,47,-4,TRUE
0af14698-5d7a-421b-a42d-c5e00d61b2f7,69cc6d0f-3c58-4ad8-af60-f80403822b10,US,NA,NA,U.S. House,McLaughlin & Associates,NA,NA,lv,1000,2025-02-11,2025-02-18,NA,general,https://mclaughlinonline.com/pols/wp-content/uploads/2025/02/National-February-Presentation-RELEASE-02-18-25.pdf,Generic Democrat,41,Generic Republican,48,-7,FALSE
a00a6a8b-1387-4680-929d-1abc1872f39a,09cc7fea-4f08-4d30-b188-bd9e49cf6ea4,US,NA,NA,U.S. House,YouGov,Economist,NA,a,1602,2025-02-16,2025-02-18,NA,general,https://d3nkl3psvxxpe9.cloudfront.net/documents/econTabReport_OFVhPxp.pdf,Generic Democrat,35,Generic Republican,37,-2,FALSE
a00a6a8b-1387-4680-929d-1abc1872f39a,b291c05b-8c6f-4420-8677-09016715871a,US,NA,NA,U.S. House,YouGov,Economist,NA,rv,1450,2025-02-16,2025-02-18,NA,general,https://d3nkl3psvxxpe9.cloudfront.net/documents/econTabReport_OFVhPxp.pdf,Generic Democrat,42,Generic Republican,41,1,FALSE
c5fdc9a5-b182-4550-9bde-8093b9b5e653,a607cdc1-44af-4888-94c5-f36b39738dde,US,NA,NA,U.S. House,RMG Research,Napolitan News Service,NA,rv,1000,2025-02-20,2025-02-21,NA,general,https://napolitannews.org/posts/republicans-hold-slim-lead-in-generic-ballot,Generic Democrat,46,Generic Republican,48,-2,FALSE
2985d2d6-c74d-4278-b167-4967277f8166,72ef16a0-a9c4-4e25-87d1-810d8b0e47d5,US,NA,NA,U.S. House,Ipsos,Reuters,NA,rv,891,2025-02-21,2025-02-23,NA,general,https://www.ipsos.com/en-us/ipsos-core-political-survey-presidential-approval-tracker-february-2025,Generic Democrat,38,Generic Republican,40,-2,FALSE
78a8ab2d-90be-42dc-af17-8dea45f95447,61318d58-b7d8-49ef-a166-fcf9c52de4ee,US,NA,NA,U.S. House,Morning Consult,NA,NA,rv,27621,2025-02-17,2025-02-23,NA,general,https://pro.morningconsult.com/trackers/2026-midterm-election-generic-ballot-polls,Generic Democrat,42.1,Generic Republican,45.1,-3,FALSE
195ba0ff-6428-4521-9cf3-86d4867cc699,02acaba3-524c-4668-bcc8-da240ad5864b,US,NA,NA,U.S. House,Public Opinion Strategies,Paragon Health Institute,NA,rv,1000,2025-02-25,2025-03-02,NA,general,https://paragoninstitute.org/medicaid/paragon-health-policy-survey-2025/,Generic Democrat,44,Generic Republican,46,-2,FALSE
35bd3cc0-8260-4108-b60e-f188e8c4af96,92b7f9bc-2d05-4e47-8883-8c577c90a65d,US,NA,NA,U.S. House,Morning Consult,NA,NA,rv,28087,2025-02-24,2025-03-02,NA,general,https://pro.morningconsult.com/trackers/2026-midterm-election-generic-ballot-polls,Generic Democrat,42.96,Generic Republican,44.61,-1.6499999999999986,FALSE
031fb954-89ee-4970-af08-7d985888796b,37703503-83c6-4092-bbd8-4600032e90c2,US,NA,NA,U.S. House,Emerson College,NA,NA,rv,1000,2025-03-02,2025-03-03,NA,general,https://emersoncollegepolling.com/march-2025-national-poll/,Generic Democrat,44.4,Generic Republican,41.4,3,FALSE
ba66d318-ac99-409e-86f6-220625184dab,6233679e-2e40-426d-a4a5-f34fa7823c17,US,NA,NA,U.S. House,Cygnal Political,NA,NA,lv,1500,2025-03-03,2025-03-05,NA,general,https://www.cygn.al/poll-48-percent-support-trump-negotiating-settlement-to-war-in-ukraine-as-optimism-at-home-rises/,Generic Democrat,47.4,Generic Republican,45.9,1.5,FALSE
9aeabe17-26ec-4b88-abe6-ddced102f3e2,2a96aa42-4f08-4034-9633-ad4e4af96b64,US,NA,NA,U.S. House,McLaughlin & Associates,America's New Majority Project,REP,rv,2000,2025-03-04,2025-03-07,NA,general,https://americasnewmajorityproject.com/most-americans-support-trumps-maha-agenda/,Generic Democrat,43.7,Generic Republican,45.7,-2,TRUE
9aeabe17-26ec-4b88-abe6-ddced102f3e2,9e15137f-e5ce-472d-9b54-f03cfed29aee,US,NA,NA,U.S. House,McLaughlin & Associates,America's New Majority Project,REP,lv,1655,2025-03-04,2025-03-07,NA,general,https://americasnewmajorityproject.com/most-americans-support-trumps-maha-agenda/,Generic Democrat,45.1,Generic Republican,47.8,-2.6999999999999957,TRUE
c1a7f1b8-c645-44d7-8684-0ae1f4db3f7e,0bf2603e-c843-4d03-b3e2-30aecbf7dbf8,US,NA,NA,U.S. House,Morning Consult,NA,NA,rv,27685,2025-03-03,2025-03-09,NA,general,https://pro.morningconsult.com/trackers/2026-midterm-election-generic-ballot-polls,Generic Democrat,42.92,Generic Republican,44.98,-2.059999999999995,FALSE
f7947252-2648-4503-8088-3c3ac8854011,c43b71fa-d3ca-44f3-85b1-ffb8f0ec9907,US,NA,NA,U.S. House,Clarity Campaign Labs,NA,NA,rv,1036,2025-03-03,2025-03-09,NA,general,https://static1.squarespace.com/static/61ae8d5e55be5c7314b4c83a/t/67d0921f11ba8d57a17670a9/1741722147070/Clarity+Omnibus+Overview+-+March+2025+PUBLIC.pdf,Generic Democrat,46,Generic Republican,44,2,FALSE
e33fe68b-2365-457b-84c4-051208f9fad4,47fe74ca-2b2d-482f-9527-dee027054f28,US,NA,NA,U.S. House,Hart Research Associates/Public Opinion Strategies,NBC News,NA,rv,1000,2025-03-07,2025-03-11,NA,general,https://www.nbcnews.com/politics/trump-administration/poll-trump-faces-early-challenges-economy-united-gop-backs-big-change-rcna195860,Generic Democrat,48,Generic Republican,47,1,FALSE
9bc93d66-0ed0-44c3-8753-c96fe7cc8af5,362b33d7-a79e-4697-abb7-85fc40e95ef0,US,NA,NA,U.S. House,Echelon Insights,NA,NA,lv,1007,2025-03-10,2025-03-13,NA,general,https://echeloninsights.com/in-the-news/march-2025-verified-voter-omnibus-2-2-2/,Generic Democrat,46,Generic Republican,47,-1,FALSE
b9c7b54c-812f-4b2c-bff8-653a1ca8a357,e897261f-35a6-4a45-8556-2c1d7c1aaf7f,US,NA,NA,U.S. House,Morning Consult,NA,NA,rv,26877,2025-03-10,2025-03-16,NA,general,https://pro.morningconsult.com/trackers/2026-midterm-election-generic-ballot-polls,Generic Democrat,43.2,Generic Republican,44.95,-1.75,FALSE
68ed1ea7-6dc7-4a01-a24e-8350ed071470,99f44175-a86d-498d-818d-c6f35afda585,US,NA,NA,U.S. House,"Normington, Petts & Associates",Third Way,DEM,rv,800,2025-03-12,2025-03-19,NA,general,https://www.thirdway.org/polling/democrats-immigration-opportunity,Generic Democrat,50,Generic Republican,50,0,TRUE
0fdda8ed-f4d7-4b90-8857-2f33eb80cc86,5b9c95b6-24e5-41eb-b266-79b48f67a73f,US,NA,NA,U.S. House,Ipsos,Reuters,NA,rv,911,2025-03-21,2025-03-23,NA,general,https://www.reuters.com/world/us/majority-americans-believe-presidents-should-obey-courts-reutersipsos-poll-finds-2025-03-25/,Generic Democrat,38,Generic Republican,40,-2,FALSE
dc070473-0050-4f39-ba47-fb78f4ffb535,08e577e9-a48d-4907-b821-53ef6f09166d,US,NA,NA,U.S. House,Morning Consult,NA,NA,rv,27364,2025-03-17,2025-03-23,NA,general,https://pro.morningconsult.com/trackers/2026-midterm-election-generic-ballot-polls,Generic Democrat,43.09,Generic Republican,44.61,-1.519999999999996,FALSE
d51e9d02-ad6d-4316-bb8d-743aab1fa02a,44ad0e65-4168-4f23-b5d3-02cfc7265059,US,NA,NA,U.S. House,Quantus Insights,TrendingPolitics,REP,rv,1000,2025-03-25,2025-03-27,NA,general,https://quantusinsights.org/f/trump%E2%80%99s-standing-steadies-but-crosscurrents-remain-ahead-of-2026,Generic Democrat,45.4,Generic Republican,46.3,-0.8999999999999986,TRUE
bc72e3e2-f3d0-4aba-846c-1a507e8a5cca,53495a71-42c3-4bc9-889f-b778115a74eb,US,NA,NA,U.S. House,Morning Consult,NA,NA,rv,27397,2025-03-24,2025-03-30,NA,general,https://pro.morningconsult.com/trackers/2026-midterm-election-generic-ballot-polls,Generic Democrat,43.6,Generic Republican,44.44,-0.8399999999999963,FALSE
3a15178c-e68d-4702-85ed-e4c87d402351,17d01d2e-b841-4cdd-b092-d9e9f6c10cf5,US,NA,NA,U.S. House,"Fabrizio, Lee & Associates/Impact Research",Wall Street Journal,NA,rv,1500,2025-03-27,2025-04-01,NA,general,https://www.wsj.com/politics/policy/americans-were-souring-on-trumps-economic-plans-even-before-tariff-bloodbath-0571527e,Generic Democrat,44,Generic Republican,43,1,FALSE
40c3d1f2-9a58-4bf8-9ba3-08301e827ba7,58664a68-9956-470f-97d8-a277162545cf,US,NA,NA,U.S. House,Cygnal Political,NA,NA,lv,1500,2025-04-01,2025-04-03,NA,general,https://www.cygn.al/poll-democrats-continue-to-struggle-as-trump-maintains-strong-approval-even-in-light-of-tariffs/,Generic Democrat,47.5,Generic Republican,46.5,1,FALSE
eba14138-4a85-4978-ad20-40ca923dde92,e1eed2ca-060b-4dbf-9424-9520738a4af1,US,NA,NA,U.S. House,Yale University Institution for Social and Policy Studies,NA,NA,rv,4100,2025-04-01,2025-04-03,NA,general,https://youthpoll.yale.edu/spring-2025-results,Generic Democrat,43.3,Generic Republican,41.7,1.5999999999999943,FALSE
29e8db10-6b6e-4975-9d82-07725537210a,dc2bd5b9-2c4f-41b8-bbfb-7d003ae22d19,US,NA,NA,U.S. House,Morning Consult,NA,NA,rv,25977,2025-03-31,2025-04-06,NA,general,https://pro.morningconsult.com/trackers/2026-midterm-election-generic-ballot-polls,Generic Democrat,43.68,Generic Republican,43.99,-0.3100000000000023,FALSE
037df070-c801-4c92-bfd2-be7fec423ec0,4889d9ef-032b-4674-aa62-d923ff95f0cc,US,NA,NA,U.S. House,YouGov,Economist,NA,rv,1558,2025-04-05,2025-04-08,NA,general,https://d3nkl3psvxxpe9.cloudfront.net/documents/econtoplines_Emo4hnf.pdf,Generic Democrat,43,Generic Republican,42,1,FALSE
037df070-c801-4c92-bfd2-be7fec423ec0,4a4acc1d-ef4e-44fd-8958-287324050f27,US,NA,NA,U.S. House,YouGov,Economist,NA,a,1735,2025-04-05,2025-04-08,NA,general,https://d3nkl3psvxxpe9.cloudfront.net/documents/econtoplines_Emo4hnf.pdf,Generic Democrat,39,Generic Republican,36,3,FALSE
7f5287b5-388b-468a-8a87-8dd238c35a01,7d0771de-bba7-4557-aff6-39a795e16d3a,US,NA,NA,U.S. House,The Winston Group,Winning the Issues,REP,rv,1000,2025-04-08,2025-04-10,NA,general,https://www.winningtheissues.org/wp-content/uploads/2025/07/Winning-the-Issues-April-2025-National-Survey.pdf,Generic Democrat,46,Generic Republican,44,2,TRUE
66b720ea-fcc6-44a5-9034-bd128822a4d6,f33042c1-4ccf-4a12-92b4-214d483f469b,US,NA,NA,U.S. House,RealClear Opinion Research,NA,NA,rv,1000,2025-04-10,2025-04-12,NA,general,https://www.realclearpolitics.com/articles/2025/04/18/rcp_poll_voters_see_campus_bias_reject_trumps_tariff_pitch_152678.html,Generic Democrat,39.8,Generic Republican,39.2,0.5999999999999943,FALSE
67b4a36b-cda3-4ca3-96a9-4d91f41a5b1b,fb3828f1-2359-433d-9e3b-47eebcdb079a,US,NA,NA,U.S. House,Morning Consult,NA,NA,rv,26749,2025-04-07,2025-04-13,NA,general,https://pro.morningconsult.com/trackers/2026-midterm-election-generic-ballot-polls,Generic Democrat,43.54,Generic Republican,43.98,-0.4399999999999977,FALSE
fee28a73-becd-49bf-a8c5-635f5950c7a6,ed52d62f-aa3a-46af-81ef-cbbe605e8983,US,NA,NA,U.S. House,Hart Research Associates/Public Opinion Strategies,CNBC,NA,rv,NA,2025-04-09,2025-04-13,NA,general,https://www.cnbc.com/video/2025/04/17/tariffs-weight-on-trump-approval-cnbc-survey-finds.html,Generic Democrat,48,Generic Republican,46,2,FALSE
6708cbbf-526e-4580-976b-2f22db3fcbe3,8a8e09ce-6fcf-4d36-8c5f-ce9b410c12bc,US,NA,NA,U.S. House,Clarity Campaign Labs,NA,NA,rv,1008,2025-04-09,2025-04-14,NA,general,https://45840940.fs1.hubspotusercontent-na1.net/hubfs/45840940/Clarity%20Omnibus%20Overview_April%202025.pdf,Generic Democrat,44,Generic Republican,45,-1,FALSE
67be511d-6258-4d5f-bd1a-8443438c69d7,a7467728-a114-436b-8dde-6bfa3332daf0,US,NA,NA,U.S. House,Echelon Insights,NA,NA,lv,1014,2025-04-10,2025-04-14,NA,general,https://echeloninsights.com/in-the-news/april-2025-verified-voter-omnibus-2-2-2-2/,Generic Democrat,47,Generic Republican,47,0,FALSE
950aaca6-e760-4985-8d13-f89dfbbeb94d,189b28b6-0fda-45a6-8b0b-0913a6dd31a7,US,NA,NA,U.S. House,RMG Research,Napolitan News Service,NA,rv,1000,2025-04-16,2025-04-16,NA,general,https://napolitannews.org/assets/pdfs/680677a67bc7f-gcm25-0416-generic-ballot-mini-topline.pdf,Generic Democrat,50,Generic Republican,45,5,FALSE
6b47fa40-237f-46ae-a4de-964793acd3ad,f37f6866-7a09-4292-8f04-5c2c7705fc3b,US,NA,NA,U.S. House,Noble Predictive Insights,Center Square,NA,rv,2527,2025-04-15,2025-04-18,NA,general,https://www.thecentersquare.com/polls/,Generic Democrat,45,Generic Republican,42,3,FALSE
3d3aab96-2829-4b4e-8f6d-ea485e9b761e,48c41a5f-4d9f-41ad-8e9d-4fbe68baa11f,US,NA,NA,U.S. House,McLaughlin & Associates,America's New Majority Project,REP,lv,1638,2025-04-16,2025-04-19,NA,general,https://americasnewmajorityproject.com/most-support-blocking-states-from-giving-medicaid-to-illegal-immigrants/,Generic Democrat,45.7,Generic Republican,47.1,-1.3999999999999986,TRUE
3d3aab96-2829-4b4e-8f6d-ea485e9b761e,5daf3abd-1979-4702-8dd2-60c4c5490caf,US,NA,NA,U.S. House,McLaughlin & Associates,America's New Majority Project,REP,rv,2000,2025-04-16,2025-04-19,NA,general,https://americasnewmajorityproject.com/most-support-blocking-states-from-giving-medicaid-to-illegal-immigrants/,Generic Democrat,44.5,Generic Republican,44.3,0.20000000000000284,TRUE
df1753ac-4589-480b-8c1d-55dacc7e96ad,6a99d3bc-96cd-46e4-a64e-31d013948ce7,US,NA,NA,U.S. House,Morning Consult,NA,NA,rv,26905,2025-04-14,2025-04-20,NA,general,https://pro.morningconsult.com/trackers/2026-midterm-election-generic-ballot-polls,Generic Democrat,44.04,Generic Republican,43.36,0.6799999999999997,FALSE
9c0759d5-faf6-4d57-8b94-2b542ff5ada3,36c44217-aede-4664-905b-dbb304283ab5,US,NA,NA,U.S. House,Beacon Research/Shaw & Company Research,Fox News,NA,rv,1104,2025-04-18,2025-04-21,NA,general,https://www.foxnews.com/official-polls/fox-news-poll-first-100-days-president-trumps-second-term,Generic Democrat,49,Generic Republican,42,7,FALSE
243fbeb9-8d15-4477-a53a-b63a7b1c0638,45ba62d4-6474-41e2-9b9a-e64562a5138e,US,NA,NA,U.S. House,The New York Times/Siena University,NA,NA,rv,913,2025-04-21,2025-04-24,NA,general,https://www.nytimes.com/interactive/2025/04/25/us/elections/times-siena-poll-toplines.html,Generic Democrat,47,Generic Republican,44,3,FALSE
3b3b1ad4-9dd5-49f9-a01d-b41cb0e7c112,30a411cf-bba4-48ad-8101-5a10c628404a,US,NA,NA,U.S. House,Ipsos,Reuters,NA,rv,897,2025-04-25,2025-04-27,NA,general,https://www.reuters.com/data/trumps-approval-rating-2025-01-21/,Generic Democrat,38,Generic Republican,38,0,FALSE
6fae9c82-c692-46f1-b80d-5c0c8e808c9f,46200eb6-7722-4fd0-91e8-ad9f802a4ff3,US,NA,NA,U.S. House,Morning Consult,NA,NA,rv,25544,2025-04-21,2025-04-27,NA,general,https://pro.morningconsult.com/trackers/2026-midterm-election-generic-ballot-polls,Generic Democrat,44.09,Generic Republican,43.14,0.9500000000000028,FALSE
7da47295-a3b9-4be6-9542-f4a7ac86f489,3e770e80-7fdc-44e6-a556-949976698cd6,US,NA,NA,U.S. House,TrueDot,Decision Desk HQ | NewsNation,NA,rv,1448,2025-04-23,2025-04-27,NA,general,https://www.newsnationnow.com/politics/recession-inflation-immigration-ddhq-poll/amp/,Generic Democrat,45,Generic Republican,40,5,FALSE
dbda31b4-240b-4fbe-b2cb-f66fea9d1d7e,885c6ac6-9910-4740-8c9d-4c6e82acfff3,US,NA,NA,U.S. House,McLaughlin & Associates,NA,NA,lv,1000,2025-04-22,2025-04-29,NA,general,https://mclaughlinonline.com/pols/wp-content/uploads/2025/05/National-April-Presentation-RELEASE-04-29-25.pdf,Generic Democrat,43,Generic Republican,45,-2,FALSE
66adc8bb-8068-472e-a2e5-a8441b68f5a5,4ec40785-5d5c-421d-8acd-db1ea9eac1f1,US,NA,NA,U.S. House,Wick,2Way,NA,rv,1000,2025-04-29,2025-04-30,NA,general,https://www.wick.io/post/the-peoples-poll,Generic Democrat,42,Generic Republican,39,3,FALSE
8939463f-7c8b-4aa1-b80a-639810689c59,28770f8f-e043-4d09-bc8b-98219853b44d,US,NA,NA,U.S. House,Morning Consult,NA,NA,rv,25876,2025-04-28,2025-05-04,NA,general,https://pro.morningconsult.com/trackers/2026-midterm-election-generic-ballot-polls,Generic Democrat,44.38,Generic Republican,43.51,0.8700000000000045,FALSE
2139e012-903e-4e02-86ae-a47cfa33dbe5,1b0b9c9d-f1a2-4406-a6b9-5f54683c3c21,US,NA,NA,U.S. House,Big Data Poll,Public Polling Project,NA,rv,3128,2025-05-03,2025-05-05,NA,general,https://www.bigdatapoll.com/blog/poll-trump-approval-tempered-by-economic-concerns/,Generic Democrat,40.2,Generic Republican,42.3,-2.0999999999999943,FALSE
490a69a2-662c-4dba-84dc-f2ed86186ca8,b43fc306-f5e5-4077-9f1b-8767db9fe242,US,NA,NA,U.S. House,Verasight,Strength In Numbers,NA,a,1000,2025-05-01,2025-05-06,NA,general,https://www.gelliottmorris.com/p/new-poll-americans-oppose-trumps,Generic Democrat,47,Generic Republican,41,6,FALSE
75a3259e-4f83-4567-8137-4364755dc1ed,73da0662-cd6b-4702-8542-cd2502faca99,US,NA,NA,U.S. House,Quantus Insights,TrendingPolitics,REP,rv,1000,2025-05-05,2025-05-07,NA,general,https://quantusinsights.org/f/the-nation-divided-the-president-holding-ground,Generic Democrat,45.2,Generic Republican,44.8,0.4000000000000057,TRUE
e559dad5-3772-4944-86f4-4e9e4c21827d,336de894-7e11-4f8f-b925-98ecdc04c596,US,NA,NA,U.S. House,Cygnal Political,NA,NA,lv,1500,2025-05-06,2025-05-08,NA,general,https://www.cygn.al/poll-aoc-more-popular-than-schumer-trump-image-improving-republicans-decimating-democrats-on-key-issue-trust-and-more/,Generic Democrat,47.1,Generic Republican,46.6,0.5,FALSE
a379ca04-bd33-4a6e-ba91-631107d685cb,f2f1d972-50d8-4033-bb5e-f39ab656457b,US,NA,NA,U.S. House,co/efficient,NA,NA,lv,1462,2025-05-07,2025-05-09,NA,general,https://coefficient.org/national-approval-study/,Generic Democrat,45,Generic Republican,42,3,FALSE
b76367eb-0f5d-4cee-94a7-06b58ee2c0d7,c7b1746b-b602-4f3e-8083-611d4e33fa7f,US,NA,NA,U.S. House,Morning Consult,NA,NA,rv,27882,2025-05-05,2025-05-11,NA,general,https://pro.morningconsult.com/trackers/2026-midterm-election-generic-ballot-polls,Generic Democrat,43.35,Generic Republican,44.53,-1.1799999999999997,FALSE
d59be18e-df35-48e5-8c3f-f5fc116b1450,73f2f99a-4baf-40ba-bff4-23c38184b54b,US,NA,NA,U.S. House,Echelon Insights,NA,NA,lv,1000,2025-05-08,2025-05-12,NA,general,https://echeloninsights.com/in-the-news/may-2025-verified-voter-omnibus-2-2-2-2-2/,Generic Democrat,47,Generic Republican,48,-1,FALSE
3422b0d4-0da3-47d0-a956-b6ef8fd34b7a,dda3e9ee-83bd-44c9-addc-5e0e032e176d,US,NA,NA,U.S. House,Ipsos,Reuters,NA,rv,885,2025-05-16,2025-05-18,NA,general,https://www.reuters.com/world/us/trumps-approval-rating-ticks-lower-economic-concerns-weigh-reutersipsos-poll-2025-05-20/,Generic Democrat,40,Generic Republican,39,1,FALSE
590039e0-bdbb-430b-b7a6-80edb0124d4e,98c28c4f-2416-4c7d-b5ac-854d467cf62b,US,NA,NA,U.S. House,Morning Consult,NA,NA,rv,28103,2025-05-12,2025-05-18,NA,general,https://pro.morningconsult.com/trackers/2026-midterm-election-generic-ballot-polls,Generic Democrat,43.26,Generic Republican,44.45,-1.1900000000000048,FALSE
0200d2d6-248c-444d-906a-08268eb94ec3,0b375f1f-1526-4e11-a7a7-a8868aee4034,US,NA,NA,U.S. House,Fabrizio Ward,Pinpoint Policy Institute,NA,rv,800,2025-05-15,2025-05-19,NA,general,https://pinpointpolicyinstitute.org/wp-content/uploads/2025/06/National-Spring-Quarterly-Tracking-Memo-6-2-25-1.pdf,Generic Democrat,42,Generic Republican,42,0,FALSE
414fbc55-c172-4740-be7e-08597e53908d,0c630a3e-8bee-485a-ab3d-01e1f32efbe9,US,NA,NA,U.S. House,YouGov,Economist,NA,rv,1553,2025-05-16,2025-05-19,NA,general,https://d3nkl3psvxxpe9.cloudfront.net/documents/econTabReport_wObz24u.pdf,Generic Democrat,43,Generic Republican,42,1,FALSE
fe17c81f-fcc1-4765-aaf0-3e8a770a556d,492a1bc6-69f8-415c-b639-92d93df12102,US,NA,NA,U.S. House,RMG Research,Napolitan News Service,NA,rv,1000,2025-05-20,2025-05-21,NA,general,https://napolitannews.org/assets/pdfs/6830e1ed0d524-gcm25-0521-mini-generic-ballot-topline.pdf,Generic Democrat,48,Generic Republican,45,3,FALSE
9afbcb73-916f-418f-9349-b3f83e15df3f,15ea1d8c-d499-4e11-81f1-f4bcf4cb5ba8,US,NA,NA,U.S. House,Morning Consult,NA,NA,rv,28855,2025-05-19,2025-05-25,NA,general,https://pro.morningconsult.com/trackers/2026-midterm-election-generic-ballot-polls,Generic Democrat,43.21,Generic Republican,44.82,-1.6099999999999994,FALSE
4aa80d36-2a0c-4c0a-80ad-6d83670729f5,1d43167c-07cb-4355-8e72-f35dd4e8e18f,US,NA,NA,U.S. House,YouGov,Economist,NA,rv,1484,2025-05-23,2025-05-26,NA,general,https://d3nkl3psvxxpe9.cloudfront.net/documents/econTabReport_WokQXF7.pdf,Generic Democrat,43,Generic Republican,41,2,FALSE
50241352-72c9-4cf1-913d-2e7c205cda4e,e496dff9-9ee5-4b86-9f51-9a89023b6ad2,US,NA,NA,U.S. House,McLaughlin & Associates,NA,NA,lv,1000,2025-05-21,2025-05-26,NA,general,https://mclaughlinonline.com/2025/05/29/ma-poll-national-monthly-may-2025/,Generic Democrat,43,Generic Republican,47,-4,FALSE
33f098f7-67b3-4cae-9ff9-7a50c218f470,841946c6-6f8c-4cb3-b44a-125923e99def,US,NA,NA,U.S. House,AtlasIntel,NA,NA,a,3469,2025-05-21,2025-05-27,NA,general,https://www.atlasintel.org/poll/usa-national-2025-05-30,Generic Democrat,50.9,Generic Republican,41.7,9.199999999999996,FALSE
8cc79a44-d1c5-42bf-979e-cfb5abf491e5,1e2b9e8a-8d3f-42b5-9242-c0ac93f71e7b,US,NA,NA,U.S. House,Morning Consult,NA,NA,rv,29002,2025-05-26,2025-06-01,NA,general,https://pro.morningconsult.com/trackers/2026-midterm-election-generic-ballot-polls,Generic Democrat,43.67,Generic Republican,44.28,-0.6099999999999994,FALSE
f79681af-035c-4301-ade3-e96e8a20465b,620a9836-711c-41d8-abf6-30401639b011,US,NA,NA,U.S. House,YouGov,Economist,NA,a,1606,2025-05-30,2025-06-02,NA,general,https://d3nkl3psvxxpe9.cloudfront.net/documents/econTabReport_MV984ah.pdf,Generic Democrat,39,Generic Republican,36,3,FALSE
f79681af-035c-4301-ade3-e96e8a20465b,d43314c2-3113-4a54-b7b5-7422a23ecd6f,US,NA,NA,U.S. House,YouGov,Economist,NA,rv,1433,2025-05-30,2025-06-02,NA,general,https://d3nkl3psvxxpe9.cloudfront.net/documents/econTabReport_MV984ah.pdf,Generic Democrat,44,Generic Republican,42,2,FALSE
52be940e-9190-4926-b875-d53142086041,ebc62814-88d0-49a2-aa87-080311e79af0,US,NA,NA,U.S. House,Cygnal Political,NA,NA,lv,1500,2025-06-03,2025-06-04,NA,general,https://www.cygn.al/national-poll-record-number-say-nation-is-on-right-track-voters-back-trumps-one-big-beautiful-bill-for-tax-relief-and-border-security/,Generic Democrat,47.2,Generic Republican,46.9,0.30000000000000426,FALSE
edb6e901-62a3-4c39-bc05-50c2039c933f,1d705d8e-292b-4cb8-aa02-3ee6d6bb9129,US,NA,NA,U.S. House,Quantus Insights,TrendingPolitics,REP,rv,1000,2025-06-01,2025-06-04,NA,general,https://quantusinsights.org/f/quantus-insights-approval-poll-the-divide-holds,Generic Democrat,46,Generic Republican,45,1,TRUE
aa05bb68-4f2e-4a9e-adcc-5b792f6fe38e,f62e4f8f-610b-4e1e-8499-a6dedfb49de4,US,NA,NA,U.S. House,J.L. Partners,DailyMail.com,NA,rv,1006,2025-06-06,2025-06-06,NA,general,https://www.dailymail.co.uk/news/article-14794205/donald-trump-elon-musk-approval-poll.html#,Generic Democrat,42,Generic Republican,35,7,FALSE
43fe4b7d-4ecc-45b3-a016-f5cfe79d052e,d5b49441-1cce-4d1b-a832-ec4362a72b8c,US,NA,NA,U.S. House,Morning Consult,NA,NA,rv,28551,2025-06-02,2025-06-08,NA,general,https://pro.morningconsult.com/trackers/2026-midterm-election-generic-ballot-polls,Generic Democrat,42.98,Generic Republican,45.28,-2.3000000000000043,FALSE
a9c654fb-21ae-4f9c-8c21-f908159cb710,53a265cd-ebe1-4901-9c3c-df8013b71228,US,NA,NA,U.S. House,YouGov,Economist,NA,rv,1396,2025-06-06,2025-06-09,NA,general,https://d3nkl3psvxxpe9.cloudfront.net/documents/econTabReport_B2kkifF.pdf,Generic Democrat,44,Generic Republican,43,1,FALSE
da4b4f4c-cf2c-4ecc-a76d-5ec8afda488c,a2b7cc9f-499e-4fe2-b7e4-1d82833f427b,US,NA,NA,U.S. House,RMG Research,Napolitan News Service,NA,rv,1000,2025-06-09,2025-06-09,NA,general,https://napolitannews.org/posts/musk-3rd-party-would-get-8-percent-of-voters,Generic Democrat,35,Generic Republican,35,0,FALSE
1615a3cf-c4cc-44d0-8582-d6869b6e90c8,c368938f-03d3-4114-9578-dac15a7bc54c,US,NA,NA,U.S. House,Quantus Insights,TrendingPolitics,REP,rv,1000,2025-06-09,2025-06-11,NA,general,https://quantusinsights.org/f/quantus-insights-%E2%80%93-june-12-national-poll-summary,Generic Democrat,43,Generic Republican,43,0,TRUE
d1bfe0f1-af2a-4c8e-b2b8-5ee831bb204d,545e8503-7ebd-48f9-adf1-85cd10cebee4,US,NA,NA,U.S. House,McLaughlin & Associates,Club for Growth,REP,lv,1000,2025-06-09,2025-06-11,NA,general,https://www.clubforgrowth.org/wp-content/uploads/securepdfs/2025/06/National-CFG-Memo-06-12-25.pdf,Generic Democrat,44,Generic Republican,46,-2,TRUE
bad8727e-adcf-4239-a8ea-20517139f4d0,b84c64f9-f9f4-4ab0-8066-e0427c676206,US,NA,NA,U.S. House,Verasight,Strength In Numbers,NA,a,1500,2025-06-06,2025-06-12,NA,general,https://www.gelliottmorris.com/p/trump-approval-at-42-democrats-up,Generic Democrat,45,Generic Republican,37,8,FALSE
1a36aa4e-65be-41e2-b510-92ee97b5cb60,553369a8-1b96-4edb-a80e-c11a70afac1a,US,NA,NA,U.S. House,Clarity Campaign Labs,NA,NA,rv,1000,2025-06-05,2025-06-14,NA,general,https://static1.squarespace.com/static/61ae8d5e55be5c7314b4c83a/t/6852fc5a3ac4c05449fc450e/1750269023826/Clarity+Omnibus+Overview+-+June+2025+%5BPUBLIC%5D.pdf,Generic Democrat,50,Generic Republican,45,5,FALSE
da542984-03d1-4537-a4d4-b3601c2745a8,8168e871-3fc9-48dc-abaa-53cdbd22f9a6,US,NA,NA,U.S. House,The Winston Group,Winning the Issues,REP,rv,1000,2025-06-12,2025-06-14,NA,general,https://www.winningtheissues.org/wp-content/uploads/2025/07/Winning-the-Issues-June-2025-National-Survey.pdf,Generic Democrat,46,Generic Republican,42,4,TRUE
20890b89-e492-4854-960c-f62dd6741b27,56e28de2-0d95-4430-b96c-d412df2723c5,US,NA,NA,U.S. House,McLaughlin & Associates,America's New Majority Project,REP,lv,1637,2025-06-12,2025-06-15,NA,general,https://americasnewmajorityproject.com/how-to-talk-about-taxes-and-the-budget-bill-what-voters-respond-to-best/,Generic Democrat,47.2,Generic Republican,46.4,0.8000000000000043,TRUE
20890b89-e492-4854-960c-f62dd6741b27,eee6d6e9-4694-4a61-a2ca-07019a830eba,US,NA,NA,U.S. House,McLaughlin & Associates,America's New Majority Project,REP,rv,2000,2025-06-12,2025-06-15,NA,general,https://americasnewmajorityproject.com/how-to-talk-about-taxes-and-the-budget-bill-what-voters-respond-to-best/,Generic Democrat,45.5,Generic Republican,44.1,1.3999999999999986,TRUE
b137b440-fe05-44b2-b3a2-c1592fdd7185,a525b869-1bc5-4a9e-97d7-7133d21f5864,US,NA,NA,U.S. House,Morning Consult,NA,NA,rv,28058,2025-06-09,2025-06-15,NA,general,https://pro.morningconsult.com/trackers/2026-midterm-election-generic-ballot-polls,Generic Democrat,43.68,Generic Republican,44.94,-1.259999999999998,FALSE
becdae40-dd85-4165-8458-480ca8ec0461,6da940ae-b422-4881-a3d4-17d7aabd90ac,US,NA,NA,U.S. House,McLaughlin & Associates,NA,NA,lv,1000,2025-06-10,2025-06-15,NA,general,https://mclaughlinonline.com/pols/wp-content/uploads/2025/06/National-June-Presentation-RELEASE-6-16-25.pdf,Generic Democrat,42,Generic Republican,47,-5,FALSE
12574fac-1fef-4ee5-811d-e4d4dfba48fa,93f444ee-4dff-4580-8bd6-a378db029d99,US,NA,NA,U.S. House,Ipsos,Reuters,NA,rv,3458,2025-06-11,2025-06-16,NA,general,https://www.reuters.com/data/trumps-approval-rating-2025-01-21/,Generic Democrat,40,Generic Republican,39,1,FALSE
8435574e-9d87-4611-80b3-095cc5bf941c,b59e2553-e990-4dac-85a8-cb2abbafa430,US,NA,NA,U.S. House,YouGov,Economist,NA,rv,1349,2025-06-13,2025-06-16,NA,general,https://d3nkl3psvxxpe9.cloudfront.net/documents/econTabReport_CyorzxR.pdf,Generic Democrat,44,Generic Republican,41,3,FALSE
e7ca43af-22f1-4571-a74e-cc9804c16222,f0163155-fdd3-4bcf-ad37-561fd7ce304c,US,NA,NA,U.S. House,co/efficient,NA,NA,lv,1035,2025-06-12,2025-06-16,NA,general,https://coefficient.org/one-big-beautiful-bill/,Generic Democrat,46,Generic Republican,46,0,FALSE
fee019db-09ff-4fd9-a53d-deaeaad7641e,3c31c692-17bb-41ae-b25f-3bffb9ec365a,US,NA,NA,U.S. House,Echelon Insights,NA,NA,lv,982,2025-06-12,2025-06-17,NA,general,https://echelonin.wpenginepowered.com/wp-content/uploads/June-2025-Voter-Omnibus-Topline-EXTERNAL.pdf,Generic Democrat,47,Generic Republican,48,-1,FALSE
3282b6ce-3ef0-4540-ae4a-3bd3960cc896,e2ed84ff-7813-41d5-8096-da5f3c7304bf,US,NA,NA,U.S. House,Echelon Insights,NA,NA,lv,1002,2025-06-17,2025-06-18,NA,general,https://echelonin.wpenginepowered.com/wp-content/uploads/June-2025-Middle-East-Update.pdf,Generic Democrat,47,Generic Republican,48,-1,FALSE
f907dd1d-61ff-41ed-8cbf-c0ec3f4aac8e,80d5f93a-665c-4022-9a61-6df0f2942e61,US,NA,NA,U.S. House,RMG Research,Napolitan News Service,NA,rv,1000,2025-06-18,2025-06-19,NA,general,https://napolitannews.org/posts/generic-ballot-gop-holds-largest-lead-of-the-year,Generic Democrat,44,Generic Republican,52,-8,FALSE
7c9664cd-daf3-4f31-8c1d-60321e2353b1,184268f2-d58b-4460-a4d6-1c65f7d1f611,US,NA,NA,U.S. House,Cygnal Political,NA,NA,lv,800,2025-06-19,2025-06-21,NA,general,https://www.cygn.al/poll-bitcoin-owners-lean-republican-emerging-as-sought-after-voting-bloc-in-2026-elections/,Generic Democrat,48.4,Generic Republican,46,2.3999999999999986,FALSE
071d8693-8b2d-4f48-b102-f89a70fbe0fe,7a680d72-9b17-47e8-9849-efe4e610a2a1,US,NA,NA,U.S. House,Morning Consult,NA,NA,rv,28021,2025-06-16,2025-06-22,NA,general,https://pro.morningconsult.com/trackers/2026-midterm-election-generic-ballot-polls,Generic Democrat,43.99,Generic Republican,43.73,0.2600000000000051,FALSE
0e12f6d1-4290-4c9d-a1d6-84de045d0a44,6f0d589e-1340-406e-8f81-f7669d531fcc,US,NA,NA,U.S. House,YouGov,Economist,NA,rv,1451,2025-06-20,2025-06-23,NA,general,https://d3nkl3psvxxpe9.cloudfront.net/documents/econtoplines_fY58GXm.pdf,Generic Democrat,44,Generic Republican,40,4,FALSE
9c5818c5-925b-4de7-84f9-b349f9bf9e98,73090dd5-9523-4988-bc55-fee2ba15328e,US,NA,NA,U.S. House,Ipsos,Reuters,NA,rv,994,2025-06-20,2025-06-23,NA,general,https://www.ipsos.com/sites/default/files/Reuters%20Ipsos%20Core%20Political%20Presidential%20Approval%20Tracker%2006%2025%202025.pdf,Generic Democrat,40,Generic Republican,38,2,FALSE
8c336a0e-e2b3-4828-bef4-3ebc043dfedf,f54a4561-c4f2-45de-b1df-ff1b343f969c,US,NA,NA,U.S. House,American Pulse Research & Polling,NA,NA,rv,633,2025-06-23,2025-06-25,NA,general,https://s3.amazonaws.com/kajabi-storefronts-production/file-uploads/sites/24373/themes/2158162839/downloads/21cb32-c88-2208-3bd4-047cb00ebdd_250626_American_Pulse_-_Iran_the_Middle_East_Survey_-_Topline_Report.pdf,Generic Democrat,46.6,Generic Republican,42.4,4.200000000000003,FALSE
b815f3cc-372a-4c1f-bc38-d3f734e8c238,87b39dfe-33f0-4fc6-9bcf-e664035e610b,US,NA,NA,U.S. House,Quantus Insights,TrendingPolitics,REP,rv,1000,2025-06-23,2025-06-25,NA,general,https://drive.google.com/file/d/1OB9TZ9n-zf0jiaCUXhiz7KMx4O00Ejje/view,Generic Democrat,43,Generic Republican,42,1,TRUE
f881b32a-f37b-4ed7-b80c-c54bf3779309,ce973fef-b09e-4f1a-81a5-7539a6859ff1,US,NA,NA,U.S. House,Emerson College,NA,NA,rv,1000,2025-06-24,2025-06-25,NA,general,https://emersoncollegepolling.com/june-national-poll/,Generic Democrat,42.5,Generic Republican,39.8,2.700000000000003,FALSE
ec13c922-3ac1-42d9-8c2e-a672fff200d9,771ff053-6b19-4063-9ff3-44d208e40cce,US,NA,NA,U.S. House,Morning Consult,NA,NA,rv,27694,2025-06-23,2025-06-29,NA,general,https://pro.morningconsult.com/trackers/2026-midterm-election-generic-ballot-polls,Generic Democrat,43.58,Generic Republican,43.34,0.23999999999999488,FALSE
54b3e3f4-002f-4529-a4b8-e9da8e3c8a9a,5711cbb9-cb38-476e-b4b1-5d5313293d26,US,NA,NA,U.S. House,YouGov,Economist,NA,rv,1489,2025-06-27,2025-06-30,NA,general,https://d3nkl3psvxxpe9.cloudfront.net/documents/econTabReport_B1ETIg8.pdf,Generic Democrat,44,Generic Republican,40,4,FALSE
4820505f-ee6f-4597-af06-34c75e35d82b,864f60f1-23cc-4ff6-a6d6-74bf7c253cd9,US,NA,NA,U.S. House,Cygnal Political,NA,NA,lv,1500,2025-07-01,2025-07-02,NA,general,https://www.cygn.al/wp-content/uploads/2025/07/Cygnal-National-NVT-Jul25-Deck-Public.pdf,Generic Democrat,47.1,Generic Republican,45.7,1.3999999999999986,FALSE
46a5eaf6-4467-4a32-adb6-d7d51c4ceb68,194d550f-30b9-49e6-929d-293f6c19b17e,US,NA,NA,U.S. House,Morning Consult,NA,NA,rv,27913,2025-06-30,2025-07-06,NA,general,https://pro.morningconsult.com/trackers/2026-midterm-election-generic-ballot-polls,Generic Democrat,44.36,Generic Republican,42.51,1.8500000000000014,FALSE
d2b2868a-f5cf-430c-92b2-385f8d608cc4,0f3edda6-743a-4298-9389-91a193360986,US,NA,NA,U.S. House,YouGov,Economist,NA,rv,1387,2025-07-04,2025-07-07,NA,general,https://d3nkl3psvxxpe9.cloudfront.net/documents/econTabReport_haeOEK5.pdf,Generic Democrat,43,Generic Republican,40,3,FALSE
628ac12f-fafc-40a0-8507-1f7ff2ba3925,37a47a4a-838d-4611-a554-28dcc713331c,US,NA,NA,U.S. House,A2 Insights,NA,NA,rv,862,2025-07-07,2025-07-10,NA,general,https://drive.google.com/file/d/1rWAD3mtcrfDv02JzCYf9LLJmRebMkq85/view,Generic Democrat,47.7,Generic Republican,44.4,3.3000000000000043,FALSE
8f7830a4-9789-4c9f-8475-a6e66cb0a256,677ac289-ae4f-43b9-92b5-cb23cdeff014,US,NA,NA,U.S. House,Morning Consult,NA,NA,rv,28276,2025-07-07,2025-07-13,NA,general,https://pro.morningconsult.com/trackers/2026-midterm-election-generic-ballot-polls,Generic Democrat,44.72,Generic Republican,42.75,1.9699999999999989,FALSE
606de1db-2cef-4b4f-a8fd-85b870ea7ae4,59524176-a3f7-4677-8189-9b8e49452ff5,US,NA,NA,U.S. House,Big Data Poll,Public Polling Project,NA,rv,3022,2025-07-12,2025-07-14,NA,general,https://www.bigdatapoll.com/blog/poll-trump-approval-turns-slightly-negative-in-july/,Generic Democrat,42.3,Generic Republican,41.1,1.1999999999999957,FALSE
6a1bea64-1684-4156-8f0d-1e8a22bf96dc,4b481042-2ea7-4704-a635-66697bd1e59b,US,NA,NA,U.S. House,YouGov,Economist,NA,rv,1502,2025-07-11,2025-07-14,NA,general,https://d3nkl3psvxxpe9.cloudfront.net/documents/econTabReport_fFL8Pon.pdf,Generic Democrat,43,Generic Republican,39,4,FALSE
de7ef0b9-6096-4e42-bf71-13e61e2821b6,13d0fe27-2652-4738-a0ad-c7feffdfd7f9,US,NA,NA,U.S. House,McLaughlin & Associates,NA,NA,lv,1000,2025-07-09,2025-07-14,NA,general,https://mclaughlinonline.com/pols/wp-content/uploads/2025/07/National-July-Presentation-RELEASE-07-15-25.pdf,Generic Democrat,42,Generic Republican,47,-5,FALSE
e2803c23-e1c7-4579-9f9c-e054c7ccba76,1a2cd998-a191-49f2-bdf8-022fcfd6cda0,US,NA,NA,U.S. House,Echelon Insights,NA,NA,lv,1084,2025-07-10,2025-07-14,NA,general,https://echeloninsights.com/in-the-news/july-2025-verified-voter-omnibus-2-2-2-2-2-2-2/,Generic Democrat,48,Generic Republican,47,1,FALSE
e2803c23-e1c7-4579-9f9c-e054c7ccba76,58b508f2-26c3-4c96-b51c-4a1c2d6a4008,US,NA,NA,U.S. House,Echelon Insights,NA,NA,lv,1084,2025-07-10,2025-07-14,NA,general,https://echeloninsights.com/in-the-news/july-2025-verified-voter-omnibus-2-2-2-2-2-2-2/,Generic Democrat,45,Generic Republican,41,4,FALSE
0bbf65f5-0c6f-431b-a0f6-9b84cea45b62,677a484d-e5c9-4817-9c6d-f23d18d11f11,US,NA,NA,U.S. House,Quantus Insights,NA,NA,rv,1000,2025-07-14,2025-07-16,NA,general,https://quantusinsights.org/f/quantus-insights-survey-what-julys-numbers-tell-us,Generic Democrat,44,Generic Republican,42,2,FALSE
d5ab3bd1-47e4-427f-9416-15afd0aed8c6,7894c7d3-9db3-4417-9f33-0067b8014482,US,NA,NA,U.S. House,Verasight,Strength In Numbers,NA,a,1500,2025-07-14,2025-07-16,NA,general,https://www.gelliottmorris.com/p/new-poll-dems-lead-house-generic,Generic Democrat,47,Generic Republican,43,4,FALSE
dc6905cd-ad7b-4d3b-9221-63f4e9cbd602,7b60c2c8-1ebe-4c64-923a-c479e003bb64,US,NA,NA,U.S. House,RMG Research,Napolitan News Service,NA,rv,2000,2025-07-14,2025-07-16,NA,general,https://napolitannews.org/posts/generic-ballot-july-2025-republicans-46-percent-democrats-42,Generic Democrat,45,Generic Republican,49,-4,FALSE
4451f021-94dd-459d-b187-50c36c66e39c,aa6eced2-b5c2-4fdb-9ec5-b5fb890eae61,US,NA,NA,U.S. House,AtlasIntel,NA,NA,a,1935,2025-07-13,2025-07-18,NA,general,https://www.atlasintel.org/poll/usa-national-2025-07-18,Generic Democrat,51.3,Generic Republican,42.7,8.599999999999994,FALSE
2d4cfc49-d7aa-4543-a2a0-59cb4dd69fc1,965545c8-cb9b-47a4-b8b5-eb579f3ca0d4,US,NA,NA,U.S. House,"Fabrizio, Lee & Associates/Impact Research",Wall Street Journal,NA,rv,1500,2025-07-16,2025-07-20,NA,general,https://www.wsj.com/politics/policy/trump-approval-rating-poll-july-2025-745b0f5f,Generic Democrat,46,Generic Republican,43,3,FALSE
a79561f6-8164-4ca5-9491-09a75f04c92e,6d803eff-508c-438b-b94f-b4397de642cc,US,NA,NA,U.S. House,Morning Consult,NA,NA,rv,28190,2025-07-14,2025-07-20,NA,general,https://pro.morningconsult.com/trackers/2026-midterm-election-generic-ballot-polls,Generic Democrat,44.32,Generic Republican,42.59,1.7299999999999969,FALSE
730356b3-cf3e-4393-9e17-1dae26ed1209,81698007-6737-4967-a796-9c2de450a8f5,US,NA,NA,U.S. House,YouGov,Economist,NA,rv,1549,2025-07-18,2025-07-21,NA,general,https://d3nkl3psvxxpe9.cloudfront.net/documents/econtoplines_x8wFIYj.pdf,Generic Democrat,44,Generic Republican,41,3,FALSE
3e8d4a9a-9bdd-4c4c-9420-776000329f3a,dd157520-2511-462c-9441-af5e40a13c0a,US,NA,NA,U.S. House,Emerson College,NA,NA,rv,1400,2025-07-21,2025-07-22,NA,general,https://emersoncollegepolling.com/july-2025-national-poll/,Generic Democrat,44,Generic Republican,41.5,2.5,FALSE
5a3fbf51-f19e-474d-a8ca-700c5539deec,ccf81289-6cbc-40ec-b91f-bbb423ec1823,US,NA,NA,U.S. House,McLaughlin & Associates,America's New Majority Project | Gingrich 360,REP,rv,2000,2025-07-21,2025-07-24,NA,general,https://americasnewmajorityproject.com/wp-content/uploads/2025/07/20250724-NationalANMP-Topline.pdf,Generic Democrat,45.5,Generic Republican,42.8,2.700000000000003,TRUE
5a3fbf51-f19e-474d-a8ca-700c5539deec,f42e0849-897d-41dc-a898-a819a7e3de19,US,NA,NA,U.S. House,McLaughlin & Associates,America's New Majority Project | Gingrich 360,REP,lv,1633,2025-07-21,2025-07-24,NA,general,https://americasnewmajorityproject.com/wp-content/uploads/2025/07/20250724-NationalANMP-Topline.pdf,Generic Democrat,48,Generic Republican,43.9,4.100000000000001,TRUE
6175daf4-4370-4c6d-b1fc-13b66e3e0b31,2e3594eb-0086-402d-a382-a1248c9ea75f,US,NA,NA,U.S. House,Morning Consult,NA,NA,rv,28524,2025-07-21,2025-07-27,NA,general,https://pro.morningconsult.com/trackers/2026-midterm-election-generic-ballot-polls,Generic Democrat,44.07,Generic Republican,42.19,1.8800000000000026,FALSE
87c27fc6-6550-4a14-a183-22366fd0ec18,9005ee41-b4d9-4dc6-adc0-f6e3d29f91ce,US,NA,NA,U.S. House,Ipsos,Reuters,NA,rv,884,2025-07-25,2025-07-27,NA,general,https://www.reuters.com/data/trumps-approval-rating-2025-01-21/,Generic Democrat,40,Generic Republican,36,4,FALSE
8cff2e28-13e0-4e5c-8226-fd204bb804c2,89241606-1f15-45e5-b89e-8f5ee10dbafa,US,NA,NA,U.S. House,YouGov,Yahoo News,NA,rv,1167,2025-07-24,2025-07-28,NA,general,https://d3nkl3psvxxpe9.cloudfront.net/documents/20250728_yahoo.pdf,Generic Democrat,46,Generic Republican,39,7,FALSE
a90eb90e-77d8-4f41-8480-e8a7fc443938,a62f099c-b5ad-425a-a956-5f27954bf5d5,US,NA,NA,U.S. House,YouGov,Economist,NA,rv,1608,2025-07-25,2025-07-28,NA,general,https://d3nkl3psvxxpe9.cloudfront.net/documents/econTabReport_7Bn59Tx.pdf,Generic Democrat,43,Generic Republican,41,2,FALSE
bab5b0b3-eb57-4c09-bcad-e3487c94bcd2,eccb4cf7-25cb-4385-86ba-05aa20499392,US,NA,NA,U.S. House,GrayHouse,America One Policies,REP,rv,2000,2025-07-27,2025-07-29,NA,general,https://www.americaonepolicies.com/polls/selling-the-one-big-beautiful-bill,Generic Democrat,47,Generic Republican,44,3,TRUE
54a3f9a0-2524-488c-9093-6561c035f2e5,5c6651e1-4675-4047-809d-8c37a64665e5,US,NA,NA,U.S. House,Clarity Campaign Labs,NA,NA,rv,1018,2025-07-24,2025-07-31,NA,general,https://static1.squarespace.com/static/61ae8d5e55be5c7314b4c83a/t/68936b40c111f97bb04773dd/1754491714447/Clarity+Omnibus+Overview+-+July+2025+%5BPUBLIC%5D.pdf,Generic Democrat,51,Generic Republican,43,8,FALSE
31aaea44-daf0-48ea-ba70-d22828972644,0760e1e6-f5f0-47ee-8fe3-391a34698c4a,US,NA,NA,U.S. House,Morning Consult,NA,NA,rv,27432,2025-07-28,2025-08-03,NA,general,https://pro.morningconsult.com/trackers/2026-midterm-election-generic-ballot-polls,Generic Democrat,43.68,Generic Republican,42.53,1.1499999999999986,FALSE
622d39d6-a16b-47c1-b6dc-5ec23f3b79e6,69a2cf09-7ead-4e80-b7e2-c84fea7a0d2f,US,NA,NA,U.S. House,Hart Research Associates/Public Opinion Strategies,CNBC,NA,rv,NA,2025-07-29,2025-08-03,NA,general,https://pos.org/wp-content/uploads/2025/08/250178-CNBC-AAES-Q2-2025-Topline-8-7-2025-Release.pdf,Generic Democrat,49,Generic Republican,44,5,FALSE
3b432349-9421-424a-82e7-783ecd50a3b8,2bd1180c-af77-4a81-b728-db2f5149bf3c,US,NA,NA,U.S. House,YouGov,Economist,NA,a,1702,2025-08-01,2025-08-04,NA,general,https://d3nkl3psvxxpe9.cloudfront.net/documents/econTabReport_lSgdLYM.pdf,Generic Democrat,40,Generic Republican,35,5,FALSE
3b432349-9421-424a-82e7-783ecd50a3b8,85de4f8f-e5cc-4b45-8b86-1ab49d9d68ee,US,NA,NA,U.S. House,YouGov,Economist,NA,rv,1528,2025-08-01,2025-08-04,NA,general,https://d3nkl3psvxxpe9.cloudfront.net/documents/econTabReport_lSgdLYM.pdf,Generic Democrat,44,Generic Republican,38,6,FALSE
3d9d5145-6292-4ecb-99af-003b7a3538c6,d2a4100d-d535-45e2-949a-bd4529275d41,US,NA,NA,U.S. House,Cygnal Political,NA,NA,lv,1500,2025-08-07,2025-08-09,NA,general,https://www.cygn.al/national-poll-69-percent-of-americans-reject-race-based-redistricting-views-on-the-american-dream-on-life-support-and-the-fed-gets-low-marks-on-handling-of-interest-rates/,Generic Democrat,47.4,Generic Republican,46.4,1,FALSE
72d9ccfc-02e8-4574-bf44-85e2a15f18be,5b196f1e-13cd-4ac9-8693-37776c458776,US,NA,NA,U.S. House,Morning Consult,NA,NA,rv,26631,2025-08-04,2025-08-10,NA,general,https://pro.morningconsult.com/trackers/2026-midterm-election-generic-ballot-polls,Generic Democrat,43.79,Generic Republican,42.66,1.1300000000000026,FALSE
811251aa-6011-4948-bcd0-b3fb7059fcf3,b4fe2f93-1ead-41df-8e9c-03f40b74c526,US,NA,NA,U.S. House,YouGov,Economist,NA,rv,1473,2025-08-09,2025-08-11,NA,general,https://d3nkl3psvxxpe9.cloudfront.net/documents/econTabReport_Y7xe8fY.pdf#page20,Generic Democrat,42,Generic Republican,40,2,FALSE
811251aa-6011-4948-bcd0-b3fb7059fcf3,fbb2d624-1024-4eb5-b24b-c1651d53b20f,US,NA,NA,U.S. House,YouGov,Economist,NA,a,1634,2025-08-09,2025-08-11,NA,general,https://d3nkl3psvxxpe9.cloudfront.net/documents/econTabReport_Y7xe8fY.pdf#page20,Generic Democrat,38,Generic Republican,35,3,FALSE
e8bb7881-4356-40fd-9dcf-a4e5d672fc9b,575c02a0-88d9-4798-94d8-c19edc8e53d4,US,NA,NA,U.S. House,Quantus Insights,NA,NA,rv,1000,2025-08-11,2025-08-13,NA,general,https://quantusinsights.org/f/middle-america-shrugs-inflation-fatigue-and-electoral-flux,Generic Democrat,45,Generic Republican,42,3,FALSE
72c0cd52-1f22-491c-8c2b-4b96a13319c0,02890acf-d019-4a18-b731-f1450adab114,US,NA,NA,U.S. House,The Argument/Verasight,NA,NA,rv,1562,2025-08-08,2025-08-17,NA,general,https://www.theargumentmag.com/p/when-americans-bite-their-tongues,Generic Democrat,50.7,Generic Republican,49.3,1.4000000000000057,FALSE
becbf5c1-2620-4b75-864f-6475e7693833,ed3a55b9-ca15-4deb-8946-af0b8b9c4dcb,US,NA,NA,U.S. House,Morning Consult,NA,NA,rv,27248,2025-08-11,2025-08-17,NA,general,https://pro.morningconsult.com/trackers/2026-midterm-election-generic-ballot-polls,Generic Democrat,43.93,Generic Republican,42.88,1.0499999999999972,FALSE
0e7b8a05-2a31-4e54-b6fb-ae6cc73f59a6,b6f77782-d2eb-4e6b-960d-48d7b9169387,US,NA,NA,U.S. House,Echelon Insights,NA,NA,lv,1057,2025-08-14,2025-08-18,NA,general,https://echelonin.wpenginepowered.com/wp-content/uploads/August-2025-Voter-Omnibus-Topline-External.pdf,Generic Democrat,46,Generic Republican,47,-1,FALSE
4eb3c06b-ccba-48d0-9bbb-2a52bbddbd45,755ccb1d-ac3b-422b-8a59-1cc0dcffc065,US,NA,NA,U.S. House,Ipsos,Reuters,NA,rv,3516,2025-08-13,2025-08-18,NA,general,https://www.reuters.com/world/us/trump-approval-holds-40-lowest-level-his-term-reutersipsos-poll-finds-2025-08-18/,Generic Democrat,40,Generic Republican,39,1,FALSE
c5872e97-405b-437e-9dc6-cb9fff584692,9eeb1aa4-798b-4220-8ca1-278003a3213f,US,NA,NA,U.S. House,YouGov,Economist,NA,rv,1404,2025-08-15,2025-08-18,NA,general,https://d3nkl3psvxxpe9.cloudfront.net/documents/econTabReport_sBoaiA0.pdf,Generic Democrat,44,Generic Republican,39,5,FALSE
c5872e97-405b-437e-9dc6-cb9fff584692,cb3464d2-73fc-46eb-abe7-f15236014f7d,US,NA,NA,U.S. House,YouGov,Economist,NA,a,1564,2025-08-15,2025-08-18,NA,general,https://d3nkl3psvxxpe9.cloudfront.net/documents/econTabReport_sBoaiA0.pdf,Generic Democrat,41,Generic Republican,33,8,FALSE
fd455164-cfab-4b4f-8b37-fce495cbcea6,e733b9e8-88a4-4eba-bee3-94a76f5d560e,US,NA,NA,U.S. House,SoCal Strategies,On Point Politics | Red Eagle Politics,REP,a,700,2025-08-19,2025-08-19,NA,general,https://substack.com/home/post/p-171344467,Generic Democrat,42,Generic Republican,37,5,TRUE
49471ca9-07fc-4cca-a059-bb809265ce73,08a44506-c3a3-4c46-a1e7-e29044f1a006,US,NA,NA,U.S. House,Verasight,Strength In Numbers,NA,a,1500,2025-08-18,2025-08-21,NA,general,https://www.gelliottmorris.com/p/democrats-lead-the-us-house-generic,Generic Democrat,49,Generic Republican,41,8,FALSE
e451b58a-a16b-4fd5-bd03-4a941cc5f05e,e659cf72-7327-4cd6-a3d6-0ca4b14350bc,US,NA,NA,U.S. House,RMG Research,Napolitan News Service,NA,rv,2000,2025-08-18,2025-08-21,NA,general,https://napolitannews.org/assets/pdfs/68a88d78ed57a-gcm25-week-of-august-18-mini-generic-ballot-topline.pdf,Generic Democrat,47,Generic Republican,47,0,FALSE
5962d3e3-14cd-4203-96f2-8803cf989543,83e60316-2e2a-4e2f-83b2-a6704c15fa93,US,NA,NA,U.S. House,Ipsos,Reuters,NA,rv,895,2025-08-22,2025-08-24,NA,general,https://www.reuters.com/data/trumps-approval-rating-2025-01-21/,Generic Democrat,42,Generic Republican,37,5,FALSE
5962d3e3-14cd-4203-96f2-8803cf989543,9cbc9759-bb22-47b9-bf36-e14e78e424e0,US,NA,NA,U.S. House,Ipsos,Reuters,NA,a,1022,2025-08-22,2025-08-24,NA,general,https://www.reuters.com/data/trumps-approval-rating-2025-01-21/,Generic Democrat,38,Generic Republican,34,4,FALSE
e6da1f1a-d7b7-47c3-9608-8a69cfb1cfa5,c9b02e23-d46e-4fa6-8b16-b4ec6ba869b4,US,NA,NA,U.S. House,Morning Consult,NA,NA,rv,27673,2025-08-18,2025-08-24,NA,general,https://pro.morningconsult.com/trackers/2026-midterm-election-generic-ballot-polls,Generic Democrat,44.05,Generic Republican,42.24,1.8099999999999952,FALSE
99665a36-6d50-45b5-a4c5-e17d0faa930e,808d4c01-c5a1-40f7-b7c9-9517597cb087,US,NA,NA,U.S. House,YouGov,Economist,NA,rv,1374,2025-08-22,2025-08-25,NA,general,https://d3nkl3psvxxpe9.cloudfront.net/documents/econtoplines_ziFpJLd.pdf,Generic Democrat,43,Generic Republican,41,2,FALSE
99665a36-6d50-45b5-a4c5-e17d0faa930e,9c2e7720-ca77-4f1f-bba8-816abf606c73,US,NA,NA,U.S. House,YouGov,Economist,NA,a,1520,2025-08-22,2025-08-25,NA,general,https://d3nkl3psvxxpe9.cloudfront.net/documents/econtoplines_ziFpJLd.pdf,Generic Democrat,41,Generic Republican,36,5,FALSE
1c879a1a-8d78-4df6-95b9-9a68c10c1358,8b669d66-6457-428a-967a-11c8a8506aa3,US,NA,NA,U.S. House,Emerson College,NA,NA,rv,1000,2025-08-25,2025-08-26,NA,general,https://emersoncollegepolling.com/august-2025-national/,Generic Democrat,43.3,Generic Republican,43,0.29999999999999716,FALSE
88613b79-f48d-4b4b-80bb-bc447f1d4d00,62705616-74b0-43d5-9066-0a27909d07ba,US,NA,NA,U.S. House,McLaughlin & Associates,NA,NA,lv,1000,2025-08-21,2025-08-26,NA,general,https://mclaughlinonline.com/pols/wp-content/uploads/2025/09/National-August-Presentation-RELEASE-8-27-25.pdf,Generic Democrat,45,Generic Republican,47,-2,FALSE
3b30b4f9-5794-4065-9b75-a24aebe09dcf,0d70eaff-3047-444d-a7ec-d1d7ce3e78df,US,NA,NA,U.S. House,Morning Consult,NA,NA,rv,26531,2025-08-25,2025-08-31,NA,general,https://pro.morningconsult.com/trackers/2026-midterm-election-generic-ballot-polls,Generic Democrat,43.81,Generic Republican,42.4,1.4100000000000037,FALSE
9b5e2b0e-a87a-4dfd-bd63-e98f53d522d8,ecc35c6a-e4ee-422f-9582-6d786a1286ef,US,NA,NA,U.S. House,Morning Consult,NA,NA,rv,2202,2025-08-29,2025-08-31,NA,general,https://pro.morningconsult.com/trackers/donald-trump-congress-policy-republicans-polling,Generic Democrat,44.88,Generic Republican,40.72,4.160000000000004,FALSE
0f597bf1-2aa7-4f54-966a-b11033edafbd,0a62410a-57a2-44a8-bb85-0423a19aa1a9,US,NA,NA,U.S. House,Survey 160,NA,NA,rv,1437,2025-08-26,2025-09-01,NA,general,https://www.survey160.com/methodological-research-blog/introducing-the-survey-160-tracking-poll,Generic Democrat,46,Generic Republican,39,7,FALSE
a81d7b45-c3c9-4026-86de-baad552d5023,745cf847-f925-4e0c-9cff-889a0ae2dcb0,US,NA,NA,U.S. House,CNN/SSRS,NA,NA,a,2077,2025-08-21,2025-09-01,NA,general,https://www.cnn.com/2025/09/26/politics/us-politics-negative-sentiment-republicans-democrats,Generic Democrat,52,Generic Republican,47,5,FALSE
a81d7b45-c3c9-4026-86de-baad552d5023,e369837c-f04c-4bc7-a765-67f296555231,US,NA,NA,U.S. House,CNN/SSRS,NA,NA,rv,1768,2025-08-21,2025-09-01,NA,general,https://www.cnn.com/2025/09/26/politics/us-politics-negative-sentiment-republicans-democrats,Generic Democrat,52,Generic Republican,48,4,FALSE
b9ccc730-7cac-43f5-a357-688974ff0fb1,7fbaf969-5e92-485f-8115-ea3bb15c7121,US,NA,NA,U.S. House,The Winston Group,Winning the Issues,REP,rv,1000,2025-08-30,2025-09-01,NA,general,https://www.winningtheissues.org/wp-content/uploads/2026/01/August-2025-WTI-Survey.pdf,Generic Democrat,47,Generic Republican,43,4,TRUE
72270606-6e9e-422e-beef-525275aa3a41,3bd1a1c6-f84a-4341-aa7d-aec375d8b5c4,US,NA,NA,U.S. House,YouGov,Economist,NA,rv,1548,2025-08-29,2025-09-02,NA,general,https://d3nkl3psvxxpe9.cloudfront.net/documents/econTabReport_S3c69M7.pdf,Generic Democrat,43,Generic Republican,39,4,FALSE
72270606-6e9e-422e-beef-525275aa3a41,67f29e79-9154-4c36-9590-f1b079135665,US,NA,NA,U.S. House,YouGov,Economist,NA,a,1690,2025-08-29,2025-09-02,NA,general,https://d3nkl3psvxxpe9.cloudfront.net/documents/econTabReport_S3c69M7.pdf,Generic Democrat,38,Generic Republican,34,4,FALSE
feb50fe5-f54a-471e-9ea0-2216544f5c4f,b9227752-3518-4e02-b974-8be7efd5dc69,US,NA,NA,U.S. House,YouGov,Yahoo News,NA,rv,1136,2025-08-29,2025-09-02,NA,general,https://www.scribd.com/document/910985644/Yahoo-YouGov-Crime-Poll-August-2025,Generic Democrat,44,Generic Republican,40,4,FALSE
2e5fb265-630a-4a54-9e22-c8374ca19be1,9763ba65-a70b-434e-9f86-e137fa41dc53,US,NA,NA,U.S. House,Cygnal Political,NA,NA,lv,1500,2025-09-02,2025-09-03,NA,general,https://www.cygn.al/poll-optimism-drops-while-trump-gop-maintain-issue-trust-with-midterm-voters-including-on-inflation-crime/,Generic Democrat,47.6,Generic Republican,45.2,2.3999999999999986,FALSE
23ee7e3b-2cbd-45ca-b53c-8aa325e8915e,a266da70-1f64-4d2e-b014-94bfbdfe19d7,US,NA,NA,U.S. House,Morning Consult,NA,NA,rv,25541,2025-09-01,2025-09-07,NA,general,https://pro.morningconsult.com/trackers/2026-midterm-election-generic-ballot-polls,Generic Democrat,44.22,Generic Republican,42.09,2.1299999999999955,FALSE
dee9668a-efd8-42a9-b047-30413b6a222b,27ba6d86-0403-4396-bdcc-5d07b7e3a99f,US,NA,NA,U.S. House,Echelon Insights,Internet for Growth,NA,lv,1030,2025-09-05,2025-09-07,NA,general,https://internetforgrowth.com/wp-content/uploads/2025/11/Internet-For-Growth-Survey-Topline-Results.pdf,Generic Democrat,45,Generic Republican,44,1,FALSE
39b16f1b-462d-46a9-b90b-925a34498e2a,3a72652d-0dd8-4903-ac44-5141f5327b6e,US,NA,NA,U.S. House,PRRI,Brookings Institute | Carnegie Corporation of New York | Ford Foundation | Unitarian Universalist Veatch Program at Shelter Rock,NA,a,5543,2025-08-15,2025-09-08,NA,general,https://prri.org/research/trumps-unprecedented-actions-deepen-asymmetric-divides/,Generic Democrat,33,Generic Republican,30,3,FALSE
b8c04b3a-0d68-49b1-b07c-3a1086d38e07,4f3f116e-650b-4695-8986-36d31c52f33d,US,NA,NA,U.S. House,YouGov,Economist,NA,a,1644,2025-09-05,2025-09-08,NA,general,https://d3nkl3psvxxpe9.cloudfront.net/documents/econtoplines_7flqP0S.pdf,Generic Democrat,39,Generic Republican,36,3,FALSE
b8c04b3a-0d68-49b1-b07c-3a1086d38e07,a9a80fef-90f2-4f5b-974d-e1918c14187a,US,NA,NA,U.S. House,YouGov,Economist,NA,rv,1487,2025-09-05,2025-09-08,NA,general,https://d3nkl3psvxxpe9.cloudfront.net/documents/econtoplines_7flqP0S.pdf,Generic Democrat,44,Generic Republican,40,4,FALSE
ba2e9d22-5b68-4a91-9c3b-31a9145c2c12,f5a17850-532e-43af-b350-fda9d3a9140a,US,NA,NA,U.S. House,Change Research,NA,NA,rv,2223,2025-09-05,2025-09-10,NA,general,https://portal.changeresearch.com/portal/projects/9b77cc10-feae-4dd6-b303-1b83ee015192,Generic Democrat,45,Generic Republican,43,2,FALSE
5527fb9a-263e-4c4d-aea2-82c7dad5a3fb,d9f8d0f1-8166-44f7-b2ee-6c192063c0a9,US,NA,NA,U.S. House,Clarity Campaign Labs,NA,NA,rv,1001,2025-09-04,2025-09-11,NA,general,https://www.claritycampaigns.com/clarity-omnibus-september-2025,Generic Democrat,50,Generic Republican,44,6,FALSE
fab3433d-8c67-49ad-be7e-cc63fbfd1544,a73be638-0ff8-410d-a4bb-36993a2384cd,US,NA,NA,U.S. House,i360,Americans for Prosperity,REP,rv,577,2025-09-10,2025-09-12,NA,general,https://americansforprosperity.org/wp-content/uploads/2025/10/ACA-Enhanced-Subsidy-Expiration-Poll-Toplines-100625.pdf,Generic Democrat,35,Generic Republican,32,3,TRUE
28d074f1-5f83-4587-8053-2eb9dac8603b,a69242da-f093-43e0-bc51-1291655465e8,US,NA,NA,U.S. House,National Association of Independent Pollsters,NA,NA,lv,2071,2025-09-06,2025-09-13,NA,general,https://www.realclearpolitics.com/articles/2025/09/19/generic_ballot_tracking_poll_republicans_narrow_dems_lead.html,Generic Democrat,47,Generic Republican,46,1,FALSE
52a6b96b-2c16-4bbc-a9d2-97c8899c478d,1fe37d3d-bcbf-43d6-a7ba-4f26f3c88bc2,US,NA,NA,U.S. House,Morning Consult,NA,NA,rv,23465,2025-09-08,2025-09-14,NA,general,https://pro.morningconsult.com/trackers/2026-midterm-election-generic-ballot-polls,Generic Democrat,43.89,Generic Republican,42.44,1.4500000000000028,FALSE
466e3588-41f4-48f3-a5ca-c198f912fe25,6679ba46-4c18-4645-bb39-d7f22d96b303,US,NA,NA,U.S. House,YouGov,Economist,NA,rv,1418,2025-09-12,2025-09-15,NA,general,https://d3nkl3psvxxpe9.cloudfront.net/documents/econtoplines_lW8OjKt.pdf,Generic Democrat,43,Generic Republican,41,2,FALSE
466e3588-41f4-48f3-a5ca-c198f912fe25,d92c54f1-d906-42be-a130-6763dbbf6740,US,NA,NA,U.S. House,YouGov,Economist,NA,a,1565,2025-09-12,2025-09-15,NA,general,https://d3nkl3psvxxpe9.cloudfront.net/documents/econtoplines_lW8OjKt.pdf,Generic Democrat,37,Generic Republican,33,4,FALSE
3e5a6ce7-9203-4abb-855e-a71e6d4227f5,8ba51607-8fad-49d5-a70d-7dd685beec8d,US,NA,NA,U.S. House,AtlasIntel,NA,NA,a,1066,2025-09-12,2025-09-16,NA,general,https://www.atlasintel.org/poll/usa-national-2025-09-19,Generic Democrat,51.8,Generic Republican,43.5,8.299999999999997,FALSE
697e9a56-761a-476e-8119-12a7114fc436,1f8d1e20-cefd-4e47-b1e1-420f8d302303,US,NA,NA,U.S. House,"Normington, Petts & Associates",Third Way,DEM,rv,800,2025-09-11,2025-09-16,NA,general,https://www.thirdway.org/memo/americans-caught-between-trumps-cruelty-and-democrats-chaos,Generic Democrat,51,Generic Republican,49,2,TRUE
ee44cc3f-948a-4e0a-8066-d3fa28c06961,26a4b7f0-9f23-46fe-9c9d-386799cc0bea,US,NA,NA,U.S. House,The Argument/Verasight,NA,NA,rv,1541,2025-09-15,2025-09-18,NA,general,https://www.theargumentmag.com/p/chatgpt-and-the-end-of-learning,Generic Democrat,53,Generic Republican,47,6,FALSE
fe6e5714-5dbf-45a1-a091-9753ac70a9d8,2c814428-43be-4e75-ba83-3b4063174df1,US,NA,NA,U.S. House,Verasight,Strength In Numbers,NA,a,1500,2025-09-15,2025-09-19,NA,general,https://www.gelliottmorris.com/p/new-poll-voters-to-blame-republicans-for-shutdown,Generic Democrat,47,Generic Republican,42,5,FALSE
2f4d2eb9-a20d-4162-93cd-757592b7a43a,5ff74b1a-4f82-45ac-865a-9d78e26e1ca8,US,NA,NA,U.S. House,Morning Consult,NA,NA,rv,21386,2025-09-15,2025-09-21,NA,general,https://pro.morningconsult.com/trackers/2026-midterm-election-generic-ballot-polls,Generic Democrat,43.87,Generic Republican,42.74,1.1299999999999955,FALSE
acc91e58-d57d-4a88-be30-dc811ab57154,1bc5bf50-43cd-4c9a-9849-7abd5594b3fd,US,NA,NA,U.S. House,Ipsos,Reuters,NA,rv,799,2025-09-19,2025-09-21,NA,general,https://www.reuters.com/data/trumps-approval-rating-2025-01-21/,Generic Democrat,36,Generic Republican,39,-3,FALSE
0a9e9628-1db3-416a-af2f-efafab728888,4ac5429e-3349-42fd-8193-d9d54a28d712,US,NA,NA,U.S. House,YouGov,Economist,NA,rv,1392,2025-09-19,2025-09-22,NA,general,https://d3nkl3psvxxpe9.cloudfront.net/documents/econTabReport_XUKbKYQ.pdf,Generic Democrat,45,Generic Republican,42,3,FALSE
0a9e9628-1db3-416a-af2f-efafab728888,4bb62fa0-43b9-48fb-bfc9-08c2addf11d8,US,NA,NA,U.S. House,YouGov,Economist,NA,a,1551,2025-09-19,2025-09-22,NA,general,https://d3nkl3psvxxpe9.cloudfront.net/documents/econTabReport_XUKbKYQ.pdf,Generic Democrat,39,Generic Republican,35,4,FALSE
ca7ae0e1-1b79-43c4-84c9-31f7c705b998,b99bd44f-4927-47af-8f80-122f70888cd3,US,NA,NA,U.S. House,Echelon Insights,NA,NA,lv,1071,2025-09-18,2025-09-22,NA,general,https://echeloninsights.com/in-the-news/september-2025-verified-voter-omnibus/,Generic Democrat,47,Generic Republican,46,1,FALSE
e8ce336e-d964-4bd0-82e9-9c9b24315237,ad275faa-524a-4812-8e81-4e6bc803659e,US,NA,NA,U.S. House,McLaughlin & Associates,NA,NA,lv,1000,2025-09-17,2025-09-22,NA,general,https://mclaughlinonline.com/2025/09/30/national-monthly-september-2025/,Generic Democrat,41,Generic Republican,47,-6,FALSE
92285b07-6a8a-4365-b306-9a6e858ead4b,d5987d88-6932-4b1a-85a9-0e12706babf4,US,NA,NA,U.S. House,RMG Research,Napolitan News Service,NA,rv,2000,2025-09-22,2025-09-24,NA,general,https://napolitannews.org/posts/generic-ballot-gop-43-percent-dem-41,Generic Democrat,45,Generic Republican,46,-1,FALSE
e22bac5b-d8ec-471d-91ca-a8405b20b0b9,96588ee5-ff40-4c17-b654-a278010dd6f2,US,NA,NA,U.S. House,The New York Times/Siena University,NA,NA,rv,1313,2025-09-22,2025-09-27,NA,general,https://www.nytimes.com/interactive/2025/09/29/polls/times-siena-poll-registered-voter-crosstabs.html,Generic Democrat,47.12,Generic Republican,45.18,1.9399999999999977,FALSE
0075cdb8-d58a-4e2e-8036-cccd84bab2f4,69324ecc-a70d-48a4-854a-3d629885fc45,US,NA,NA,U.S. House,Morning Consult,NA,NA,rv,21729,2025-09-22,2025-09-28,NA,general,https://pro.morningconsult.com/trackers/2026-midterm-election-generic-ballot-polls,Generic Democrat,43.37,Generic Republican,42.96,0.4099999999999966,FALSE
39eac4a4-e32c-467c-a830-3666cfeeaddf,724ed02d-9950-4bbc-b9a7-d251e3f4a2b3,US,NA,NA,U.S. House,YouGov,Economist,NA,rv,1517,2025-09-26,2025-09-29,NA,general,https://d3nkl3psvxxpe9.cloudfront.net/documents/econtoplines_0BC71Jd.pdf,Generic Democrat,44,Generic Republican,41,3,FALSE
39eac4a4-e32c-467c-a830-3666cfeeaddf,de4b3086-8d60-4efe-9d5a-08165863daaf,US,NA,NA,U.S. House,YouGov,Economist,NA,a,1655,2025-09-26,2025-09-29,NA,general,https://d3nkl3psvxxpe9.cloudfront.net/documents/econtoplines_0BC71Jd.pdf,Generic Democrat,41,Generic Republican,35,6,FALSE
b8249bec-3301-4979-87b2-9e522cb8cb8a,5b995186-d73a-4ff3-b4d3-c9e53483431e,US,NA,NA,U.S. House,YouGov,Yahoo News,NA,rv,1126,2025-09-25,2025-09-29,NA,general,https://www.scribd.com/document/925455404/Combined-Kimmel,Generic Democrat,44,Generic Republican,40,4,FALSE
91ee79ad-914a-4955-8a31-c79cbe7a8f3a,19f9eaf5-b769-46bb-ac27-0bf13d72a2a7,US,NA,NA,U.S. House,Morning Consult,NA,NA,rv,2200,2025-10-03,2025-10-05,NA,general,https://pro.morningconsult.com/trackers/donald-trump-congress-policy-republicans-polling,Generic Democrat,46.13,Generic Republican,43.33,2.8000000000000043,FALSE
ec4fa3a3-6835-4d22-9240-ebe01f32ee3e,3aaa9083-6d4e-4c0c-ba58-0d37ae9cfeea,US,NA,NA,U.S. House,Morning Consult,NA,NA,rv,21493,2025-09-29,2025-10-05,NA,general,https://pro.morningconsult.com/trackers/2026-midterm-election-generic-ballot-polls,Generic Democrat,43.89,Generic Republican,43.29,0.6000000000000014,FALSE
2aa675ad-c96b-47bf-9197-e0e30023bd0f,913d3174-23d6-442a-bcd3-042c372044ff,US,NA,NA,U.S. House,Change Research,NA,NA,rv,1596,2025-09-28,2025-10-06,NA,general,https://portal.changeresearch.com/portal/projects/0326caf4-1de0-4774-8b12-23385ba6d752,Generic Democrat,46,Generic Republican,42,4,FALSE
6f328e48-0a08-4893-8213-6b93659faaf1,64c82d66-56ff-4dd9-8e65-31efec7e63e2,US,NA,NA,U.S. House,Noble Predictive Insights,Center Square,NA,rv,2565,2025-10-02,2025-10-06,NA,general,https://www.thecentersquare.com/north_carolina/article_1ca4f129-6cbd-4a04-a83b-4e98ad17c137.html,Generic Democrat,45,Generic Republican,43,2,FALSE
adc47304-03c4-4e84-a066-da3cddc33b33,2aec1d19-162e-44e7-b304-0d49fa157ae4,US,NA,NA,U.S. House,YouGov,Economist,NA,a,1643,2025-10-04,2025-10-06,NA,general,https://d3nkl3psvxxpe9.cloudfront.net/documents/econtoplines_bMx6QGe.pdf,Generic Democrat,39,Generic Republican,33,6,FALSE
adc47304-03c4-4e84-a066-da3cddc33b33,2c2e32fd-4149-4e9c-8940-76ecc9579ce7,US,NA,NA,U.S. House,YouGov,Economist,NA,rv,1486,2025-10-04,2025-10-06,NA,general,https://d3nkl3psvxxpe9.cloudfront.net/documents/econtoplines_bMx6QGe.pdf,Generic Democrat,44,Generic Republican,39,5,FALSE
b7cfa29b-a438-4fae-96da-3c9069843a18,30e824f3-7b71-4033-b0ca-d6e1e7e21f05,US,NA,NA,U.S. House,Ipsos,Reuters,NA,rv,864,2025-10-03,2025-10-07,NA,general,https://www.reuters.com/world/us/most-americans-dont-want-troops-deployed-without-an-external-threat-reutersipsos-2025-10-08/,Generic Democrat,40,Generic Republican,38,2,FALSE
60acce88-da70-414a-8d74-c33786864a4f,168f9e0a-8122-4ad2-8f2f-ee3eaa279c20,US,NA,NA,U.S. House,Cygnal Political,NA,NA,lv,1500,2025-10-07,2025-10-08,NA,general,https://www.cygn.al/wp-content/uploads/2025/10/Cygnal-Oct25-NVT.pdf,Generic Democrat,47.5,Generic Republican,45.3,2.200000000000003,FALSE
ce7d3fdf-8547-4459-9f27-646a65905b9f,508b1727-55bd-4a26-bb9b-81e2dc5449a8,US,NA,NA,U.S. House,Quantus Insights,NA,NA,lv,1000,2025-10-06,2025-10-08,NA,general,https://quantusinsights.org/f/the-nation%E2%80%99s-pulse-trump-approval-poll-october-2025,Generic Democrat,42,Generic Republican,43,-1,FALSE
102ff937-5abd-4af7-b65c-ae4834f7e0b8,c29a902d-c24d-4fb2-bfc6-afd6fac9994d,US,NA,NA,U.S. House,Morning Consult,NA,NA,rv,2202,2025-10-10,2025-10-12,NA,general,https://pro.morningconsult.com/trackers/donald-trump-congress-policy-republicans-polling,Generic Democrat,45.87,Generic Republican,43.27,2.5999999999999943,FALSE
17b30fc1-0d4c-4359-af09-7f7729a1b1ab,44ade289-5442-4937-aca9-4dd08f047f82,US,NA,NA,U.S. House,Morning Consult,NA,NA,rv,21246,2025-10-06,2025-10-12,NA,general,https://pro.morningconsult.com/trackers/2026-midterm-election-generic-ballot-polls,Generic Democrat,44.39,Generic Republican,42.71,1.6799999999999997,FALSE
e314dc14-55ae-4a5d-99ee-ab0b18f1a150,e98ad78f-0f82-4940-8144-7e2456f41ab9,US,NA,NA,U.S. House,Hart Research Associates/Public Opinion Strategies,CNBC,NA,rv,NA,2025-10-08,2025-10-12,NA,general,https://www.cnbc.com/2025/10/17/trumps-economic-approval-rating-drops-says-cnbc-survey.html,Generic Democrat,48,Generic Republican,47,1,FALSE
0fbfb560-8125-405f-8f5a-a459f464ee5a,4e8c54f1-9a36-469b-bdba-de69a925d84c,US,NA,NA,U.S. House,YouGov,Economist,NA,rv,1466,2025-10-10,2025-10-13,NA,general,https://d3nkl3psvxxpe9.cloudfront.net/documents/econtoplines_S8pBegu.pdf,Generic Democrat,43,Generic Republican,40,3,FALSE
0fbfb560-8125-405f-8f5a-a459f464ee5a,c1d7a8d2-af7b-4ef2-bed8-3a31ca053372,US,NA,NA,U.S. House,YouGov,Economist,NA,a,1621,2025-10-10,2025-10-13,NA,general,https://d3nkl3psvxxpe9.cloudfront.net/documents/econtoplines_S8pBegu.pdf,Generic Democrat,39,Generic Republican,34,5,FALSE
91f64038-a351-4e6e-860f-b5fed6625f37,af54c7cc-2e57-4d84-9f9b-71d2d929175e,US,NA,NA,U.S. House,Emerson College,NA,NA,rv,1000,2025-10-13,2025-10-14,NA,general,https://emersoncollegepolling.com/october-2025-poll/,Generic Democrat,43.9,Generic Republican,42.5,1.3999999999999986,FALSE
570f4564-4a83-4bbf-abe7-51326c5649ed,8eb17a77-26c5-41fe-abe5-92a9cbf740ad,US,NA,NA,U.S. House,J.L. Partners,DailyMail.com,NA,rv,1004,2025-10-14,2025-10-15,NA,general,https://www.dailymail.co.uk/news/article-15199427/donald-trump-polling-peace-president.html,Generic Democrat,43,Generic Republican,37,6,FALSE
1d9d280f-bc0c-4793-8956-e1aca5acae6b,e8e25310-407e-4c86-b26d-0ccc29114d39,US,NA,NA,U.S. House,The Winston Group,Winning the Issues,REP,rv,1000,2025-10-15,2025-10-16,NA,general,https://www.winningtheissues.org/wp-content/uploads/2026/01/October-2025-WTI-National-Survey.pdf,Generic Democrat,47,Generic Republican,43,4,TRUE
2c5c8c3d-4025-4469-be45-c4e2460957b3,679a56d3-1ba5-460b-be31-fde3143abc03,US,NA,NA,U.S. House,The Argument/Verasight,NA,NA,rv,1530,2025-10-10,2025-10-16,NA,general,https://www.theargumentmag.com/p/the-immigration-problem-is-a-crime,Generic Democrat,51,Generic Republican,49,2,FALSE
6baa8b38-271f-4b9b-984d-b09f12a8a8bf,3eb600e8-b1ca-4bce-93e6-5018e8906ba0,US,NA,NA,U.S. House,Morning Consult,NA,NA,rv,2200,2025-10-17,2025-10-19,NA,general,https://pro.morningconsult.com/trackers/donald-trump-congress-policy-republicans-polling,Generic Democrat,45.66,Generic Republican,42.78,2.8799999999999955,FALSE
f7789e51-8216-4bba-ad84-25c4a1ebb377,637ee963-3e31-4adc-80d1-65d1385ed4ad,US,NA,NA,U.S. House,Morning Consult,NA,NA,rv,21829,2025-10-13,2025-10-19,NA,general,https://pro.morningconsult.com/trackers/2026-midterm-election-generic-ballot-polls,Generic Democrat,44.49,Generic Republican,42.4,2.0900000000000034,FALSE
25b36a38-8780-4bdc-8b64-c23b4de762f8,aaf8eb3c-44b3-4757-8f4f-03357128187f,US,NA,NA,U.S. House,Quinnipiac University,NA,NA,rv,1327,2025-10-16,2025-10-20,NA,general,https://poll.qu.edu/poll-release?releaseid=3938,Generic Democrat,50,Generic Republican,41,9,FALSE
33dca62e-e9de-4f60-bec5-d92b62dfaf95,da2b011e-e99d-4068-b553-b83f9bb3bc4f,US,NA,NA,U.S. House,University of Massachusetts Lowell Center for Public Opinion/YouGov,NA,NA,a,1000,2025-10-16,2025-10-20,NA,general,https://www.uml.edu/news/press-releases/2025/national-poll-10292025.aspx,Generic Democrat,38,Generic Republican,35,3,FALSE
5a442a09-82b0-4c1b-b82a-75bb57db360f,c8b37198-b791-4ef0-a310-d8cdceaafb8c,US,NA,NA,U.S. House,Ipsos,Reuters,NA,rv,3439,2025-10-15,2025-10-20,NA,general,https://www.reuters.com/world/us/trumps-approval-edges-up-despite-americans-blaming-republicans-shutdown-2025-10-21/,Generic Democrat,41,Generic Republican,38,3,FALSE
c6230fc7-cc8c-428d-8615-bb9cdc2073bf,693d876e-dbeb-4f58-bc5f-b45c1aac6522,US,NA,NA,U.S. House,YouGov,Economist,NA,a,1620,2025-10-17,2025-10-20,NA,general,https://d3nkl3psvxxpe9.cloudfront.net/documents/econtoplines_9BPkYGS.pdf,Generic Democrat,40,Generic Republican,35,5,FALSE
c6230fc7-cc8c-428d-8615-bb9cdc2073bf,ef6dd4bd-8e8a-470e-8de9-b5935caf26b2,US,NA,NA,U.S. House,YouGov,Economist,NA,rv,1447,2025-10-17,2025-10-20,NA,general,https://d3nkl3psvxxpe9.cloudfront.net/documents/econtoplines_9BPkYGS.pdf,Generic Democrat,45,Generic Republican,40,5,FALSE
cab987db-386d-4e89-9ab3-6bfd21c9d66d,13c623ca-05af-4bef-b713-2c8beca07bf4,US,NA,NA,U.S. House,Echelon Insights,NA,NA,lv,1010,2025-10-16,2025-10-20,NA,general,https://echeloninsights.com/in-the-news/october-2025-verified-voter-omnibus-2/,Generic Democrat,48,Generic Republican,46,2,FALSE
4d82864d-0881-4a24-9990-b36b1ef78c8c,4e6503f3-6725-4993-bd54-62dc34e34ee8,US,NA,NA,U.S. House,Clarity Campaign Labs,NA,NA,rv,1047,2025-10-16,2025-10-23,NA,general,https://www.claritycampaigns.com/clarity-omnibus-oct-2025,Generic Democrat,47,Generic Republican,46,1,FALSE
03a94037-b719-4eef-8098-847956981323,5cb5b1ac-d0e1-4acc-aed6-35c46f4cbd49,US,NA,NA,U.S. House,Morning Consult,NA,NA,rv,2202,2025-10-24,2025-10-26,NA,general,https://pro.morningconsult.com/trackers/donald-trump-congress-policy-republicans-polling,Generic Democrat,45.25,Generic Republican,42.32,2.9299999999999997,FALSE
3fff628a-288a-4d03-821d-7f02f02bba1c,aa46c347-dacd-49a9-9d69-440f47f0b0cf,US,NA,NA,U.S. House,Ipsos,Reuters,NA,rv,805,2025-10-24,2025-10-26,NA,general,https://www.reuters.com/world/us/trumps-popularity-dips-americans-sweat-cost-living-reutersipsos-poll-finds-2025-10-28/,Generic Democrat,39,Generic Republican,39,0,FALSE
4f58fa5b-662f-49d7-8f4b-46bcb7897ec9,bda184a3-34cf-41d4-b91d-787f8adc9745,US,NA,NA,U.S. House,Morning Consult,NA,NA,rv,21290,2025-10-20,2025-10-26,NA,general,https://pro.morningconsult.com/trackers/2026-midterm-election-generic-ballot-polls,Generic Democrat,43.71,Generic Republican,41.77,1.9399999999999977,FALSE
616f9099-0365-45a1-92f9-484ff4cfc330,e6c74304-f091-40fa-b8c5-ebd55410d262,US,NA,NA,U.S. House,Manhattan Institute,NA,NA,rv,500,2025-10-15,2025-10-26,NA,general,https://manhattan.institute/article/the-new-gop-survey-analysis-of-americans-overall-todays-republican-coalition-and-the-minorities-of-maga,Generic Democrat,47,Generic Republican,44,3,FALSE
98d76d65-1e42-4966-bf8b-76581cf4c3ec,644ee06a-70d7-4091-82ca-a9116f2e9689,US,NA,NA,U.S. House,YouGov,Economist,NA,rv,1472,2025-10-24,2025-10-27,NA,general,https://d3nkl3psvxxpe9.cloudfront.net/documents/econtoplines_6P3FccQ.pdf,Generic Democrat,43,Generic Republican,40,3,FALSE
98d76d65-1e42-4966-bf8b-76581cf4c3ec,f22dfc72-3282-41b7-a260-37238c3a2e55,US,NA,NA,U.S. House,YouGov,Economist,NA,a,1618,2025-10-24,2025-10-27,NA,general,https://d3nkl3psvxxpe9.cloudfront.net/documents/econtoplines_6P3FccQ.pdf,Generic Democrat,39,Generic Republican,34,5,FALSE
f502c98b-8fe3-4f65-a741-ddc0101b01c7,082d136e-7b34-4bb0-a2c7-c68ec59db8dd,US,NA,NA,U.S. House,McLaughlin & Associates,NA,NA,lv,1000,2025-10-21,2025-10-27,NA,general,https://mclaughlinonline.com/2025/10/30/national-monthly-october-2025/,Generic Democrat,44,Generic Republican,46,-2,FALSE
f7940aed-ac9a-4dd2-b264-ab417116d6ad,dfaeca89-4d7f-4718-bcd4-7b829d09959d,US,NA,NA,U.S. House,YouGov,Yahoo News,NA,rv,1197,2025-10-23,2025-10-27,NA,general,https://www.scribd.com/document/940273112/Yahoo-YouGov-Shutdown-Poll-October-2025,Generic Democrat,45,Generic Republican,40,5,FALSE
123d165f-6163-4380-8ece-bd74ee48bf14,919869aa-efe6-4809-86ee-d9c0ca938de1,US,NA,NA,U.S. House,Big Data Poll,Public Polling Project,NA,rv,2984,2025-10-26,2025-10-28,NA,general,https://www.bigdatapoll.com/blog/trumps-approval-rating-declines-further-in-october/,Generic Democrat,42.6,Generic Republican,41.4,1.2000000000000028,FALSE
7f38c43b-289e-45da-8214-bf42cb4f1d61,3087e14f-a359-44f6-9dba-b22818f90081,US,NA,NA,U.S. House,Hart Research Associates/Public Opinion Strategies,NBC News,NA,rv,1000,2025-10-24,2025-10-28,NA,general,https://www.nbcnews.com/politics/elections/poll-frustration-trump-gives-democrats-opening-year-midterms-rcna240551,Generic Democrat,50,Generic Republican,42,8,FALSE
ca2786fd-71a5-4591-952d-cb126693b457,5cabf7c1-90bf-4a5d-8be6-fd41f33e3dac,US,NA,NA,U.S. House,Ipsos,ABC News | The Washington Post,NA,a,2725,2025-10-24,2025-10-28,NA,general,https://www.washingtonpost.com/politics/2025/11/02/trump-democrats-poll-post-abc-ipsos/,Generic Democrat,42,Generic Republican,39,3,FALSE
ca2786fd-71a5-4591-952d-cb126693b457,cc8174fb-a74f-48f8-9b27-32043c061ea3,US,NA,NA,U.S. House,Ipsos,ABC News | The Washington Post,NA,rv,2203,2025-10-24,2025-10-28,NA,general,https://www.washingtonpost.com/politics/2025/11/02/trump-democrats-poll-post-abc-ipsos/,Generic Democrat,46,Generic Republican,44,2,FALSE
95a3b815-c6ac-45fe-9a2a-cb83c8a30b4a,b802eeaa-47c5-43ab-918e-688890e4ecee,US,NA,NA,U.S. House,Verasight,Strength In Numbers,NA,a,1567,2025-10-24,2025-10-29,NA,general,https://www.gelliottmorris.com/p/new-poll-voters-want-democrats-to,Generic Democrat,46,Generic Republican,39,7,FALSE
cfd09e77-816e-4305-80f3-f9162a386e30,7a746664-110c-420f-9d91-21720018aedc,US,NA,NA,U.S. House,NewsNation,Decision Desk HQ,NA,rv,1609,2025-10-27,2025-10-29,NA,general,https://www.newsnationnow.com/polls/,Generic Democrat,45,Generic Republican,44,1,FALSE
cfd09e77-816e-4305-80f3-f9162a386e30,bb967a56-6cd7-424f-ac97-5451f971ec83,US,NA,NA,U.S. House,NewsNation,Decision Desk HQ,NA,lv,1158,2025-10-27,2025-10-29,NA,general,https://www.newsnationnow.com/polls/,Generic Democrat,47,Generic Republican,47,0,FALSE
93e490ac-34a9-4db0-a8cc-fba1950efb24,a25abeef-1a17-4aaa-9403-c08660679ab7,US,NA,NA,U.S. House,CNN/SSRS,NA,NA,rv,954,2025-10-27,2025-10-30,NA,general,https://s3.documentcloud.org/documents/26211915/cnn-poll-trump-midterms-east-wing-parties.pdf,Generic Democrat,47,Generic Republican,42,5,FALSE
c5f197fe-4297-449d-9235-4b091a985eca,a6cac784-5794-4765-90f7-bf78c0ba3d6b,US,NA,NA,U.S. House,RMG Research,Napolitan News Service,NA,rv,2000,2025-10-27,2025-10-30,NA,general,https://napolitannews.org/posts/generic-ballot-gop-43-percent-dem-42,Generic Democrat,44,Generic Republican,46,-2,FALSE
9e93db54-1774-42c5-862e-9335b782533a,766a9c25-f2be-4a3e-ba7b-87775ce44ffc,US,NA,NA,U.S. House,Morning Consult,NA,NA,rv,22207,2025-10-27,2025-11-02,NA,general,https://pro.morningconsult.com/trackers/2026-midterm-election-generic-ballot-polls,Generic Democrat,43.25,Generic Republican,42.9,0.3500000000000014,FALSE
fa9e3a9a-e2cf-4ac5-9d5a-b597b501a46d,3b318ccc-d845-4e29-bf99-4c78ced3f55e,US,NA,NA,U.S. House,Morning Consult,NA,NA,rv,2202,2025-10-31,2025-11-02,NA,general,https://pro.morningconsult.com/trackers/donald-trump-congress-policy-republicans-polling,Generic Democrat,45.2,Generic Republican,41.8,3.4000000000000057,FALSE
a5f0b9c8-7fa9-414d-b4d3-7e1617e65653,4066bfc0-5258-4b4f-9d29-bf120ea5f6ac,US,NA,NA,U.S. House,YouGov,Economist,NA,rv,1470,2025-10-31,2025-11-03,NA,general,https://d3nkl3psvxxpe9.cloudfront.net/documents/econTabReport_5RO6eos.pdf,Generic Democrat,44,Generic Republican,41,3,FALSE
a5f0b9c8-7fa9-414d-b4d3-7e1617e65653,5393e5bc-9214-4332-b913-a9a8276ad874,US,NA,NA,U.S. House,YouGov,Economist,NA,a,1650,2025-10-31,2025-11-03,NA,general,https://d3nkl3psvxxpe9.cloudfront.net/documents/econTabReport_5RO6eos.pdf,Generic Democrat,38,Generic Republican,35,3,FALSE
8d91bcc5-8656-43b3-a4f0-ee0227edae97,cc6fbdd2-70f0-419d-89be-6bb724fa943e,US,NA,NA,U.S. House,Emerson College,NA,NA,rv,1000,2025-11-03,2025-11-04,NA,general,https://emersoncollegepolling.com/november-2025-national-poll/,Generic Democrat,43.5,Generic Republican,40.1,3.3999999999999986,FALSE
d541f006-7366-4b71-9df1-2e11b517205f,7339b60d-5947-437f-a26a-9be08e5796b3,US,NA,NA,U.S. House,Cygnal Political,NA,NA,lv,1500,2025-11-05,2025-11-06,NA,general,https://www.cygn.al/poll-voters-say-less-socialism-more-stabilityeconomic-concerns-surge-heading-into-2026/,Generic Democrat,49.7,Generic Republican,43.6,6.100000000000001,FALSE
81cf6c4d-c9d1-426e-b8e2-836e3ab2bd7d,a52d4b5f-48d2-4702-89d7-9d7eed2a2690,US,NA,NA,U.S. House,Morning Consult,NA,NA,rv,2201,2025-11-07,2025-11-09,NA,general,https://pro.morningconsult.com/trackers/donald-trump-congress-policy-republicans-polling,Generic Democrat,47.81,Generic Republican,42.52,5.289999999999999,FALSE
8a5a46c5-8090-417d-afcc-b818ff043c97,dc8443c5-17a4-4dd7-b1f1-19b5257f9c4b,US,NA,NA,U.S. House,Morning Consult,NA,NA,rv,21394,2025-11-03,2025-11-09,NA,general,https://pro.morningconsult.com/trackers/2026-midterm-election-generic-ballot-polls,Generic Democrat,43.83,Generic Republican,42.3,1.5300000000000011,FALSE
21ab95ba-3319-4e98-ab68-9abc93346ffa,48f66523-5866-4a5f-b4a5-d334d01bbd8f,US,NA,NA,U.S. House,Change Research,NA,NA,rv,1572,2025-11-06,2025-11-10,NA,general,https://portal.changeresearch.com/portal/projects/f8ad986a-d2e5-4fb6-a21f-63b6b92c2998,Generic Democrat,47,Generic Republican,43,4,FALSE
a8293cf5-a144-4f2d-9e05-82a00e46a252,4a02d6c4-63d0-4857-8a15-adb406b6a4a7,US,NA,NA,U.S. House,YouGov,Economist,NA,a,1662,2025-11-07,2025-11-10,NA,general,https://d3nkl3psvxxpe9.cloudfront.net/documents/econtoplines_L33vOWV.pdf,Generic Democrat,40,Generic Republican,34,6,FALSE
a8293cf5-a144-4f2d-9e05-82a00e46a252,cbafe8c7-bcc7-48ae-b9e6-15af13b03664,US,NA,NA,U.S. House,YouGov,Economist,NA,rv,1499,2025-11-07,2025-11-10,NA,general,https://d3nkl3psvxxpe9.cloudfront.net/documents/econtoplines_L33vOWV.pdf,Generic Democrat,46,Generic Republican,39,7,FALSE
e7002d14-a396-4202-ae00-13f513d96b20,62a15bfd-2459-453d-878c-111b084711a0,US,NA,NA,U.S. House,Survey 160,NA,NA,rv,1513,2025-11-06,2025-11-10,NA,general,https://www.survey160.com/methodological-research-blog/survey-160-tracking-poll-november-2025-update,Generic Democrat,46,Generic Republican,39,7,FALSE
5a334411-4193-4903-a500-84282e647287,724c0463-2a39-4abc-88be-a7e747d0d1dd,US,NA,NA,U.S. House,Yale University Institution for Social and Policy Studies,NA,NA,rv,3426,2025-10-29,2025-11-11,NA,general,https://youthpoll.yale.edu/fall-2025-results,Generic Democrat,45,Generic Republican,43,2,FALSE
137009a3-4c22-4dd9-bc76-410503134941,fca71da7-db6b-4a8c-aca7-ac3dd07e3cea,US,NA,NA,U.S. House,Ipsos,Reuters,NA,rv,938,2025-11-07,2025-11-12,NA,general,https://www.reuters.com/world/us/democrats-more-energized-2026-elections-than-republicans-reutersipsos-poll-finds-2025-11-13/,Generic Democrat,41,Generic Republican,40,1,FALSE
8620cfc2-f275-4f57-8120-a151dff6664a,4e3896e8-90cb-45de-8bfc-a81343eae089,US,NA,NA,U.S. House,Marquette University Law School,NA,NA,a,1052,2025-11-05,2025-11-12,NA,general,https://law.marquette.edu/poll/2025/11/18/detailed-results-of-the-marquette-law-school-supreme-court-poll-nov-5-12-2025-national-issues/,Generic Democrat,46,Generic Republican,41,5,FALSE
8620cfc2-f275-4f57-8120-a151dff6664a,75cf0d7f-1849-4553-b2ae-86717509fa62,US,NA,NA,U.S. House,Marquette University Law School,NA,NA,rv,903,2025-11-05,2025-11-12,NA,general,https://law.marquette.edu/poll/2025/11/18/detailed-results-of-the-marquette-law-school-supreme-court-poll-nov-5-12-2025-national-issues/,Generic Democrat,49,Generic Republican,44,5,FALSE
b6246003-d07d-43de-a220-5d0e02b033b9,b74471d8-696c-462a-8f2c-1618cf7ddb08,US,NA,NA,U.S. House,Quantus Insights,NA,NA,rv,1000,2025-11-11,2025-11-12,NA,general,https://quantusinsights.org/f/survey-shows-public-discontent-with-trump-direction-of-us,Generic Democrat,44,Generic Republican,39,5,FALSE
08789834-4d7b-4f5c-abf1-c43db8f9b504,8c803008-d401-408f-b749-273d86bc0470,US,NA,NA,U.S. House,Marist University,NPR | PBS News,NA,rv,1291,2025-11-10,2025-11-13,NA,general,https://maristpoll.marist.edu/polls/a-look-to-the-2026-midterms-november-2025/,Generic Democrat,55,Generic Republican,41,14,FALSE
c38f7ab0-d360-4ed3-a7d9-dbbcb8586fb6,6475abda-1e64-4f62-985a-24fe4587a3c5,US,NA,NA,U.S. House,High Point University,NA,NA,rv,837,2025-11-10,2025-11-14,NA,general,https://www.highpoint.edu/src/files/2023/08/HPUPoll-115-and-116-Memo.pdf,Generic Democrat,48,Generic Republican,39,9,FALSE
c38f7ab0-d360-4ed3-a7d9-dbbcb8586fb6,a611b57c-ed34-42de-bde6-ef70e56789f1,US,NA,NA,U.S. House,High Point University,NA,NA,a,1004,2025-11-10,2025-11-14,NA,general,https://www.highpoint.edu/src/files/2023/08/HPUPoll-115-and-116-Memo.pdf,Generic Democrat,46,Generic Republican,36,10,FALSE
f5d33aeb-7cc7-4709-82bb-7b4607491b0d,1a4f62af-e0be-49ee-8747-20064a16541f,US,NA,NA,U.S. House,Verasight,Strength In Numbers,NA,a,1004,2025-11-12,2025-11-14,NA,general,https://www.gelliottmorris.com/p/new-poll-democrats-lead-the-2026,Generic Democrat,47,Generic Republican,42,5,FALSE
f5d33aeb-7cc7-4709-82bb-7b4607491b0d,b6fb496a-7088-4c00-92fc-2bbe400b1122,US,NA,NA,U.S. House,Verasight,Strength In Numbers,NA,rv,896,2025-11-12,2025-11-14,NA,general,https://www.gelliottmorris.com/p/new-poll-democrats-lead-the-2026,Generic Democrat,49,Generic Republican,44,5,FALSE
6c7bd8b0-37d9-48c0-9f07-c04a3e2d019a,c7345211-888c-4457-984e-c198fac2a599,US,NA,NA,U.S. House,Morning Consult,NA,NA,rv,21313,2025-11-10,2025-11-16,NA,general,https://pro.morningconsult.com/trackers/2026-midterm-election-generic-ballot-polls,Generic Democrat,43.93,Generic Republican,42.52,1.4099999999999966,FALSE
7f9bfd9d-bbb2-47f9-8608-9c45d0a7b9a9,9b75cee6-aeaa-4311-911a-9be35bcc1d7a,US,NA,NA,U.S. House,Morning Consult,NA,NA,rv,2201,2025-11-14,2025-11-16,NA,general,https://pro.morningconsult.com/trackers/donald-trump-congress-policy-republicans-polling,Generic Democrat,45.59,Generic Republican,43.99,1.6000000000000014,FALSE
1bd9e523-d7d3-402b-ab5e-2f1bdb91199e,1eade4d6-d855-467f-8495-fcc3c968a10b,US,NA,NA,U.S. House,Ipsos,Reuters,NA,rv,818,2025-11-14,2025-11-17,NA,general,https://www.reuters.com/world/us/trump-approval-falls-lowest-his-term-over-prices-epstein-files-reutersipsos-poll-2025-11-18/,Generic Democrat,38,Generic Republican,36,2,FALSE
341fc936-a797-4cd4-9ca6-6421ff23fc9a,8c639ec2-004f-4bf5-a7af-f59282b56550,US,NA,NA,U.S. House,The Winston Group,Winning the Issues,REP,rv,1000,2025-11-15,2025-11-17,NA,general,https://www.winningtheissues.org/wp-content/uploads/2026/01/November-2025-WTI-Survey.pdf,Generic Democrat,47,Generic Republican,42,5,TRUE
60a006cb-a3ec-4050-b2b7-dd2b3f50adbd,98e4bceb-e83d-4883-93fe-010309f9ac7c,US,NA,NA,U.S. House,The Argument/Verasight,NA,NA,rv,1508,2025-11-10,2025-11-17,NA,general,https://www.theargumentmag.com/p/2026-is-looking-terrible-for-republicans,Generic Democrat,53,Generic Republican,47,6,FALSE
8fcd5a61-5254-402d-ad45-022ae3024437,3e8a1eb9-cfd7-4e9c-99bd-6c24b9be8c55,US,NA,NA,U.S. House,YouGov,Economist,NA,a,1547,2025-11-15,2025-11-17,NA,general,https://d3nkl3psvxxpe9.cloudfront.net/documents/econTabReport_Hb6uOe2.pdf,Generic Democrat,38,Generic Republican,35,3,FALSE
8fcd5a61-5254-402d-ad45-022ae3024437,d005f343-1bfb-489a-921a-fe6a6f8a49ca,US,NA,NA,U.S. House,YouGov,Economist,NA,rv,1380,2025-11-15,2025-11-17,NA,general,https://d3nkl3psvxxpe9.cloudfront.net/documents/econTabReport_Hb6uOe2.pdf,Generic Democrat,43,Generic Republican,40,3,FALSE
93afeffe-b86e-4676-aab5-096d0200aab2,539962c0-e7b7-41a8-a574-22dded8bdf37,US,NA,NA,U.S. House,Echelon Insights,NA,NA,lv,1051,2025-11-13,2025-11-17,NA,general,https://echeloninsights.com/in-the-news/november-2025-verified-voter-omnibus/,Generic Democrat,49,Generic Republican,45,4,FALSE
19439dad-3f40-4110-8c36-c5772285cb80,4cea7077-d1fa-4eff-9292-8383493800b7,US,NA,NA,U.S. House,J.L. Partners,DailyMail.com,NA,lv,797,2025-11-19,2025-11-20,NA,general,https://jlpartners.com/nov25-rv,Generic Democrat,50,Generic Republican,46,4,FALSE
31007d7d-b031-4a46-9da7-45c69d0923fe,0a619d40-6d64-44e3-965c-fd4f9b79d75a,US,NA,NA,U.S. House,Morning Consult,NA,NA,rv,2200,2025-11-21,2025-11-23,NA,general,https://pro.morningconsult.com/trackers/donald-trump-congress-policy-republicans-polling,Generic Democrat,45.11,Generic Republican,43.07,2.039999999999999,FALSE
581c139a-cccd-46b9-aaa4-a6b71f94514a,c21602a2-e7c2-42f7-864e-585b2844df9f,US,NA,NA,U.S. House,Morning Consult,NA,NA,rv,19675,2025-11-17,2025-11-23,NA,general,https://pro.morningconsult.com/trackers/2026-midterm-election-generic-ballot-polls,Generic Democrat,43.7,Generic Republican,42.11,1.5900000000000034,FALSE
4de9de87-14ca-40b5-94a3-a272210aab40,a5d27d0d-5d17-4293-9f94-e21e2ab25211,US,NA,NA,U.S. House,McLaughlin & Associates,NA,NA,lv,1000,2025-11-17,2025-11-24,NA,general,https://mclaughlinonline.com/2025/11/26/national-monthly-november-2025/,Generic Democrat,45,Generic Republican,44,1,FALSE
9f8d787f-20a6-4e48-a11d-02f8a30d6484,ae7a9bd8-3e3a-4c30-9d8b-e92ff1d49e5a,US,NA,NA,U.S. House,YouGov,Yahoo News,NA,rv,1131,2025-11-21,2025-11-24,NA,general,https://www.scribd.com/document/955164028/Yahoo-YouGov-Epstein-Poll-November-2025,Generic Democrat,43,Generic Republican,40,3,FALSE
fd716a08-fd9e-4f3f-afdc-6d72ffa590fe,726d1a5d-b84c-4bde-b6b0-6608fbd0cb8f,US,NA,NA,U.S. House,YouGov,Economist,NA,rv,1511,2025-11-21,2025-11-24,NA,general,https://d3nkl3psvxxpe9.cloudfront.net/documents/econTabReport_dEPgjvs.pdf,Generic Democrat,44,Generic Republican,39,5,FALSE
fd716a08-fd9e-4f3f-afdc-6d72ffa590fe,9afaf113-1a2e-421f-b9fa-aee97359d00b,US,NA,NA,U.S. House,YouGov,Economist,NA,a,1674,2025-11-21,2025-11-24,NA,general,https://d3nkl3psvxxpe9.cloudfront.net/documents/econTabReport_dEPgjvs.pdf,Generic Democrat,39,Generic Republican,32,7,FALSE
1d7de9a9-5c0f-49a4-a6e0-ecfdac4b3628,2e08b384-e9d4-4f44-bb68-e99cb1f8c54d,US,NA,NA,U.S. House,The Bullfinch Group,NA,NA,a,1200,2025-11-21,2025-11-25,NA,general,https://www.thebullfinchgroup.com/post/public-release-of-bullfinch-q4-nationwide-survey-3,Generic Democrat,37,Generic Republican,32,5,FALSE
1d7de9a9-5c0f-49a4-a6e0-ecfdac4b3628,73bd1101-58d5-434d-8e63-f8b8ae93894d,US,NA,NA,U.S. House,The Bullfinch Group,NA,NA,rv,1000,2025-11-21,2025-11-25,NA,general,https://www.thebullfinchgroup.com/post/public-release-of-bullfinch-q4-nationwide-survey-3,Generic Democrat,41,Generic Republican,35,6,FALSE
ae84403d-673e-4609-9f2c-4789d0c1f1e3,ae753315-5563-4cdd-88df-81d5e53c2f32,US,NA,NA,U.S. House,GBAO,Third Way,DEM,rv,2000,2025-11-19,2025-11-26,NA,general,https://uploads.thirdway.org/downloads/food-medicine-fuel-for-a-wave/Third-WayGBAO-National-Framing-Survey-Toplines-November-2025.pdf,Generic Democrat,48,Generic Republican,42,6,TRUE
643ee737-afb4-4531-8f78-f52d155db740,7506f012-13ec-4423-b3fb-cea682ca9736,US,NA,NA,U.S. House,Morning Consult,NA,NA,rv,2200,2025-11-26,2025-11-30,NA,general,https://pro.morningconsult.com/trackers/donald-trump-congress-policy-republicans-polling,Generic Democrat,45.43,Generic Republican,41.25,4.18,FALSE
8e8eab27-70d0-4ee1-8cd4-c49fe558e32b,b6dc85ba-172a-42ca-9c92-263e54b35347,US,NA,NA,U.S. House,Morning Consult,NA,NA,rv,21658,2025-11-24,2025-11-30,NA,general,https://pro.morningconsult.com/trackers/2026-midterm-election-generic-ballot-polls,Generic Democrat,44,Generic Republican,42.42,1.5799999999999983,FALSE
5ef1ce75-4330-425f-9f14-afad8cb34f1e,55597807-e988-4841-9091-58e4d4275198,US,NA,NA,U.S. House,YouGov,Economist,NA,a,1623,2025-11-28,2025-12-01,NA,general,https://d3nkl3psvxxpe9.cloudfront.net/documents/econTabReport_szm0BQt.pdf,Generic Democrat,39,Generic Republican,33,6,FALSE
5ef1ce75-4330-425f-9f14-afad8cb34f1e,9e9107be-aea5-4a68-b4d4-4b7c005ebc73,US,NA,NA,U.S. House,YouGov,Economist,NA,rv,1452,2025-11-28,2025-12-01,NA,general,https://d3nkl3psvxxpe9.cloudfront.net/documents/econTabReport_szm0BQt.pdf,Generic Democrat,45,Generic Republican,39,6,FALSE
b98c3100-307a-46d6-a0b0-d123abce8565,a0b911b7-e148-44f2-aa80-a25a7efb9aa8,US,NA,NA,U.S. House,Big Data Poll,Public Polling Project,NA,rv,2008,2025-11-28,2025-12-01,NA,general,https://www.bigdatapoll.com/blog/trumps-third-world-immigration-moratorium-widely-popular/,Generic Democrat,43.8,Generic Republican,41.8,2,FALSE
b98c3100-307a-46d6-a0b0-d123abce8565,c0881b9b-2d0f-4a5a-b779-5113708cbad0,US,NA,NA,U.S. House,Big Data Poll,Public Polling Project,NA,lv,1788,2025-11-28,2025-12-01,NA,general,https://www.bigdatapoll.com/blog/trumps-third-world-immigration-moratorium-widely-popular/,Generic Democrat,45.5,Generic Republican,43.2,2.299999999999997,FALSE
76c2e0d5-850a-44e8-b8a6-752e397570d0,f6a0f2d0-3778-414a-a96d-640ceb5b755e,US,NA,NA,U.S. House,RMG Research,Napolitan News Service,NA,rv,2000,2025-12-01,2025-12-04,NA,general,https://napolitannews.org/assets/pdfs/693313e5180f3-gcm25-1203-toplines-generic-ballot.pdf,Generic Democrat,44,Generic Republican,48,-4,FALSE
0852bed7-e30e-47d7-b786-52b31eabd270,10f01058-f513-4f02-83e7-b1d5eca3eb2a,US,NA,NA,U.S. House,Quantus Insights,NA,NA,rv,1000,2025-12-04,2025-12-05,NA,general,https://quantusinsights.org/f/new-poll-strong-disapproval-drives-overall-assessment-of-trump,Generic Democrat,43.8,Generic Republican,40.1,3.6999999999999957,FALSE
1baa4288-772d-4b35-b5d3-233ed5cb875c,712c1eb5-f1ea-49a7-a76d-ec2eff070e58,US,NA,NA,U.S. House,Cygnal Political,NA,NA,lv,1500,2025-12-05,2025-12-07,NA,general,https://www.cygn.al/polls/december-2025-national-voter-trends-nvt-poll/,Generic Democrat,48,Generic Republican,44.1,3.8999999999999986,FALSE
58b69652-42ff-4d7c-8ff2-34555f698710,42392a78-9233-487a-9322-fce36334d8c2,US,NA,NA,U.S. House,Morning Consult,NA,NA,rv,19970,2025-12-01,2025-12-07,NA,general,https://pro.morningconsult.com/trackers/2026-midterm-election-generic-ballot-polls,Generic Democrat,44.22,Generic Republican,42.82,1.3999999999999986,FALSE
802c0e3f-a678-4818-bd83-b9b1874429c4,416237fe-0982-45a4-8b5c-d98a89455840,US,NA,NA,U.S. House,Morning Consult,NA,NA,rv,2201,2025-12-05,2025-12-07,NA,general,https://pro.morningconsult.com/trackers/donald-trump-congress-policy-republicans-polling,Generic Democrat,46.49,Generic Republican,42.92,3.5700000000000003,FALSE
457a3145-3a08-409c-8129-7586f3e26428,5b59e6cf-6492-4862-8130-cf84a75db17d,US,NA,NA,U.S. House,GrayHouse,America One Policies,REP,rv,2058,2025-12-06,2025-12-08,NA,general,https://www.americaonepolicies.com/polls/national-poll-on-the-working-families-tax-cut-and-health-care,Generic Democrat,45,Generic Republican,41,4,TRUE
560b8a3a-e701-4709-acad-c95efcc06afa,fb683016-96b5-4718-b2d3-4d092ad1f5c7,US,NA,NA,U.S. House,Hart Research Associates/Public Opinion Strategies,CNBC,NA,rv,800,2025-12-04,2025-12-08,NA,general,https://fm.cnbc.com/applications/cnbc.com/resources/editorialfiles/2025/12/16/TOPLINES_250313_CNBC_AAES_Q4_2025_new.pdf,Generic Democrat,50,Generic Republican,46,4,FALSE
9dc00a0e-0586-4ce2-8a97-fa1f12e3ec80,7989c6ea-c8d3-495e-80e9-ae6b745732e5,US,NA,NA,U.S. House,YouGov,Economist,NA,rv,1379,2025-12-05,2025-12-08,NA,general,https://d3nkl3psvxxpe9.cloudfront.net/documents/econTabReport_qLhWxpK.pdf,Generic Democrat,42,Generic Republican,37,5,FALSE
9dc00a0e-0586-4ce2-8a97-fa1f12e3ec80,bd98e3b7-dc70-4fb4-9c47-bdf8f9f99529,US,NA,NA,U.S. House,YouGov,Economist,NA,a,1529,2025-12-05,2025-12-08,NA,general,https://d3nkl3psvxxpe9.cloudfront.net/documents/econTabReport_qLhWxpK.pdf,Generic Democrat,37,Generic Republican,32,5,FALSE
be3339a5-4ee1-4cd1-a6f7-e7cb0e9ced6a,8c183d8d-5164-48b8-84db-ac8fa5e684b1,US,NA,NA,U.S. House,Ipsos,Reuters,NA,rv,3521,2025-12-03,2025-12-08,NA,general,https://www.reuters.com/data/trumps-approval-rating-2025-01-21/,Generic Democrat,40,Generic Republican,39,1,FALSE
be3339a5-4ee1-4cd1-a6f7-e7cb0e9ced6a,dd92c4c5-9794-456b-9ccf-c2416364df85,US,NA,NA,U.S. House,Ipsos,Reuters,NA,a,4434,2025-12-03,2025-12-08,NA,general,https://www.reuters.com/data/trumps-approval-rating-2025-01-21/,Generic Democrat,35,Generic Republican,33,2,FALSE
2016184c-408a-4fb7-a274-8a6277002ab5,0236ba3f-6ae8-475e-ae2a-4308d44ece19,US,NA,NA,U.S. House,Change Research,NA,NA,rv,1520,2025-12-05,2025-12-10,NA,general,https://portal.changeresearch.com/portal/projects/462322ed-5e5a-43bd-b4ff-43acb1d433e2,Generic Democrat,43,Generic Republican,43,0,FALSE
a4bb4619-dd6e-4f50-85b7-606e1f82c319,d192b2eb-01b8-49f7-b1ab-c54a6bbd3265,US,NA,NA,U.S. House,Clarity Campaign Labs,NA,NA,lv,1000,2025-12-04,2025-12-11,NA,general,https://www.claritycampaigns.com/clarity-omnibus-dec-2025?submissionGuid=49882900-7ea0-44c8-8c7c-579c65ead3af,Generic Democrat,49,Generic Republican,44,5,FALSE
c85666ed-ef75-4c10-8699-cd53abcbbbf1,8da6d21c-cd18-42f6-8d14-9191732bb060,US,NA,NA,U.S. House,The Argument/Verasight,NA,NA,rv,1521,2025-12-05,2025-12-11,NA,general,https://www.theargumentmag.com/p/have-democrats-lost-their-education,Generic Democrat,50.6,Generic Republican,49.4,1.2000000000000028,FALSE
f7b6876d-b8bf-4bfb-b1cf-c7cdd1102ea7,135fd068-7e15-494f-b14a-800957a34621,US,NA,NA,U.S. House,Big Data Poll,Public Polling Project,NA,rv,3004,2025-12-10,2025-12-12,NA,general,https://www.bigdatapoll.com/blog/republicans-fall-further-behind-democrats-on-generic-ballot-in-mid-december/,Generic Democrat,46.7,Generic Republican,43.4,3.3000000000000043,FALSE
98157351-ccef-49b3-ac0a-99d15e791584,72431cf4-e42d-4ba7-8492-5287e662727c,US,NA,NA,U.S. House,Morning Consult,NA,NA,rv,19954,2025-12-08,2025-12-14,NA,general,https://pro.morningconsult.com/trackers/2026-midterm-election-generic-ballot-polls,Generic Democrat,44.19,Generic Republican,42.53,1.6599999999999966,FALSE
033d6aa6-8059-4ddf-a822-2d3ff65fa283,ec18118e-f67f-4947-8439-34d1f14072cc,US,NA,NA,U.S. House,Beacon Research/Shaw & Company Research,Fox News,NA,rv,1005,2025-12-12,2025-12-15,NA,general,https://www.foxnews.com/politics/fox-news-poll-prices-pinch-voters-see-trump-focused-elsewhere,Generic Democrat,52,Generic Republican,46,6,FALSE
1727684e-f92b-4c75-b111-3cde6021fccf,89bc1c8a-d61f-4f5f-9ba3-2fc9c65d2e0b,US,NA,NA,U.S. House,Emerson College,NA,NA,rv,1000,2025-12-14,2025-12-15,NA,general,https://emersoncollegepolling.com/december-2025-national-poll-trumps-approval-flips-since-start-of-the-year/,Generic Democrat,43.5,Generic Republican,41.7,1.7999999999999972,FALSE
20213e21-c77f-4cbb-83dc-0bf61701a9fe,8172e729-9eb9-4499-97a2-57a1569edb47,US,NA,NA,U.S. House,Quinnipiac University,NA,NA,rv,1035,2025-12-11,2025-12-15,NA,general,https://poll.qu.edu/poll-release?releaseid=3943,Generic Democrat,47,Generic Republican,43,4,FALSE
37519139-c793-463a-a22e-d8eac08c31c3,2bca7a95-8542-4ddf-998a-d455c83e4aea,US,NA,NA,U.S. House,YouGov,Economist,NA,a,1630,2025-12-12,2025-12-15,NA,general,https://d3nkl3psvxxpe9.cloudfront.net/documents/econTabReport_FJyfDu9.pdf,Generic Democrat,37,Generic Republican,33,4,FALSE
37519139-c793-463a-a22e-d8eac08c31c3,7deee1c2-33f8-4bea-8c34-1881a0d81309,US,NA,NA,U.S. House,YouGov,Economist,NA,rv,1451,2025-12-12,2025-12-15,NA,general,https://d3nkl3psvxxpe9.cloudfront.net/documents/econTabReport_FJyfDu9.pdf,Generic Democrat,43,Generic Republican,39,4,FALSE
641e7e96-6547-4449-863c-5f0a578b77a5,6ac42135-7965-4c3a-acde-6c6907e7d025,US,NA,NA,U.S. House,Echelon Insights,NA,NA,lv,1011,2025-12-11,2025-12-15,NA,general,https://echeloninsights.com/in-the-news/december-2025-verified-voter-omnibus/,Generic Democrat,48,Generic Republican,45,3,FALSE
75ca185d-5c89-40b5-8f58-395691227390,8b917109-9f1d-4cc0-9314-38a9e2e93354,US,NA,NA,U.S. House,Morning Consult,NA,NA,rv,2201,2025-12-12,2025-12-15,NA,general,https://pro.morningconsult.com/trackers/donald-trump-congress-policy-republicans-polling,Generic Democrat,45.12,Generic Republican,43.75,1.3699999999999974,FALSE
7d1b3882-12f4-445e-b9c8-b0108cacf867,79d23707-9fa7-40cd-9579-6b213bd58e11,US,NA,NA,U.S. House,Ipsos,Reuters,NA,rv,775,2025-12-12,2025-12-15,NA,general,https://www.reuters.com/data/trumps-approval-rating-2025-01-21/,Generic Democrat,40,Generic Republican,36,4,FALSE
24c0a76e-e61d-4340-8cfd-98ac269a09b1,aed984d7-884f-4096-abb6-2ceaf1e1e5ed,US,NA,NA,U.S. House,Echelon Insights/GBAO,AARP,NA,lv,2593,2025-12-09,2025-12-16,NA,general,https://www.aarp.org/pri/topics/work-finances-retirement/financial-security-retirement/shes-the-difference-financial-security/,Generic Democrat,47,Generic Republican,43,4,FALSE
95c1a698-1594-4185-81a9-528f05d0c885,550c0904-4b15-400d-80a1-372dc36b05a1,US,NA,NA,U.S. House,Quantus Insights,NA,NA,rv,1000,2025-12-15,2025-12-16,NA,general,https://drive.google.com/file/d/14uRV2kwTVNEO4EIXGv7TCQZtmlMK0owX/view,Generic Democrat,43,Generic Republican,41,2,FALSE
0676fb28-9c94-4132-8359-5a5076baf214,79d8fef8-25b0-4b26-ae5d-c892a77521f9,US,NA,NA,U.S. House,Fabrizio Ward,Building America's Future,REP,rv,1000,2025-12-15,2025-12-17,NA,general,https://www.politico.com/newsletters/playbook/2025/12/22/cbs-controversial-call-00702480,Generic Democrat,45,Generic Republican,38,7,TRUE
bf190d72-e8c2-4274-be19-ed4fd72c1017,4941f84a-ad61-474e-bdcd-017255d92434,US,NA,NA,U.S. House,McLaughlin & Associates,NA,NA,lv,1000,2025-12-12,2025-12-19,NA,general,https://mclaughlinonline.com/2025/12/23/national-monthly-december-2025/,Generic Democrat,46,Generic Republican,45,1,FALSE
e2a0fe6d-e234-4d6d-8f30-47bcff5f6d88,f35e8017-bc05-4de5-b830-1789d2b2478c,US,NA,NA,U.S. House,AtlasIntel,NA,NA,a,2315,2025-12-15,2025-12-19,NA,general,https://www.atlasintel.org/poll/usa-national-2025-12-19,Generic Democrat,54.4,Generic Republican,38.4,16,FALSE
5bb8027d-5464-4a3c-86f4-38264908149e,c2bec0ab-8c7f-463a-a594-205826d49bd4,US,NA,NA,U.S. House,Morning Consult,NA,NA,rv,2203,2025-12-19,2025-12-21,NA,general,https://pro.morningconsult.com/trackers/donald-trump-congress-policy-republicans-polling,Generic Democrat,47.08,Generic Republican,43.04,4.039999999999999,FALSE
7fa5f7e7-ec02-4487-ba68-11fb1f74e776,4597980e-c897-4b6f-a1f4-6a56e86f52b1,US,NA,NA,U.S. House,Morning Consult,NA,NA,rv,20240,2025-12-15,2025-12-21,NA,general,https://pro.morningconsult.com/trackers/2026-midterm-election-generic-ballot-polls,Generic Democrat,44.63,Generic Republican,42.35,2.280000000000001,FALSE
6f6090f8-c9b7-42c5-b515-13e7f563f45b,5e242776-a3ec-45cf-8627-c968227e3910,US,NA,NA,U.S. House,YouGov,Economist,NA,rv,1424,2025-12-20,2025-12-22,NA,general,https://d3nkl3psvxxpe9.cloudfront.net/documents/econtoplines_s4jyXBa.pdf,Generic Democrat,43,Generic Republican,40,3,FALSE
6f6090f8-c9b7-42c5-b515-13e7f563f45b,9b49133e-3178-43c7-87f8-eb22360bf85c,US,NA,NA,U.S. House,YouGov,Economist,NA,a,1591,2025-12-20,2025-12-22,NA,general,https://d3nkl3psvxxpe9.cloudfront.net/documents/econtoplines_s4jyXBa.pdf,Generic Democrat,38,Generic Republican,34,4,FALSE
9eb4b3ba-63b7-42eb-8704-ad1d25d32fb9,ded43d8f-bf2d-4ea6-8e15-d16e0fa3df4d,US,NA,NA,U.S. House,Morning Consult,NA,NA,rv,22258,2025-12-22,2025-12-28,NA,general,https://intel.morningconsult.com/mc-content/trackers/donald-trump-congress-policy-republicans-polling,Generic Democrat,43.8,Generic Republican,43.5,0.29999999999999716,FALSE
ca139033-2979-4be8-ac0c-a2386296a18d,0fccdae9-9e74-4923-ae21-1731d9eaa5a5,US,NA,NA,U.S. House,Big Data Poll,Public Polling Project,NA,lv,3412,2025-12-26,2025-12-28,NA,general,https://www.bigdatapoll.com/blog/trump-improves-democrats-lead-generic-ballot-in-final-poll-for-2025/,Generic Democrat,47.9,Generic Republican,44.4,3.5,FALSE
d055c8d4-4660-4eed-866a-662623e1e02c,42ad3bad-61b7-41b2-a784-34e0345b45c7,US,NA,NA,U.S. House,YouGov,Economist,NA,rv,1417,2025-12-26,2025-12-29,NA,general,https://d3nkl3psvxxpe9.cloudfront.net/documents/econTabReport_h1aYmmb.pdf,Generic Democrat,42,Generic Republican,38,4,FALSE
d055c8d4-4660-4eed-866a-662623e1e02c,9d6349ea-6a14-463d-9d8d-2a63b054da9a,US,NA,NA,U.S. House,YouGov,Economist,NA,a,1546,2025-12-26,2025-12-29,NA,general,https://d3nkl3psvxxpe9.cloudfront.net/documents/econTabReport_h1aYmmb.pdf,Generic Democrat,36,Generic Republican,31,5,FALSE
41b0da9b-ee58-4cd3-b3e4-3f5d1c5376b4,ad580974-b8ec-451f-8775-14cfe3135ada,US,NA,NA,U.S. House,The Bullfinch Group,Independent Center,NA,a,1200,2025-12-30,2026-01-01,NA,general,https://independentcentervoice.com/insights/2026-tune-in-as-america-approaches-its-250th-voters-declare-the-status-quo-broken-and-demand-new-options,Generic Democrat,40,Generic Republican,30,10,FALSE
41b0da9b-ee58-4cd3-b3e4-3f5d1c5376b4,b9730f1f-2e8c-4504-992d-0b575160a43e,US,NA,NA,U.S. House,The Bullfinch Group,Independent Center,NA,rv,1000,2025-12-30,2026-01-01,NA,general,https://independentcentervoice.com/insights/2026-tune-in-as-america-approaches-its-250th-voters-declare-the-status-quo-broken-and-demand-new-options,Generic Democrat,44,Generic Republican,33,11,FALSE
16189071-b5ae-4f1a-91b1-651f896b380d,918d82ec-1f9c-4f4d-8dfb-0df929d13393,US,NA,NA,U.S. House,Morning Consult,NA,NA,rv,2201,2026-01-02,2026-01-04,NA,general,https://pro.morningconsult.com/trackers/donald-trump-congress-policy-republicans-polling,Generic Democrat,44.52,Generic Republican,42.23,2.2900000000000063,FALSE
4d1221cc-2382-46b5-a8f1-5b0930aad7cc,8dd88a07-bbab-40c6-a4cf-fbd51ab28dd6,US,NA,NA,U.S. House,Morning Consult,NA,NA,rv,22709,2025-12-29,2026-01-04,NA,general,https://pro.morningconsult.com/trackers/2026-midterm-election-generic-ballot-polls,Generic Democrat,43.6,Generic Republican,42.35,1.25,FALSE
99ffa1fa-b477-41c4-8416-2e23d37e6f5d,9ae2f2c9-1340-41c2-9df0-d4f144e41109,US,NA,NA,U.S. House,YouGov,Economist,NA,a,1547,2026-01-02,2026-01-05,NA,general,https://d3nkl3psvxxpe9.cloudfront.net/documents/econTabReport_aY8mpiN.pdf,Generic Democrat,39,Generic Republican,32,7,FALSE
99ffa1fa-b477-41c4-8416-2e23d37e6f5d,d8a0ebc4-6ba0-494d-88c9-24c88276b0a4,US,NA,NA,U.S. House,YouGov,Economist,NA,rv,1386,2026-01-02,2026-01-05,NA,general,https://d3nkl3psvxxpe9.cloudfront.net/documents/econTabReport_aY8mpiN.pdf,Generic Democrat,45,Generic Republican,39,6,FALSE
289df3a4-9622-4010-aba8-f160e46fb050,89c534aa-13c1-4c70-81f7-29e522d5c4d5,US,NA,NA,U.S. House,Cygnal Political,NA,NA,lv,1500,2026-01-07,2026-01-08,NA,general,https://www.cygn.al/polls/january-2026-national-voter-trends-nvt-poll/,Generic Democrat,48.2,Generic Republican,44.6,3.6000000000000014,FALSE
acc38253-de03-4e3f-aa9d-c7dff10fded8,a9c9354a-6085-4f9c-840c-8d6bc1ba88c7,US,NA,NA,U.S. House,RMG Research,Napolitan News Service,NA,rv,2000,2026-01-05,2026-01-08,NA,general,https://napolitannews.org/posts/generic-ballot-gop-43-percent-dem-44,Generic Democrat,47,Generic Republican,46,1,FALSE
ca82dbb4-e2b5-454a-a171-021b53691de3,595994d3-a4ab-4d94-b6ec-f0d310f0973f,US,NA,NA,U.S. House,Morning Consult,NA,NA,rv,22835,2026-01-05,2026-01-11,NA,general,https://pro.morningconsult.com/trackers/2026-midterm-election-generic-ballot-polls,Generic Democrat,44.07,Generic Republican,42.5,1.5700000000000003,FALSE
818b637f-91a9-43fc-805e-e9a60f50859b,4f992ece-48d5-4651-b252-ad6d80193c4a,US,NA,NA,U.S. House,YouGov,Economist,NA,a,1597,2026-01-09,2026-01-12,NA,general,https://d3nkl3psvxxpe9.cloudfront.net/documents/econTabReport_qsNv5iE.pdf,Generic Democrat,39,Generic Republican,33,6,FALSE
818b637f-91a9-43fc-805e-e9a60f50859b,f1eb4492-7a4b-4ddd-a4f6-b7b7fed284cd,US,NA,NA,U.S. House,YouGov,Economist,NA,rv,1433,2026-01-09,2026-01-12,NA,general,https://d3nkl3psvxxpe9.cloudfront.net/documents/econTabReport_qsNv5iE.pdf,Generic Democrat,44,Generic Republican,40,4,FALSE
9f415d70-832f-4570-b461-ba02e157fb69,f540f9fc-d784-47a9-9706-e5d74bda67c6,US,NA,NA,U.S. House,Morning Consult,NA,NA,rv,2201,2026-01-09,2026-01-12,NA,general,https://pro.morningconsult.com/trackers/donald-trump-congress-policy-republicans-polling,Generic Democrat,45.66,Generic Republican,42.67,2.989999999999995,FALSE
a30b98d8-2d32-49a2-a558-9ae413ae34d1,a865faa3-e3a2-4383-a46d-037d4ca756bd,US,NA,NA,U.S. House,CNN/SSRS,NA,NA,rv,968,2026-01-09,2026-01-12,NA,general,https://www.cnn.com/2026/01/16/politics/trump-economy-first-year-cnn-poll,Generic Democrat,46,Generic Republican,41,5,FALSE
b36c1323-1792-4b5c-afce-53a1aeccfc2b,16314ee0-a481-4e0e-a4a7-b6034a73c731,US,NA,NA,U.S. House,YouGov,Yahoo News,NA,rv,1148,2026-01-08,2026-01-12,NA,general,https://www.yahoo.com/news/us/article/poll-only-27-of-americans-think-minneapolis-ice-shooting-was-justified-142831951.html,Generic Democrat,45,Generic Republican,40,5,FALSE
d7f4136f-f731-4c27-8f37-624fcdc8f8af,0c775f34-4f11-4fea-ae2a-8ddd58da17ee,US,NA,NA,U.S. House,The Winston Group,Winning the Issues,REP,rv,1000,2026-01-08,2026-01-12,NA,general,https://www.winningtheissues.org/2026/01/27/2026-winning-the-issues-research/,Generic Democrat,46,Generic Republican,43,3,TRUE
a0b917c8-c8b4-4a93-8c62-1b38620caa87,773dc31e-2763-474e-b785-138d5661be38,US,NA,NA,U.S. House,Impact Research/National Research Inc.,Wall Street Journal,NA,rv,1500,2026-01-08,2026-01-13,NA,general,https://www.wsj.com/politics/elections/trump-approval-rating-economy-poll-b3a62e57,Generic Democrat,47,Generic Republican,43,4,FALSE
d31b74d4-6b73-4aa7-b725-662c58168f19,0fae6c85-81b9-4f2c-9082-793c4fb8ee81,US,NA,NA,U.S. House,Ipsos,Reuters,NA,rv,941,2026-01-12,2026-01-13,NA,general,https://www.reuters.com/data/trumps-approval-rating-2025-01-21/,Generic Democrat,40,Generic Republican,38,2,FALSE
2d03e041-6ef4-4070-a6c5-2cee567bc0e3,cfcfd332-3ede-4a77-91b9-2ea5f01fc34f,US,NA,NA,U.S. House,Public Policy Polling,Progress Action Fund (hybrid PAC),DEM,rv,597,2026-01-13,2026-01-14,NA,general,https://progressactionfund.com/new-poll-independent-voters-would-rather-shut-down-the-government-than-fund-ice-by-16-points/,Generic Democrat,50,Generic Republican,42,8,TRUE
bcd5453d-89bb-4e59-bcb5-742de652c046,0ce7603a-4c00-4fe7-86c7-3fe2d61b42fc,US,NA,NA,U.S. House,Research Co.,NA,NA,a,1002,2026-01-13,2026-01-15,NA,general,https://researchco.ca/2026/01/26/amendment/,Generic Democrat,42,Generic Republican,36,6,FALSE
228103d2-efe9-4b80-b6c9-33658ea9db7a,84c4442a-9f3a-417c-84c9-59bfa7c6d4d8,US,NA,NA,U.S. House,The New York Times/Siena University,NA,NA,rv,1625,2026-01-12,2026-01-17,NA,general,https://www.nytimes.com/interactive/2026/01/22/polls/times-siena-national-poll-crosstabs.html,Generic Democrat,47.95,Generic Republican,42.7,5.25,FALSE
ac21ffa5-caf8-46ae-bff9-554924dd0d99,f42a51ac-a2bc-4052-9543-8cdc04c23e15,US,NA,NA,U.S. House,Morning Consult,NA,NA,rv,2201,2026-01-16,2026-01-18,NA,general,https://pro.morningconsult.com/trackers/donald-trump-congress-policy-republicans-polling,Generic Democrat,45.2,Generic Republican,43.4,1.8000000000000043,FALSE
de4c0c87-692e-4788-946e-8c3965a9e8ce,b1594746-da47-4ed9-a4a9-77533084b301,US,NA,NA,U.S. House,Morning Consult,NA,NA,rv,23758,2026-01-12,2026-01-18,NA,general,https://pro.morningconsult.com/trackers/2026-midterm-election-generic-ballot-polls,Generic Democrat,43.98,Generic Republican,42.58,1.3999999999999986,FALSE
5893f042-33e2-4f35-b08a-0f9fef854ac3,c14024d3-e278-4cb1-b802-71b8a71d4150,US,NA,NA,U.S. House,Emerson College,NA,NA,lv,1000,2026-01-17,2026-01-19,NA,general,https://emersoncollegepolling.com/january-2026-national-poll/,Generic Democrat,48.1,Generic Republican,41.7,6.399999999999999,FALSE
6cbceaa5-c8d1-4718-bc88-b8f8a6976770,e85ca022-257d-4437-a15f-4485515370d8,US,NA,NA,U.S. House,Change Research,NA,NA,rv,1348,2026-01-13,2026-01-19,NA,general,https://portal.changeresearch.com/portal/projects/45449a2d-6c0e-412f-a3e1-a053b39f12b0,Generic Democrat,46,Generic Republican,43,3,FALSE
ee7c2d42-5d0e-41f1-830c-4fe6cfa0b555,4a1df120-a777-4032-8893-af79aac51e86,US,NA,NA,U.S. House,YouGov,Economist,NA,a,1717,2026-01-16,2026-01-19,NA,general,https://d3nkl3psvxxpe9.cloudfront.net/documents/econTabReport_z9wtNZI.pdf,Generic Democrat,39,Generic Republican,34,5,FALSE
ee7c2d42-5d0e-41f1-830c-4fe6cfa0b555,63362d3d-da61-440d-9a5d-55b3e8033bf5,US,NA,NA,U.S. House,YouGov,Economist,NA,rv,1544,2026-01-16,2026-01-19,NA,general,https://d3nkl3psvxxpe9.cloudfront.net/documents/econTabReport_z9wtNZI.pdf,Generic Democrat,43,Generic Republican,39,4,FALSE
15775ee5-c493-4a34-8a87-a62b58264254,7c9ef985-47d0-4e7a-8699-dc9601948384,US,NA,NA,U.S. House,KFF,NA,NA,rv,1141,2026-01-13,2026-01-20,NA,general,https://www.kff.org/public-opinion/kff-health-tracking-poll-health-care-costs-expiring-aca-tax-credits-and-the-2026-midterms/,Generic Democrat,49,Generic Republican,42,7,FALSE
4b34263e-6bd9-49e0-9cc5-e8cf71b4a953,0679e2c0-40dc-4680-8870-f83233547fd3,US,NA,NA,U.S. House,Verasight,Strength In Numbers,NA,rv,1352,2026-01-14,2026-01-20,NA,general,https://www.gelliottmorris.com/p/new-poll-trump-slips-on-immigration,Generic Democrat,51,Generic Republican,43,8,FALSE
4b34263e-6bd9-49e0-9cc5-e8cf71b4a953,1cdc4a86-53ff-47a0-986b-e3764d95a876,US,NA,NA,U.S. House,Verasight,Strength In Numbers,NA,a,1532,2026-01-14,2026-01-20,NA,general,https://www.gelliottmorris.com/p/new-poll-trump-slips-on-immigration,Generic Democrat,50,Generic Republican,42,8,FALSE
38f25bf6-5182-4662-9261-49be9b8e2d13,c23f4d10-06b5-4bc3-936d-8543da4f40a4,US,NA,NA,U.S. House,Clarity Campaign Labs,NA,NA,lv,1147,2026-01-15,2026-01-22,NA,general,https://www.claritycampaigns.com/clarity-omnibus-jan-2026,Generic Democrat,51,Generic Republican,42,9,FALSE
3b026080-765d-45f5-9d03-ea6f139cb4ee,0efb5e96-2482-41e7-b4cb-3a32a3450da6,US,NA,NA,U.S. House,Quantus Insights,NA,NA,rv,1000,2026-01-20,2026-01-22,NA,general,https://quantusinsights.org/f/trump-at-one-year-job-approval-and-key-issues,Generic Democrat,47.2,Generic Republican,40.7,6.5,FALSE
ab6331ae-5c52-416a-853d-acf62be05574,f51bf764-43ab-46b5-a9c8-84f3a9b98525,US,NA,NA,U.S. House,Big Data Poll,Public Polling Project,NA,lv,2909,2026-01-22,2026-01-24,NA,general,https://www.bigdatapoll.com/blog/trumps-one-year-approval-overall-on-key-issues-takes-hit/,Generic Democrat,48.2,Generic Republican,44.2,4,FALSE
30c1bfa6-f02b-4c58-a6f4-ae8cf1c7cdd5,98a702c0-0ef2-4935-9735-9affc8f6416a,US,NA,NA,U.S. House,Morning Consult,NA,NA,rv,24675,2026-01-19,2026-01-25,NA,general,https://pro.morningconsult.com/trackers/2026-midterm-election-generic-ballot-polls,Generic Democrat,43.86,Generic Republican,42.78,1.0799999999999983,FALSE
5ada2b14-21f1-41b2-9d26-253b3f9b396f,0771771e-4232-41f7-bd13-e83faf8eafb1,US,NA,NA,U.S. House,Ipsos,Reuters,NA,rv,906,2026-01-23,2026-01-25,NA,general,https://www.reuters.com/data/trumps-approval-rating-2025-01-21/,Generic Democrat,41,Generic Republican,37,4,FALSE
b5e1208d-a145-4180-8f86-346c637dcc94,9eb0fca9-24e0-4226-9720-e700a6239fbc,US,NA,NA,U.S. House,Morning Consult,NA,NA,rv,2204,2026-01-23,2026-01-25,NA,general,https://pro.morningconsult.com/trackers/donald-trump-congress-policy-republicans-polling,Generic Democrat,44.82,Generic Republican,42.84,1.9799999999999969,FALSE
8a748c75-41e5-48b6-9d54-a1ebcb8ef168,4e9f45a8-47e3-4754-837c-287d0377aa4a,US,NA,NA,U.S. House,Focaldata,NA,NA,lv,1709,2026-01-23,2026-01-26,NA,general,https://www.focaldata.com/blog/cost-of-living-fuelling-democrat-strength-in-new-midterms-polling,Generic Democrat,50,Generic Republican,45,5,FALSE
8a748c75-41e5-48b6-9d54-a1ebcb8ef168,669417bf-42f8-4c79-8049-035bd49f1718,US,NA,NA,U.S. House,Focaldata,NA,NA,rv,1709,2026-01-23,2026-01-26,NA,general,https://www.focaldata.com/blog/cost-of-living-fuelling-democrat-strength-in-new-midterms-polling,Generic Democrat,46,Generic Republican,44,2,FALSE
8a748c75-41e5-48b6-9d54-a1ebcb8ef168,89961b80-d90b-4906-9023-1ed2be595ced,US,NA,NA,U.S. House,Focaldata,NA,NA,a,2037,2026-01-23,2026-01-26,NA,general,https://www.focaldata.com/blog/cost-of-living-fuelling-democrat-strength-in-new-midterms-polling,Generic Democrat,42,Generic Republican,40,2,FALSE
c6392b3b-ad6e-4891-8ad1-981a5a7b9728,10d1e252-4576-4a43-b02c-0da4db362311,US,NA,NA,U.S. House,Echelon Insights,NA,NA,lv,1029,2026-01-22,2026-01-26,NA,general,https://echeloninsights.com/in-the-news/january-2026-verified-voter-omnibus/,Generic Democrat,49,Generic Republican,44,5,FALSE
e82586e6-9d8e-485d-94ae-2d02786b1a34,0026acb7-cc09-4daa-9bbb-e0e46d9ac204,US,NA,NA,U.S. House,YouGov,Economist,NA,rv,1519,2026-01-23,2026-01-26,NA,general,https://d3nkl3psvxxpe9.cloudfront.net/documents/econTabReport_8FWGyNz.pdf,Generic Democrat,43,Generic Republican,38,5,FALSE
e82586e6-9d8e-485d-94ae-2d02786b1a34,5146e31f-ff12-46fb-8dec-0e66a72812a2,US,NA,NA,U.S. House,YouGov,Economist,NA,a,1683,2026-01-23,2026-01-26,NA,general,https://d3nkl3psvxxpe9.cloudfront.net/documents/econTabReport_8FWGyNz.pdf,Generic Democrat,38,Generic Republican,35,3,FALSE
fac3f0af-d2ba-4fe1-a885-0a066568ef53,0aaa3b91-18bc-461f-a197-1228b0f94efa,US,NA,NA,U.S. House,Beacon Research/Shaw & Company Research,Fox News,NA,rv,1005,2026-01-23,2026-01-26,NA,general,https://www.foxnews.com/politics/fox-news-poll-donald-trump-starts-2026-44-approval,Generic Democrat,52,Generic Republican,46,6,FALSE
75488c31-74ad-4809-969f-15251beca098,ef686bcf-aa6a-4847-b6da-5e47488af1eb,US,NA,NA,U.S. House,The Argument/Verasight,NA,NA,rv,1515,2026-01-26,2026-01-27,NA,general,https://www.theargumentmag.com/p/immigration-is-turning-into-a-disaster,Generic Democrat,52,Generic Republican,48,4,FALSE
75cea13c-aac0-428e-b0eb-feaba6d74403,7cedb963-2673-4be7-ac8c-afa26fdc4c9b,US,NA,NA,U.S. House,McLaughlin & Associates,NA,NA,lv,1000,2026-01-21,2026-01-27,NA,general,https://mclaughlinonline.com/pols/wp-content/uploads/2026/02/National-January-2026-Presentation-RELEASE-1-1.pdf,Generic Democrat,46,Generic Republican,44,2,FALSE
6a1219e5-6c28-4e90-9957-8dab9718936a,1923be7a-804a-4fbd-9c4c-d709d6c441d9,US,NA,NA,U.S. House,Marquette University Law School,NA,NA,lv,577,2026-01-21,2026-01-28,NA,general,https://law.marquette.edu/poll/2026/02/04/detailed-results-of-the-marquette-law-school-supreme-court-poll-jan-21-28-2025-national-issues/,Generic Democrat,52,Generic Republican,45,7,FALSE
6a1219e5-6c28-4e90-9957-8dab9718936a,540916a5-c806-42a7-8d84-cb0ed52da259,US,NA,NA,U.S. House,Marquette University Law School,NA,NA,rv,869,2026-01-21,2026-01-28,NA,general,https://law.marquette.edu/poll/2026/02/04/detailed-results-of-the-marquette-law-school-supreme-court-poll-jan-21-28-2025-national-issues/,Generic Democrat,48,Generic Republican,44,4,FALSE
6a1219e5-6c28-4e90-9957-8dab9718936a,dc6e46cc-58fe-4b7a-b0c2-60d6d8f92db0,US,NA,NA,U.S. House,Marquette University Law School,NA,NA,a,1003,2026-01-21,2026-01-28,NA,general,https://law.marquette.edu/poll/2026/02/04/detailed-results-of-the-marquette-law-school-supreme-court-poll-jan-21-28-2025-national-issues/,Generic Democrat,45,Generic Republican,39,6,FALSE
db039392-4162-4ed7-bcff-098abcdcf7a7,85da96d5-625d-4b26-ad77-98ac72c37ad7,US,NA,NA,U.S. House,Cygnal Political,NA,NA,lv,1004,2026-01-27,2026-01-28,NA,general,https://www.cygn.al/polls/national-poll-deportation-ice-overwhelmingly-supported-by-voters-and-democrats-pay-a-political-price-on-the-issue-especially-over-a-shutdown/,Generic Democrat,48,Generic Republican,44,4,FALSE
8c7ed78e-3d6a-4cc3-9439-619bc87687dd,18f3c04f-c5c9-48af-9f28-97bde084317b,US,NA,NA,U.S. House,HarrisX/Harris Poll,Harvard CAPS,NA,lv,NA,2026-01-28,2026-01-29,NA,general,https://harvardharrispoll.com/key-results-january-6/,Generic Democrat,47,Generic Republican,44,3,FALSE
8c7ed78e-3d6a-4cc3-9439-619bc87687dd,9bbed4a5-d061-4d88-9949-7388412f9c39,US,NA,NA,U.S. House,HarrisX/Harris Poll,Harvard CAPS,NA,rv,1000,2026-01-28,2026-01-29,NA,general,https://harvardharrispoll.com/key-results-january-6/,Generic Democrat,41,Generic Republican,41,0,FALSE
8c7ed78e-3d6a-4cc3-9439-619bc87687dd,c610dd07-2c6b-4b09-93c7-67f013f0eb60,US,NA,NA,U.S. House,HarrisX/Harris Poll,Harvard CAPS,NA,lv,NA,2026-01-28,2026-01-29,NA,general,https://harvardharrispoll.com/key-results-january-6/,Generic Democrat,52,Generic Republican,48,4,FALSE
8c7ed78e-3d6a-4cc3-9439-619bc87687dd,d5878690-d1aa-4d6d-98bb-e9619e3267d6,US,NA,NA,U.S. House,HarrisX/Harris Poll,Harvard CAPS,NA,rv,1000,2026-01-28,2026-01-29,NA,general,https://harvardharrispoll.com/key-results-january-6/,Generic Democrat,54,Generic Republican,46,8,FALSE
f3ffc0c0-1c63-4e6b-a3b3-8c40d8e0c4f5,a9adb1c3-b2c2-4047-9e34-2fcc5ff03ba4,US,NA,NA,U.S. House,TIPP Insights,Issues & Insights,NA,rv,1126,2026-01-27,2026-01-29,NA,general,https://issuesinsights.com/2026/02/16/who-leads-in-2028-presidential-race-and-in-2026-midterm-elections-ii-tipp-poll/,Generic Democrat,45.4,Generic Republican,42.5,2.8999999999999986,FALSE
466b67cb-9ad0-42b8-ad69-4edc74751a9c,37158160-e0df-4f46-ac50-83e015785efe,US,NA,NA,U.S. House,Public Policy Polling,NA,NA,rv,652,2026-01-29,2026-01-30,NA,general,https://www.publicpolicypolling.com/polls/independents-moving-strongly-against-trump-gop/,Generic Democrat,48,Generic Republican,41,7,FALSE
4e8f5216-e058-4c14-b550-b63806804f84,68c8b4f5-6d1a-4e84-b967-add5d470ae23,US,NA,NA,U.S. House,Morning Consult,NA,NA,rv,25492,2026-01-26,2026-02-01,NA,general,https://pro.morningconsult.com/trackers/2026-midterm-election-generic-ballot-polls,Generic Democrat,44.46,Generic Republican,42.27,2.1899999999999977,FALSE
bf419721-4470-4b71-8672-ead8e08462b2,891f6e36-1042-464a-9baa-339bc53c3f20,US,NA,NA,U.S. House,Morning Consult,NA,NA,rv,2201,2026-01-30,2026-02-01,NA,general,https://pro.morningconsult.com/trackers/donald-trump-congress-policy-republicans-polling,Generic Democrat,47,Generic Republican,42,5,FALSE
e41e3b1f-6144-404c-af43-4d57c8899a9d,35b9a609-e9d8-469d-9db5-0698b3b88dd0,US,NA,NA,U.S. House,YouGov,Economist,NA,rv,1501,2026-01-30,2026-02-02,NA,general,https://d3nkl3psvxxpe9.cloudfront.net/documents/econTabReport_DDIQ8jz.pdf,Generic Democrat,44,Generic Republican,40,4,FALSE
e41e3b1f-6144-404c-af43-4d57c8899a9d,4f945343-6fa7-4463-8e51-3e64c18db2c0,US,NA,NA,U.S. House,YouGov,Economist,NA,a,1668,2026-01-30,2026-02-02,NA,general,https://d3nkl3psvxxpe9.cloudfront.net/documents/econTabReport_DDIQ8jz.pdf,Generic Democrat,36,Generic Republican,34,2,FALSE
3afe7ad7-a798-422a-b9e1-3bec8d7bff32,b872a4e5-822e-4038-93a1-9b4b709164a4,US,NA,NA,U.S. House,Cygnal Political,NA,NA,lv,1500,2026-02-03,2026-02-04,NA,general,https://www.cygn.al/polls/february-2026-national-voter-trends-nvt-poll/,Generic Democrat,47.8,Generic Republican,44.4,3.3999999999999986,FALSE
af75bd0f-edda-4d4d-a791-457b17bfe65b,f250648d-7d30-490b-99a9-4ae87114b139,US,NA,NA,U.S. House,John Zogby Strategies,NA,NA,lv,1000,2026-02-04,2026-02-05,NA,general,https://johnzogbystrategies.com/the-presidents-approval-ratings-underwater-on-overall-job-all-key-voter-issues/,Generic Democrat,47,Generic Republican,42,5,FALSE
9dd57ad9-e2e4-4b1f-94a1-8a476d79477f,dd57cef8-e72a-4e7b-9c41-f4298fd0b930,US,NA,NA,U.S. House,Morning Consult,NA,NA,rv,24606,2026-02-02,2026-02-08,NA,general,https://pro.morningconsult.com/trackers/2026-midterm-election-generic-ballot-polls,Generic Democrat,44.54,Generic Republican,42.29,2.25,FALSE
0936b486-6693-4ba2-908b-7646a89b62c7,4e2d500e-ed61-4fb9-92af-3dbdfe739a9b,US,NA,NA,U.S. House,YouGov,Economist,NA,a,1728,2026-02-06,2026-02-09,NA,general,https://d3nkl3psvxxpe9.cloudfront.net/documents/econTabReport_vNnwPx2.pdf,Generic Democrat,39,Generic Republican,31,8,FALSE
0936b486-6693-4ba2-908b-7646a89b62c7,5713e47f-bfb1-4be6-86c6-742b20198120,US,NA,NA,U.S. House,YouGov,Economist,NA,rv,1549,2026-02-06,2026-02-09,NA,general,https://d3nkl3psvxxpe9.cloudfront.net/documents/econTabReport_vNnwPx2.pdf,Generic Democrat,44,Generic Republican,38,6,FALSE
16518cf6-ef54-4361-bcb5-e1d14b87e77d,bf581bd1-acaf-40ae-b76a-6e6252980210,US,NA,NA,U.S. House,Morning Consult,NA,NA,rv,2200,2026-02-06,2026-02-09,NA,general,https://pro.morningconsult.com/trackers/donald-trump-congress-policy-republicans-polling,Generic Democrat,45,Generic Republican,41,4,FALSE
9918e3b9-4acf-4ebd-9ced-82792a8e150f,03169ff7-5733-4986-be2a-49d0617f7935,US,NA,NA,U.S. House,Focaldata,NA,NA,a,1148,2026-02-10,2026-02-10,NA,general,https://www.focaldata.com/blog/cost-of-living-fuelling-democrat-strength-in-new-midterms-polling,Generic Democrat,42.1,Generic Republican,38.1,4,FALSE
9918e3b9-4acf-4ebd-9ced-82792a8e150f,2f54731c-7e50-4b58-a4e7-88975c6d812c,US,NA,NA,U.S. House,Focaldata,NA,NA,rv,957,2026-02-10,2026-02-10,NA,general,https://www.focaldata.com/blog/cost-of-living-fuelling-democrat-strength-in-new-midterms-polling,Generic Democrat,46.2,Generic Republican,41.7,4.5,FALSE
9918e3b9-4acf-4ebd-9ced-82792a8e150f,4f5ddacb-d000-46f4-bdd1-37afd1b15e0d,US,NA,NA,U.S. House,Focaldata,NA,NA,lv,957,2026-02-10,2026-02-10,NA,general,https://www.focaldata.com/blog/cost-of-living-fuelling-democrat-strength-in-new-midterms-polling,Generic Democrat,51.1,Generic Republican,43.6,7.5,FALSE
e7acfe9c-740c-437a-a232-61660201b355,a15964a6-bf53-449b-aa98-a46f4b8e9aac,US,NA,NA,U.S. House,The Argument/Verasight,NA,NA,rv,3003,2026-02-04,2026-02-10,NA,general,https://www.theargumentmag.com/p/the-trans-rights-backlash-is-real,Generic Democrat,53,Generic Republican,47,6,FALSE
09e0b264-d740-46ae-8794-1073c65b7ce5,fd743b4e-33fe-4c01-a2cb-e5c3f0211edd,US,NA,NA,U.S. House,YouGov,Yahoo News,NA,rv,1149,2026-02-09,2026-02-12,NA,general,https://www.yahoo.com/news/politics/article/poll-trumps-approval-rating-hits-new-low-as-immigration-backlash-grows-and-ice-withdraws-from-minnesota-204723473.html?guccounter=1&guce_referrer=aHR0cHM6Ly9maWZ0eXBsdXNvbmUubmV3cy8&guce_referrer_sig=AQAAAJV8tEJMx3RWuTX0Lx8C6hNZ1MinI-48UyIiJfQFzSvlfin5lkAXLkS3gQmXPgfr2zDF-9o2KdaGpt27QzDmXsgj4DxXDALhBNw6exgO99Z_tDOHU1v_G8GMlc2NFlLV-0Hg2xqEqMh-7m69v7L52L2KPOMuqorpR71OjesnuUQZ,Generic Democrat,44,Generic Republican,41,3,FALSE
17ab7508-80f8-4e6d-aae5-02247780dcc0,1de1b977-a2d1-4fa1-b3e9-abb23a19a26a,US,NA,NA,U.S. House,RMG Research,Napolitan News Service,NA,rv,2000,2026-02-09,2026-02-12,NA,general,https://napolitannews.org/posts/generic-ballot-gop-44-percent-dem-41-but-dems-more-enthusiastic,Generic Democrat,45,Generic Republican,47,-2,FALSE
99ad74ec-3548-4b8a-a7b7-2c4de0736ed1,6d4ce94b-f3cc-434b-ae1a-a52659ca66e0,US,NA,NA,U.S. House,Quantus Insights,NA,NA,lv,1515,2026-02-12,2026-02-12,NA,general,https://quantusinsights.org/f/quantus-insights-national-survey-2026-midterms-break-democrat,Generic Democrat,48.4,Generic Republican,41.9,6.5,FALSE
12038115-8593-4ef5-be6b-d1beaba7848a,2f100298-37ed-468d-8c40-0a576e11924f,US,NA,NA,U.S. House,Morning Consult,NA,NA,rv,NA,2026-02-09,2026-02-15,NA,general,https://pro.morningconsult.com/trackers/2026-midterm-election-generic-ballot-polls,Generic Democrat,45,Generic Republican,42,3,FALSE
50a6e12c-0540-4b56-85c6-c935fe950441,4cfb3d57-6fe2-4e4a-9f60-e59ed43f895e,US,NA,NA,U.S. House,The Bullfinch Group,NA,NA,a,1200,2026-02-13,2026-02-16,NA,general,https://www.thebullfinchgroup.com/post/public-release-of-bullfinch-mainframe-q1-nationwide-survey,Generic Democrat,41,Generic Republican,31,10,FALSE
50a6e12c-0540-4b56-85c6-c935fe950441,fa7e83fc-7aa4-4d4d-abd4-4a35b279ce7d,US,NA,NA,U.S. House,The Bullfinch Group,NA,NA,rv,1000,2026-02-13,2026-02-16,NA,general,https://www.thebullfinchgroup.com/post/public-release-of-bullfinch-mainframe-q1-nationwide-survey,Generic Democrat,46,Generic Republican,35,11,FALSE
7310c876-7273-4892-b939-4ef330110d8d,74140ed2-533f-492a-9f0c-cffaafc490e0,US,NA,NA,U.S. House,Morning Consult,NA,NA,rv,2200,2026-02-13,2026-02-16,NA,general,https://pro.morningconsult.com/trackers/donald-trump-congress-policy-republicans-polling,Generic Democrat,44.84,Generic Republican,43.39,1.4500000000000028,FALSE
78416ffd-b661-4f0d-aa53-35a0b1c71eb6,d226d5b1-7885-458c-8a42-fac4cabaf829,US,NA,NA,U.S. House,YouGov,Economist,NA,a,1678,2026-02-13,2026-02-16,NA,general,https://d3nkl3psvxxpe9.cloudfront.net/documents/econTabReport_usZL1Jt.pdf,Generic Democrat,39,Generic Republican,33,6,FALSE
78416ffd-b661-4f0d-aa53-35a0b1c71eb6,e086b21e-42ab-4552-911f-403e46926bbd,US,NA,NA,U.S. House,YouGov,Economist,NA,rv,1509,2026-02-13,2026-02-16,NA,general,https://d3nkl3psvxxpe9.cloudfront.net/documents/econTabReport_usZL1Jt.pdf,Generic Democrat,47,Generic Republican,40,7,FALSE
a81783c5-8c64-42e8-a9f7-1dc0cb3b2ce2,f08a223c-7258-4fea-97d9-00c0875de8bb,US,NA,NA,U.S. House,Ipsos,Reuters,NA,rv,846,2026-02-13,2026-02-16,NA,general,https://www.reuters.com/data/trumps-approval-rating-2025-01-21/,Generic Democrat,41,Generic Republican,37,4,FALSE
9aee5108-a7da-4e0e-ac91-7fdc7e429991,b5cdf4f6-e2e7-46db-a87a-506f9af8ded7,US,NA,NA,U.S. House,Ipsos,ABC News | The Washington Post,NA,a,2589,2026-02-12,2026-02-17,NA,general,https://www.washingtonpost.com/politics/2026/02/22/trump-disapproval-post-poll/,Generic Democrat,43,Generic Republican,39,4,FALSE
9aee5108-a7da-4e0e-ac91-7fdc7e429991,e9213958-7217-44e7-b5c9-bf0d34e7f02f,US,NA,NA,U.S. House,Ipsos,ABC News | The Washington Post,NA,rv,2087,2026-02-12,2026-02-17,NA,general,https://www.washingtonpost.com/politics/2026/02/22/trump-disapproval-post-poll/,Generic Democrat,47,Generic Republican,45,2,FALSE
13745d87-0ce9-4834-b9e1-185ce781b603,9b3ac5da-7c50-4393-bc43-b04b847d3793,US,NA,NA,U.S. House,Bowling Green State University Democracy and Public Policy Research Network/YouGov,NA,NA,rv,1200,2026-02-13,2026-02-18,NA,general,https://www.bgsu.edu/arts-and-sciences/democracy-and-public-policy-research-network/bgsu-poll.html,Generic Democrat,49,Generic Republican,41,8,FALSE
4ba085cc-dbfb-4975-8c84-8bd953ac328f,add8d39c-9031-4898-a25c-4119f092c548,US,NA,NA,U.S. House,Big Data Poll,1776 Law Center | Public Polling Project,NA,rv,2012,2026-02-16,2026-02-18,NA,general,https://www.bigdatapoll.com/blog/democrats-expand-generic-ballot-lead-in-february/,Generic Democrat,48.2,Generic Republican,40,8.200000000000003,FALSE
4ba085cc-dbfb-4975-8c84-8bd953ac328f,b2c2f36e-481a-4caa-8643-f02324db0a19,US,NA,NA,U.S. House,Big Data Poll,1776 Law Center | Public Polling Project,NA,lv,1805,2026-02-16,2026-02-18,NA,general,https://www.bigdatapoll.com/blog/democrats-expand-generic-ballot-lead-in-february/,Generic Democrat,50,Generic Republican,41.3,8.700000000000003,FALSE
6c052fa7-20b3-4815-a609-db6a51221a58,4704ff98-8e76-4e67-96d8-18107e5b7dad,US,NA,NA,U.S. House,Change Research,NA,NA,rv,1741,2026-02-05,2026-02-18,NA,general,https://changeresearch.com/voters-voice-frustration-and-financial-strain/,Generic Democrat,43,Generic Republican,40,3,FALSE
f2774039-55d5-49ba-8e0e-29c1a9e42c58,982b96bf-d112-4a5c-8044-37c6083a43ac,US,NA,NA,U.S. House,Talker Research,Scripps News,NA,a,1000,2026-02-13,2026-02-19,NA,general,https://www.scrippsnews.com/politics/scripps-news-talker-research-poll-high-interest-in-state-of-the-union-amid-economic-worries,Generic Democrat,42,Generic Republican,36,6,FALSE
861c0545-1398-4e53-a29c-6cf7e17bf39b,588a1789-3d2f-4b20-b456-0c1075b5d615,US,NA,NA,U.S. House,Verasight,Strength In Numbers,NA,a,1566,2026-02-18,2026-02-20,NA,general,https://www.gelliottmorris.com/p/ahead-of-state-of-the-union-address,Generic Democrat,50,Generic Republican,40,10,FALSE
861c0545-1398-4e53-a29c-6cf7e17bf39b,a1c023a8-5f47-4182-a93c-3a676540d287,US,NA,NA,U.S. House,Verasight,Strength In Numbers,NA,rv,1401,2026-02-18,2026-02-20,NA,general,https://www.gelliottmorris.com/p/ahead-of-state-of-the-union-address,Generic Democrat,52,Generic Republican,42,10,FALSE
31e36a55-e98e-4a6e-be73-bf29cfd2bce1,02e34245-d8a2-412f-bdfd-44316a153ab6,US,NA,NA,U.S. House,Global Strategy Group,Campaign for a Family Friendly Economy PAC,DEM,lv,1051,2026-02-17,2026-02-22,NA,general,https://www.semafor.com/article/03/23/2026/poll-caretaking-anecdotes-resonate-with-voters,Generic Democrat,48,Generic Republican,40,8,TRUE
3bd0ab65-04bb-49cb-8911-6e1f3c71195e,7e303351-6f9a-48e5-aedb-76e2bfd7fc14,US,NA,NA,U.S. House,Morning Consult,NA,NA,rv,2202,2026-02-20,2026-02-22,NA,general,https://pro.morningconsult.com/trackers/donald-trump-congress-policy-republicans-polling,Generic Democrat,46,Generic Republican,42,4,FALSE
732818e6-6335-4f8e-807c-57b2bd63beb2,aa0f9a73-9d3d-43b7-bd1b-02e0147da3f1,US,NA,NA,U.S. House,Emerson College,NA,NA,lv,1000,2026-02-21,2026-02-22,NA,general,https://emersoncollegepolling.com/february-2026-national-poll-trump-approval-steady-as-disapproval-rises-vance-leads-gop-field-while-democrats-hold-midterm-edge/,Generic Democrat,50.4,Generic Republican,42.4,8,FALSE
cbc5325c-a570-4b57-afc6-77ce42b869b2,bd662942-3b48-4dda-a87f-1937978abdb1,US,NA,NA,U.S. House,Morning Consult,NA,NA,rv,26087,2026-02-16,2026-02-22,NA,general,https://pro.morningconsult.com/trackers/2026-midterm-election-generic-ballot-polls,Generic Democrat,45,Generic Republican,42,3,FALSE
50148261-09ec-4360-b16c-0dc12fa0626e,b107e160-8a91-41f5-9412-b057eb96deed,US,NA,NA,U.S. House,Pennsylvania State University McCourtney Institute for Democracy/YouGov,NA,NA,rv,824,2026-02-18,2026-02-23,NA,general,https://democracy.psu.edu/poll-report-archive/democrats-have-edge-in-congressional-generic-ballot/,Generic Democrat,42,Generic Republican,37,5,FALSE
895e8857-e9c6-4367-9531-44bec2636409,1d5451dd-3110-4aae-817f-0dc06659723f,US,NA,NA,U.S. House,GrayHouse,America One Policies,REP,rv,1394,2026-02-20,2026-02-23,NA,general,https://www.americaonepolicies.com/polls/attitudes-on-iran-the-economy-and-affordability,Generic Democrat,46,Generic Republican,43,3,TRUE
aa3e095a-506e-4069-8e62-d81edd21aa75,5c5ae1bd-598d-4fe1-9cad-96073b880b1c,US,NA,NA,U.S. House,YouGov,Economist,NA,a,1551,2026-02-20,2026-02-23,NA,general,https://d3nkl3psvxxpe9.cloudfront.net/documents/econTabReport_5ZLQm8s.pdf,Generic Democrat,39,Generic Republican,34,5,FALSE
aa3e095a-506e-4069-8e62-d81edd21aa75,8b146f5f-eb41-446b-a4fd-e27081996ba5,US,NA,NA,U.S. House,YouGov,Economist,NA,rv,1402,2026-02-20,2026-02-23,NA,general,https://d3nkl3psvxxpe9.cloudfront.net/documents/econTabReport_5ZLQm8s.pdf,Generic Democrat,45,Generic Republican,41,4,FALSE
c94237e2-3c98-48b8-86e3-10e0c3e4dcc7,10a0fc01-cf04-4a13-a322-14031f30ed1d,US,NA,NA,U.S. House,Ipsos,Reuters,NA,a,4638,2026-02-18,2026-02-23,NA,general,https://www.reuters.com/data/trumps-approval-rating-2025-01-21/,Generic Democrat,35,Generic Republican,32,3,FALSE
c94237e2-3c98-48b8-86e3-10e0c3e4dcc7,53a703a2-fc99-454c-a573-48586b2fbaff,US,NA,NA,U.S. House,Ipsos,Reuters,NA,rv,3686,2026-02-18,2026-02-23,NA,general,https://www.reuters.com/data/trumps-approval-rating-2025-01-21/,Generic Democrat,40,Generic Republican,38,2,FALSE
dec53856-08ab-4c1d-a35b-e288432b1971,fee1ad70-3ccb-4797-b130-11798e00fa41,US,NA,NA,U.S. House,Echelon Insights,NA,NA,lv,1002,2026-02-19,2026-02-23,NA,general,https://echeloninsights.com/in-the-news/february-2026-verified-voter-omnibus/,Generic Democrat,50,Generic Republican,46,4,FALSE
15f1e3a2-0b0c-43a6-bdd1-7f08e7282d91,a6af7cc5-acb2-4acf-bccf-c8b45a1fa86a,US,NA,NA,U.S. House,Cygnal Political,American Principles Project,REP,lv,1048,2026-02-24,2026-02-26,NA,general,https://act.americanprinciplesproject.org/p/protect-kids-online/results?access=press,Generic Democrat,48.3,Generic Republican,44.6,3.6999999999999957,TRUE
281204da-7a65-4cf5-9052-adda8d2ec5a1,1900fe03-688c-4b46-824f-df3ec29b57f7,US,NA,NA,U.S. House,HarrisX/Harris Poll,Harvard CAPS,NA,rv,1999,2026-02-25,2026-02-26,NA,general,https://harvardharrispoll.com/key-results-february-2026/,Generic Democrat,50,Generic Republican,50,0,FALSE
281204da-7a65-4cf5-9052-adda8d2ec5a1,9028bbf5-e0cf-469f-8520-e548761353f5,US,NA,NA,U.S. House,HarrisX/Harris Poll,Harvard CAPS,NA,lv,NA,2026-02-25,2026-02-26,NA,general,https://harvardharrispoll.com/key-results-february-2026/,Generic Democrat,50,Generic Republican,50,0,FALSE
a02140ee-7116-4fe5-91eb-3031ed8e4a14,f29217ea-9f08-430d-a047-d27a37665983,US,NA,NA,U.S. House,TIPP Insights,Issues & Insights,NA,rv,1264,2026-02-24,2026-02-27,NA,general,https://tippinsights.com/trump-ratings-steady-despite-strong-state-of-the-union-foreign-policy-moves-i-i-tipp-poll/,Generic Democrat,45,Generic Republican,44.2,0.7999999999999972,FALSE
ca171124-80e4-4ab1-9864-5d15bbdcdd46,08a274fb-bb8d-42db-b1bb-919ba052dddd,US,NA,NA,U.S. House,YouGov,CBS News,NA,rv,1523,2026-02-25,2026-02-27,NA,general,https://www.cbsnews.com/news/cbs-news-poll-americans-views-on-iran-prior-to-conflict/,Generic Democrat,45,Generic Republican,40,5,FALSE
f4968499-94a9-40e1-9475-343241f48cf6,4f6997b4-cab6-450f-b189-2fe2009e5365,US,NA,NA,U.S. House,The Public Sentiment Institute,NA,NA,lv,249,2026-02-28,2026-02-28,NA,general,https://tpsiofficial.substack.com/p/what-america-is-actually-thinking,Generic Democrat,50.1,Generic Republican,41,9.100000000000001,FALSE
f4968499-94a9-40e1-9475-343241f48cf6,822f7064-be1e-4946-99dc-d26101bd50df,US,NA,NA,U.S. House,The Public Sentiment Institute,NA,NA,rv,316,2026-02-28,2026-02-28,NA,general,https://tpsiofficial.substack.com/p/what-america-is-actually-thinking,Generic Democrat,40.7,Generic Republican,32.8,7.900000000000006,FALSE
bf1431e6-122c-4591-a4ac-2d2a01542351,10b55ed5-43d5-4ff9-be2a-998967a5e31b,US,NA,NA,U.S. House,Morning Consult,NA,NA,rv,NA,2026-02-23,2026-03-01,NA,general,https://pro.morningconsult.com/trackers/2026-midterm-election-generic-ballot-polls,Generic Democrat,45,Generic Republican,42,3,FALSE
0b4e5dfa-3614-427e-b552-f0ce993714d1,0bee75e3-b09f-4d4c-97c5-d9c2838ffc19,US,NA,NA,U.S. House,YouGov,Economist,NA,a,1512,2026-02-27,2026-03-02,NA,general,https://d3nkl3psvxxpe9.cloudfront.net/documents/econTabReport_ubu5DXD.pdf,Generic Democrat,40,Generic Republican,33,7,FALSE
0b4e5dfa-3614-427e-b552-f0ce993714d1,fb665786-2d04-42da-94f1-0792430d4132,US,NA,NA,U.S. House,YouGov,Economist,NA,rv,1363,2026-02-27,2026-03-02,NA,general,https://d3nkl3psvxxpe9.cloudfront.net/documents/econTabReport_ubu5DXD.pdf,Generic Democrat,45,Generic Republican,41,4,FALSE
117b56fb-3abe-4409-8abd-34981593fda3,76c1c44c-85c4-4fe0-8564-3306a897eefd,US,NA,NA,U.S. House,Hart Research Associates/Public Opinion Strategies,NBC News,NA,rv,1000,2026-02-27,2026-03-03,NA,general,https://www.nbcnews.com/politics/2026-election/poll-primary-voters-prize-ideology-electability-parties-get-low-marks-rcna262046,Generic Democrat,50,Generic Republican,44,6,FALSE
a27d679c-4628-46f4-bd93-197f5a4d162e,993ef346-1bdd-42a1-b942-0bdd8a4859f3,US,NA,NA,U.S. House,Quantus Insights,NA,NA,lv,1295,2026-03-02,2026-03-03,NA,general,https://quantusinsights.org/f/latest-survey-the-hardening-of-american-opinion,Generic Democrat,45.7,Generic Republican,40.8,4.900000000000006,FALSE
0b1643a5-2e22-4a1f-ad73-0d251c7d3e0b,f8e87f29-4ba5-4e73-8033-9ef1f4d6e4fd,US,NA,NA,U.S. House,RMG Research,Napolitan News Service,NA,rv,2000,2026-03-02,2026-03-04,NA,general,https://napolitannews.org/posts/generic-ballot-dem-44-percent-gop-43-dems-also-more-enthusiastic,Generic Democrat,46,Generic Republican,46,0,FALSE
71324efe-4c23-4156-a12b-36ce4cac0226,ca28c58e-32ac-4cfc-adeb-fdb41fa3aa99,US,NA,NA,U.S. House,Cygnal Political,NA,NA,lv,1500,2026-03-03,2026-03-04,NA,general,https://www.cygn.al/polls/march-2026-national-voter-trends-nvt-poll/,Generic Democrat,49,Generic Republican,44.8,4.200000000000003,FALSE
c7d50b10-a291-4a41-83c0-ac2f8afa642a,bf35f754-f0e8-4bdd-8b4f-20fc07c14973,US,NA,NA,U.S. House,Marist University,NPR | PBS News,NA,rv,1392,2026-03-02,2026-03-04,NA,general,https://maristpoll.marist.edu/polls/election-security-march-2026/,Generic Democrat,53,Generic Republican,44,9,FALSE
4f30af9b-b852-41e2-b21b-6f00fe8b96f6,d58436de-0f2e-4da6-8ddc-c0b1898c4ff3,US,NA,NA,U.S. House,Noble Predictive Insights,Center Square,NA,rv,2659,2026-03-02,2026-03-05,NA,general,https://www.thecentersquare.com/national/article_c3795c17-be14-4566-a625-eb38b4ffc1bf.html,Generic Democrat,44,Generic Republican,43,1,FALSE
ba55b485-ccbc-4022-8440-af1ab574727e,c44884ab-c529-415b-86b9-9d5c9c94ac2f,US,NA,NA,U.S. House,Clarity Campaign Labs,NA,NA,rv,1004,2026-02-26,2026-03-07,NA,general,https://www.claritycampaigns.com/clarity-omnibus-2026-mar,Generic Democrat,47,Generic Republican,43,4,FALSE
16581cf4-7221-4ed3-8c73-c4bf7f161fe4,92e1f998-0770-40a1-a84f-01b87145bbf6,US,NA,NA,U.S. House,Morning Consult,NA,NA,rv,2202,2026-03-06,2026-03-08,NA,general,https://pro.morningconsult.com/trackers/donald-trump-congress-policy-republicans-polling,Generic Democrat,46.54,Generic Republican,42.8,3.740000000000002,FALSE
b434a3b3-601d-4ee0-bcff-8f9cae87c58b,3c0b1b9b-b27c-49e9-ad73-28000c2414d6,US,NA,NA,U.S. House,Morning Consult,NA,NA,rv,NA,2026-03-02,2026-03-08,NA,general,https://pro.morningconsult.com/trackers/2026-midterm-election-generic-ballot-polls,Generic Democrat,45,Generic Republican,42,3,FALSE
a1619a66-fcae-4a70-88af-1b4df7d5e71e,40b0dab4-fdb0-4078-9b62-f662bf7705ae,US,NA,NA,U.S. House,YouGov,Economist,NA,a,1561,2026-03-06,2026-03-09,NA,general,https://d3nkl3psvxxpe9.cloudfront.net/documents/econtoplines_0wEATGJ.pdf,Generic Democrat,40,Generic Republican,36,4,FALSE
a1619a66-fcae-4a70-88af-1b4df7d5e71e,4f1f0ac5-0053-4375-a91a-f879ab13f96d,US,NA,NA,U.S. House,YouGov,Economist,NA,rv,1403,2026-03-06,2026-03-09,NA,general,https://d3nkl3psvxxpe9.cloudfront.net/documents/econtoplines_0wEATGJ.pdf,Generic Democrat,45,Generic Republican,42,3,FALSE
f0a6e527-a024-4d62-ab34-0d19a7037037,640c8787-3719-4a59-ba23-09dab476d04e,US,NA,NA,U.S. House,McLaughlin & Associates,NA,NA,lv,1000,2026-03-04,2026-03-09,NA,general,https://mclaughlinonline.com/2026/03/12/national-monthly-march-2026/,Generic Democrat,47,Generic Republican,43,4,FALSE
9f8ab1cd-1a23-421a-8795-1260f1a8d308,2c25a14e-ecb0-40c2-9c05-bb4b78aed168,US,NA,NA,U.S. House,Focaldata,NA,NA,a,1782,2026-03-06,2026-03-10,NA,general,https://www.focaldata.com/blog/democrats-increase-lead-and-rubio-stock-surges-amid-iran-war,Generic Democrat,44.5,Generic Republican,38.93,5.57,FALSE
9f8ab1cd-1a23-421a-8795-1260f1a8d308,2cd68295-3114-4b7a-bbf9-572a0b5c9806,US,NA,NA,U.S. House,Focaldata,NA,NA,rv,1534,2026-03-06,2026-03-10,NA,general,https://www.focaldata.com/blog/democrats-increase-lead-and-rubio-stock-surges-amid-iran-war,Generic Democrat,47.74,Generic Republican,42.03,5.710000000000001,FALSE
552c1552-9777-4889-a05a-c7d293c37991,c0a53ec3-a02e-496f-be38-c7e40354dd07,US,NA,NA,U.S. House,Change Research,NA,NA,rv,1540,2026-03-08,2026-03-12,NA,general,https://portal.changeresearch.com/portal/projects/61cdcd30-3c32-4785-9ccb-5fe82cb36389,Generic Democrat,47,Generic Republican,41,6,FALSE
039ce1a5-ead5-418a-b422-baa1cb1f16eb,a4d1bfdc-b51d-4e02-b6ed-21754dfe2f59,US,NA,NA,U.S. House,Survey 160,NA,NA,rv,1546,2026-03-09,2026-03-15,NA,general,https://www.survey160.com/methodological-research-blog/survey-160-tracking-poll-march-2026,Generic Democrat,48,Generic Republican,38,10,FALSE
5e8cd241-4f73-4bd1-820c-2e881628fe13,df5133cf-69dd-4e99-91d0-5cfc00c63c96,US,NA,NA,U.S. House,Morning Consult,NA,NA,rv,26634,2026-03-09,2026-03-15,NA,general,https://pro.morningconsult.com/trackers/2026-midterm-election-generic-ballot-polls,Generic Democrat,44.45,Generic Republican,41.69,2.760000000000005,FALSE
57ca712f-6f1b-4ba0-90f7-98c87d48148b,35b7b7a1-d3b0-4dfd-928a-ee016dc8c1cb,US,NA,NA,U.S. House,YouGov,Economist,NA,rv,1427,2026-03-13,2026-03-16,NA,general,https://d3nkl3psvxxpe9.cloudfront.net/documents/econtoplines_AoL6llm.pdf,Generic Democrat,43,Generic Republican,41,2,FALSE
57ca712f-6f1b-4ba0-90f7-98c87d48148b,ddd1609d-73b6-454c-b264-38c0f36e3d6a,US,NA,NA,U.S. House,YouGov,Economist,NA,a,1593,2026-03-13,2026-03-16,NA,general,https://d3nkl3psvxxpe9.cloudfront.net/documents/econtoplines_AoL6llm.pdf,Generic Democrat,39,Generic Republican,35,4,FALSE
936854b8-407a-4274-8d3d-221d397ffb59,283769a4-9766-46a4-85d0-f964a6357efc,US,NA,NA,U.S. House,YouGov,Yahoo News,NA,rv,1147,2026-03-12,2026-03-16,NA,general,https://www.yahoo.com/news/politics/article/poll-66-of-americans-disapprove-of-trump-on-gas-prices-as-they-feel-effects-of-iran-war-120000483.html,Generic Democrat,44,Generic Republican,40,4,FALSE
9eb303eb-da3a-49e7-87c8-0b8fbadfdb38,cbbb901a-8bf6-422c-bf12-093b5f3cd058,US,NA,NA,U.S. House,Morning Consult,NA,NA,rv,2200,2026-03-13,2026-03-16,NA,general,https://pro.morningconsult.com/trackers/donald-trump-congress-policy-republicans-polling,Generic Democrat,47.56,Generic Republican,40.24,7.32,FALSE
b2388271-8d31-411d-a258-f7e6c45504d1,4886fce5-3ddc-4b95-b23b-2d226b910abc,US,NA,NA,U.S. House,Echelon Insights,NA,NA,lv,1033,2026-03-12,2026-03-16,NA,general,https://echeloninsights.com/in-the-news/march-2026-verified-voter-omnibus/,Generic Democrat,49,Generic Republican,44,5,FALSE
979b70d7-4287-4e89-ab1e-44d6d47acb96,ec681aef-e06e-4ea3-9131-65627da24613,US,NA,NA,U.S. House,Emerson College,NA,NA,lv,1000,2026-03-16,2026-03-17,NA,general,https://emersoncollegepolling.com/march-2026-national-poll-47-oppose-us-military-action-in-iran-40-support/,Generic Democrat,49.2,Generic Republican,41,8.200000000000003,FALSE
d2003e23-3a8c-48f7-a1db-f8973230d6f4,7ab036d3-b687-46e6-80a3-683ceaffec9f,US,NA,NA,U.S. House,Winston Group,Winning the Issues,REP,rv,1000,2026-03-15,2026-03-17,NA,general,https://www.winningtheissues.org/wp-content/uploads/2026/04/March-2026-Winning-the-Issues-Survey.pdf,Generic Democrat,49,Generic Republican,40,9,TRUE
f63a5ad1-69bc-4da1-801b-f8cb00c9cc1e,446a2c50-e32f-44d4-82d3-2eef220cf4f6,US,NA,NA,U.S. House,The Argument/Verasight,NA,NA,rv,1519,2026-03-12,2026-03-17,NA,general,https://www.theargumentmag.com/p/americans-would-trade-jobs-for-cheaper,Generic Democrat,54,Generic Republican,46,8,FALSE
869907a2-771c-4222-af41-eb6f611eae8d,3cf95c42-12b2-479e-bf7b-856ff08cd0ef,US,NA,NA,U.S. House,Verasight,Strength In Numbers,NA,a,1530,2026-03-16,2026-03-18,NA,general,https://www.gelliottmorris.com/p/2026-03-24-march-sin-verasight-poll-main-release,Generic Democrat,48,Generic Republican,41,7,FALSE
869907a2-771c-4222-af41-eb6f611eae8d,f1674443-efdf-42d6-8aed-677af4011504,US,NA,NA,U.S. House,Verasight,Strength In Numbers,NA,rv,1370,2026-03-16,2026-03-18,NA,general,https://www.gelliottmorris.com/p/2026-03-24-march-sin-verasight-poll-main-release,Generic Democrat,49,Generic Republican,43,6,FALSE
ae92cf06-e4f8-4c09-89a3-01b850ba9cd4,df900c1e-4f11-463e-8ede-1cc8b3272c95,US,NA,NA,U.S. House,Quantus Insights,NA,NA,lv,1064,2026-03-17,2026-03-18,NA,general,https://quantusinsights.org/f/national-survey-a-divided-country-and-a-motivated-electorate,Generic Democrat,46.7,Generic Republican,41.7,5,FALSE
b225b154-d24e-47ca-a669-9ad644a10dd0,1879e4e9-b3c0-4d6d-9508-c8dd6f2d5a74,US,NA,NA,U.S. House,John Zogby Strategies,NA,NA,lv,1000,2026-03-17,2026-03-18,NA,general,https://johnzogbystrategies.com/wp-content/uploads/2026/03/The-Decisive-Poll-on-the-Impact-of-War-with-Iran-03.19.26.html,Generic Democrat,46.3,Generic Republican,45.8,0.5,FALSE
36e5deb3-20df-48f5-9aca-c5c0c62dac84,21e1d290-7a2c-4e9f-b585-bf07215bb840,US,NA,NA,U.S. House,Ipsos,Reuters,NA,a,1545,2026-03-17,2026-03-19,NA,general,https://www.reuters.com/data/trumps-approval-rating-2025-01-21/,Generic Democrat,35,Generic Republican,32,3,FALSE
36e5deb3-20df-48f5-9aca-c5c0c62dac84,c8994cd8-6810-41af-a4de-17c2fea921a4,US,NA,NA,U.S. House,Ipsos,Reuters,NA,rv,1206,2026-03-17,2026-03-19,NA,general,https://www.reuters.com/data/trumps-approval-rating-2025-01-21/,Generic Democrat,40,Generic Republican,37,3,FALSE
9611eb59-8b7c-4c64-a791-1c3706dd3c1f,e2d936f3-2509-419c-894e-e09532d0bbba,US,NA,NA,U.S. House,Impact Research,Third Way | UnidosUS,DEM,lv,1000,2026-03-10,2026-03-20,NA,general,https://www.thirdway.org/memo/president-trumps-immigration-problem,Generic Democrat,45,Generic Republican,41,4,TRUE
207596e1-189c-4c99-99e0-7074015e6947,2e3703b1-9e70-4665-a8a7-5f6582e21c91,US,NA,NA,U.S. House,Morning Consult,NA,NA,rv,NA,2026-03-16,2026-03-22,NA,general,https://pro.morningconsult.com/trackers/2026-midterm-election-generic-ballot-polls,Generic Democrat,45,Generic Republican,42,3,FALSE
5dfcf111-46a9-412b-ab13-1479324500ac,f61e58b6-2463-479a-833b-ffdac347a8f7,US,NA,NA,U.S. House,Morning Consult,Gambling is Not Investing,NA,a,15029,2026-03-17,2026-03-22,NA,general,https://www.gamblingisnotinvesting.com/morning-consult-poll-reveals-americans-concerns-with-prediction-markets/,Generic Democrat,47,Generic Republican,42,5,FALSE
1c95e668-f775-4182-821f-837f969038f7,30106d51-91b8-4019-ab11-e0df0b1babdf,US,NA,NA,U.S. House,YouGov,The Economist,NA,a,1664,2026-03-20,2026-03-23,NA,general,https://d3nkl3psvxxpe9.cloudfront.net/documents/econtoplines_wSy0bIs.pdf,Generic Democrat,39,Generic Republican,36,3,FALSE
1c95e668-f775-4182-821f-837f969038f7,fc19ae4c-3585-4916-a500-c3f239744d58,US,NA,NA,U.S. House,YouGov,The Economist,NA,rv,1501,2026-03-20,2026-03-23,NA,general,https://d3nkl3psvxxpe9.cloudfront.net/documents/econtoplines_wSy0bIs.pdf,Generic Democrat,45,Generic Republican,42,3,FALSE
27cc405f-bac3-4e0e-bd57-d63137cf4b65,543c4419-d5c5-4389-8c9a-952bf8df99b8,US,NA,NA,U.S. House,Yale University Institution for Social and Policy Studies,NA,NA,rv,3428,2026-03-09,2026-03-23,NA,general,https://youthpoll.yale.edu/spring-2026-results,Generic Democrat,46,Generic Republican,43.7,2.299999999999997,FALSE
626e4e6e-e308-4a93-942d-067eba77a513,ccc5c85a-ca5c-4a7f-8c92-d2cb9c0a2541,US,NA,NA,U.S. House,Quinnipiac University,NA,NA,rv,1191,2026-03-19,2026-03-23,NA,general,https://poll.qu.edu/poll-release?releaseid=3953,Generic Democrat,51,Generic Republican,40,11,FALSE
7e4600c4-d78a-45af-8b92-e2ba6fe2a44e,304fe18f-8d77-4dcc-8bdb-ed6994002ae6,US,NA,NA,U.S. House,Ipsos,Reuters,NA,a,1272,2026-03-20,2026-03-23,NA,general,https://www.reuters.com/data/trumps-approval-rating-2025-01-21/,Generic Democrat,35,Generic Republican,31,4,FALSE
7e4600c4-d78a-45af-8b92-e2ba6fe2a44e,efeee3ec-d7f1-47cc-b7ba-73063fbc66d4,US,NA,NA,U.S. House,Ipsos,Reuters,NA,rv,985,2026-03-20,2026-03-23,NA,general,https://www.reuters.com/data/trumps-approval-rating-2025-01-21/,Generic Democrat,40,Generic Republican,38,2,FALSE
f1e5afa6-b1ab-481a-a135-108e9d091e93,04d23eab-1233-4df3-85fc-bcdcb426421a,US,NA,NA,U.S. House,Big Data Poll,Public Polling Project,NA,rv,3003,2026-03-22,2026-03-24,NA,general,https://www.bigdatapoll.com/blog/trump-disapproval-rating-hits-new-high-in-march-amid-unpopular-war/,Generic Democrat,48,Generic Republican,40.4,7.600000000000001,FALSE
1fed84a9-ca46-4088-bb83-fd5970c9f2dc,922b560a-a4b0-414b-9092-2e42c6c7b1b7,US,NA,NA,U.S. House,HarrisX/Harris Poll,Harvard CAPS,NA,lv,NA,2026-03-25,2026-03-26,NA,general,https://harvardharrispoll.com/key-results-march-2026/,Generic Democrat,52,Generic Republican,48,4,FALSE
1fed84a9-ca46-4088-bb83-fd5970c9f2dc,d255b975-b994-42a7-b1af-e93c8b2d116f,US,NA,NA,U.S. House,HarrisX/Harris Poll,Harvard CAPS,NA,rv,2009,2026-03-25,2026-03-26,NA,general,https://harvardharrispoll.com/key-results-march-2026/,Generic Democrat,51,Generic Republican,49,2,FALSE
812d1eb8-81f4-41c2-ab5e-9407d9e31bf4,71c1f121-54ac-4230-b31f-da4604eeab93,US,NA,NA,U.S. House,Quantus Insights,NA,NA,lv,1472,2026-03-25,2026-03-26,NA,general,https://quantusinsights.org/f/new-quantus-survey-a-sour-national-mood-and-a-midterm-warning,Generic Democrat,47,Generic Republican,41.3,5.700000000000003,FALSE
bee6cc29-5eae-4c24-9fda-969ac2b61c37,3b60826d-7756-43a2-8000-99d1bad78762,US,NA,NA,U.S. House,Morning Consult,NA,NA,rv,NA,2026-03-23,2026-03-29,NA,general,https://pro.morningconsult.com/trackers/2026-midterm-election-generic-ballot-polls,Generic Democrat,45,Generic Republican,42,3,FALSE
0623a3a8-a2a0-4edc-ae67-4d020ec92b45,b6548411-a0b7-442c-9010-e19d336a6676,US,NA,NA,U.S. House,CNN/SSRS,NA,NA,rv,951,2026-03-26,2026-03-30,NA,general,https://www.cnn.com/2026/04/01/politics/cnn-poll-trump-approval-rating-economy,Generic Democrat,48,Generic Republican,42,6,FALSE
cc66ac94-0e9b-4a5a-bcb9-2d333a06aef1,fc81003a-62ce-449c-8029-636ede53d3cf,US,NA,NA,U.S. House,University of Massachusetts Lowell Center for Public Opinion/YouGov,NA,NA,a,1000,2026-03-26,2026-03-30,NA,general,https://www.uml.edu/Research/public-opinion/polls/default.aspx,Generic Democrat,38,Generic Republican,35,3,FALSE
df235832-0c0b-41fd-9f97-d102f73f94e5,013d52be-a095-43f3-b43c-4faa580f70b8,US,NA,NA,U.S. House,YouGov,Economist,NA,rv,1502,2026-03-27,2026-03-30,NA,general,https://d3nkl3psvxxpe9.cloudfront.net/documents/econTabReport_3wplfYX.pdf,Generic Democrat,45,Generic Republican,39,6,FALSE
df235832-0c0b-41fd-9f97-d102f73f94e5,09516d59-f174-4a14-8914-bd4658b11b5d,US,NA,NA,U.S. House,YouGov,Economist,NA,a,1674,2026-03-27,2026-03-30,NA,general,https://d3nkl3psvxxpe9.cloudfront.net/documents/econTabReport_3wplfYX.pdf,Generic Democrat,39,Generic Republican,33,6,FALSE
29ab7cb8-51a7-4055-afc1-547d0df6592a,404eadba-1aa3-412e-b460-f4a214868683,US,NA,NA,U.S. House,Cygnal Political,NA,NA,lv,1500,2026-04-02,2026-04-03,NA,general,https://www.cygn.al/polls/april-2026-national-voter-trends-nvt-poll/,Generic Democrat,48.8,Generic Republican,43.3,5.5,FALSE
8e1159ec-4c0f-4057-8817-283f4aa6a310,b8d24c76-4910-43fc-8d75-4883a3f31773,US,NA,NA,U.S. House,Morning Consult,NA,NA,rv,NA,2026-03-30,2026-04-05,NA,general,https://pro.morningconsult.com/trackers/2026-midterm-election-generic-ballot-polls,Generic Democrat,45.02,Generic Republican,42.37,2.6500000000000057,FALSE
fbc240c1-ab36-47d7-9f4b-c4f8a0f1a3c9,d870cf81-3aa1-4530-bff8-d4c548284111,US,NA,NA,U.S. House,YouGov,Economist,NA,rv,1558,2026-04-03,2026-04-06,NA,general,https://d3nkl3psvxxpe9.cloudfront.net/documents/econtoplines_MDkgmnK.pdf,Generic Democrat,44,Generic Republican,42,2,FALSE
fbc240c1-ab36-47d7-9f4b-c4f8a0f1a3c9,f4eec603-3a44-468f-8d77-850c2a69eb56,US,NA,NA,U.S. House,YouGov,Economist,NA,a,1745,2026-04-03,2026-04-06,NA,general,https://d3nkl3psvxxpe9.cloudfront.net/documents/econtoplines_MDkgmnK.pdf,Generic Democrat,38,Generic Republican,36,2,FALSE
52a63e3a-c6ce-4f4d-9a9b-3d32a232d876,9c4c7a18-059f-4523-badc-aa9a2ed8f86e,US,NA,NA,U.S. House,RMG Research,Napolitan News Service,NA,rv,2000,2026-04-06,2026-04-09,NA,general,https://napolitannews.org/posts/generic-ballot-dem-45-percent-gop-42-dems-also-more-enthusiastic,Generic Democrat,49,Generic Republican,44,5,FALSE
60351ea6-4304-49cc-b7f5-b95119a69b09,9aa4be47-025a-490d-bb75-5376038ce209,US,NA,NA,U.S. House,Echelon Insights,NetChoice,NA,lv,2880,2026-04-03,2026-04-09,NA,general,https://netchoice.org/new-72-of-americans-want-regulators-to-focus-on-lowering-prices-ahead-of-midterms-not-punishing-success/,Generic Democrat,50,Generic Republican,45,5,FALSE
b9dcd19d-0475-4b53-8b3d-d9bf954aa229,b0377e5a-0c21-4d60-bebe-b361acc49414,US,NA,NA,U.S. House,Tavern Research,NA,NA,lv,NA,2026-04-06,2026-04-09,NA,general,https://www.tavernresearch.com/research-and-writings/cutting-room-floor-april-10-2026,Generic Democrat,44,Generic Republican,43,1,FALSE
a7008d06-99df-46c8-bab9-49aec856ff93,6ac76812-d437-402f-a1b5-cc74588c2570,US,NA,NA,U.S. House,Morning Consult,NA,NA,rv,NA,2026-04-06,2026-04-12,NA,general,https://pro.morningconsult.com/trackers/2026-midterm-election-generic-ballot-polls,Generic Democrat,45.55,Generic Republican,41.78,3.769999999999996,FALSE
c88c48cd-0fe8-4330-a873-fdc52a80c827,469abb98-3d29-4c19-9110-2ef8b7ed3e4a,US,NA,NA,U.S. House,Morning Consult,NA,NA,rv,2201,2026-04-10,2026-04-12,NA,general,https://pro.morningconsult.com/trackers/donald-trump-congress-policy-republicans-polling,Generic Democrat,45.92,Generic Republican,42.52,3.3999999999999986,FALSE
64b05196-f48b-462f-90e1-8335b4e9595b,e8a1a8c1-4f32-442d-b187-aa5bf1a0e5e4,US,NA,NA,U.S. House,Survey 160,NA,NA,rv,1539,2026-04-08,2026-04-13,NA,general,https://www.survey160.com/methodological-research-blog/survey-160-tracking-poll-april-2026,Generic Democrat,47,Generic Republican,37,10,FALSE
abe343f9-95fb-4bd6-bd06-8800b3d352e0,df18df41-98be-4d2c-bc1e-9723afea9de5,US,NA,NA,U.S. House,YouGov,Economist,NA,a,1745,2026-04-10,2026-04-13,NA,general,https://d3nkl3psvxxpe9.cloudfront.net/documents/econTabReport_G1zNgZq.pdf,Generic Democrat,38,Generic Republican,35,3,FALSE
abe343f9-95fb-4bd6-bd06-8800b3d352e0,e6da6103-318b-4e9f-8a12-17a00d5ff6a2,US,NA,NA,U.S. House,YouGov,Economist,NA,rv,1571,2026-04-10,2026-04-13,NA,general,https://d3nkl3psvxxpe9.cloudfront.net/documents/econTabReport_G1zNgZq.pdf,Generic Democrat,45,Generic Republican,40,5,FALSE
0f079c33-b59f-47e1-b47a-4a0dc9834c7e,2103a83b-8707-4c1f-8be8-046bdda7a770,US,NA,NA,U.S. House,Verasight,Strength In Numbers,NA,rv,1386,2026-04-10,2026-04-14,NA,general,https://www.gelliottmorris.com/p/2026-04-21-april-strength-in-numbers-verasight-poll,Generic Democrat,50,Generic Republican,43,7,FALSE
0f079c33-b59f-47e1-b47a-4a0dc9834c7e,47e24079-ac84-402d-a18a-fc2b94f1e351,US,NA,NA,U.S. House,Verasight,Strength In Numbers,NA,a,1514,2026-04-10,2026-04-14,NA,general,https://www.gelliottmorris.com/p/2026-04-21-april-strength-in-numbers-verasight-poll,Generic Democrat,49,Generic Republican,41,8,FALSE
3ba3d895-aa7f-49ae-a50b-2b70c0ce6a2d,9951cab8-2a31-45b5-9638-8946eea8be00,US,NA,NA,U.S. House,McLaughlin & Associates,NA,NA,lv,1000,2026-04-08,2026-04-15,NA,general,https://mclaughlinonline.com/2026/04/17/national-monthly-april-2026/,Generic Democrat,47,Generic Republican,43,4,FALSE
7d796279-b32d-4f54-90d3-9c4a99ba94f6,6bd2a692-ff93-42b0-b610-628ae3b33fe2,US,NA,NA,U.S. House,GBAO,NA,NA,rv,2000,2026-04-08,2026-04-15,NA,general,https://www.thirdway.org/memo/the-cost-of-misplaced-priorities-trumps-coalition-frays,Generic Democrat,48,Generic Republican,40,8,FALSE
ea5e829d-5f3a-46cc-9699-d8c62953544a,55ab31d6-852b-4736-af51-144622b01fbe,US,NA,NA,U.S. House,Marquette University Law School,NA,NA,lv,576,2026-04-08,2026-04-16,NA,general,https://law.marquette.edu/poll/2026/04/22/detailed-results-of-the-marquette-law-school-supreme-court-poll-april-8-16-2026-national-issues/,Generic Democrat,53,Generic Republican,43,10,FALSE
ea5e829d-5f3a-46cc-9699-d8c62953544a,5b423a06-8972-435a-af96-fd89047c3298,US,NA,NA,U.S. House,Marquette University Law School,NA,NA,a,982,2026-04-08,2026-04-16,NA,general,https://law.marquette.edu/poll/2026/04/22/detailed-results-of-the-marquette-law-school-supreme-court-poll-april-8-16-2026-national-issues/,Generic Democrat,44,Generic Republican,41,3,FALSE
ea5e829d-5f3a-46cc-9699-d8c62953544a,9006e5db-5898-42aa-8471-eade8b6fce9b,US,NA,NA,U.S. House,Marquette University Law School,NA,NA,rv,870,2026-04-08,2026-04-16,NA,general,https://law.marquette.edu/poll/2026/04/22/detailed-results-of-the-marquette-law-school-supreme-court-poll-april-8-16-2026-national-issues/,Generic Democrat,48,Generic Republican,44,4,FALSE
462daf7c-4031-4a5f-b1eb-7d5e7b332af6,96ea322d-0f20-4279-af3d-2d2adc01c55f,US,NA,NA,U.S. House,John Zogby Strategies,NA,NA,lv,1001,2026-04-17,2026-04-18,NA,general,https://johnzogbystrategies.com/brand-new-zogby-poll-amid-war-confusion-04-20-26/,Generic Democrat,48.3,Generic Republican,44.4,3.8999999999999986,FALSE
63eb22ad-45df-4c02-b5e3-70bcbaba20b0,5c02b572-9174-4a3f-a519-a101e6a4e1df,US,NA,NA,U.S. House,KFF,NA,NA,rv,1107,2026-04-14,2026-04-19,NA,general,https://www.kff.org/public-opinion/kff-health-tracking-poll-health-care-costs-and-the-midterms/,Generic Democrat,43,Generic Republican,34,9,FALSE
7f59ded1-8660-49f9-be20-03a1616950a5,22c4e1fe-0a3b-4cb4-8945-74a7a27d100b,US,NA,NA,U.S. House,Morning Consult,NA,NA,rv,27869,2026-04-13,2026-04-19,NA,general,https://pro.morningconsult.com/trackers/2026-midterm-election-generic-ballot-polls,Generic Democrat,44.62,Generic Republican,42.27,2.3499999999999943,FALSE
835d66ae-7e7a-453e-9e72-f79ba213e723,9dd50685-32b1-4aea-b9ed-a76e0eab7376,US,NA,NA,U.S. House,Hart Research Associates/Public Opinion Strategies,CNBC,NA,rv,1000,2026-04-15,2026-04-19,NA,general,https://www.cnbc.com/2026/04/23/trumps-approval-rating-on-economy-and-overall-falls-to-lowest-of-his-two-terms-cnbc-survey-shows.html,Generic Democrat,49,Generic Republican,45,4,FALSE
503b5b37-bfbb-45bf-b15e-ce668f2b53b8,c57c9c62-a819-40f1-853e-f148fba9c071,US,NA,NA,U.S. House,Echelon Insights,NA,NA,lv,1012,2026-04-17,2026-04-20,NA,general,https://echeloninsights.com/insights/april-2026-verified-voter-omnibus,Generic Democrat,50,Generic Republican,44,6,FALSE
6b5c6be6-5add-4cd2-bea1-139cf4f29dc2,179beca3-6949-46f7-aff5-9335a2d80148,US,NA,NA,U.S. House,YouGov,Economist,NA,rv,1549,2026-04-17,2026-04-20,NA,general,https://d3nkl3psvxxpe9.cloudfront.net/documents/econTabReport_I24AWdp.pdf,Generic Democrat,45,Generic Republican,40,5,FALSE
6b5c6be6-5add-4cd2-bea1-139cf4f29dc2,9ee2bed4-35bc-4ea6-9593-abe8092ea666,US,NA,NA,U.S. House,YouGov,Economist,NA,a,1703,2026-04-17,2026-04-20,NA,general,https://d3nkl3psvxxpe9.cloudfront.net/documents/econTabReport_I24AWdp.pdf,Generic Democrat,39,Generic Republican,33,6,FALSE
810644c0-2925-401c-89e3-f50b02df2150,20fe3647-1b0c-4ede-b272-750c1cc75b41,US,NA,NA,U.S. House,Morning Consult,NA,NA,rv,2203,2026-04-17,2026-04-20,NA,general,https://pro.morningconsult.com/trackers/donald-trump-congress-policy-republicans-polling,Generic Democrat,45.44,Generic Republican,42.19,3.25,FALSE
a6159282-a8ae-4f51-a488-3d7f3b19d236,0a077c8b-1b1c-45f8-8f64-5b1dccf40859,US,NA,NA,U.S. House,Beacon Research/Shaw & Company Research,Fox News,NA,rv,1001,2026-04-17,2026-04-20,NA,general,https://www.foxnews.com/politics/fox-news-poll-economic-gloom-trump-ratings-signal-tough-gop-midterm-path,Generic Democrat,52,Generic Republican,47,5,FALSE
d0bef321-15bf-4ee3-822b-fd0ac58248b1,4d5a6e75-39e6-4213-9193-e1ab95a1e315,US,NA,NA,U.S. House,Ipsos,Reuters,NA,rv,3577,2026-04-15,2026-04-20,NA,general,https://www.reuters.com/data/trumps-approval-rating-2025-01-21/,Generic Democrat,41,Generic Republican,38,3,FALSE
d0bef321-15bf-4ee3-822b-fd0ac58248b1,a4b42eb0-c978-404b-b920-d6311da17ce4,US,NA,NA,U.S. House,Ipsos,Reuters,NA,a,4557,2026-04-15,2026-04-20,NA,general,https://www.reuters.com/data/trumps-approval-rating-2025-01-21/,Generic Democrat,35,Generic Republican,31,4,FALSE
258b1102-00ba-4976-ab5d-acbfc045c141,f03d2b74-479b-4602-a45d-cb975d44687d,US,NA,NA,U.S. House,The Argument/Verasight,NA,NA,rv,1516,2026-04-20,2026-04-23,NA,general,https://www.theargumentmag.com/p/why-democrats-cant-win-more-trump,Generic Democrat,53,Generic Republican,47,6,FALSE
ccd2eb20-0a71-46f7-9861-84a39e541714,b2c63f1e-86bd-4358-86fb-60c2eecebe67,US,NA,NA,U.S. House,Quantus Insights,NA,NA,lv,1452,2026-04-21,2026-04-23,NA,general,https://quantusinsights.org/f/quantus-survey-a-divided-electorate-a-narrow-democratic-edge,Generic Democrat,46.5,Generic Republican,42.3,4.200000000000003,FALSE
01e8549c-67e3-4857-9c8a-1bd82bd78e96,0560552f-11ec-4270-88ee-4d2410c73405,US,NA,NA,U.S. House,Clarity Campaign Labs,NA,NA,lv,1000,2026-04-15,2026-04-24,NA,general,https://www.claritycampaigns.com/clarity-omnibus-2026-april,Generic Democrat,50,Generic Republican,45,5,FALSE
08c32cf7-150c-44e2-bd7b-23486beba603,b60a90d4-9a7d-4978-9c93-c3f2c8fb81da,US,NA,NA,U.S. House,Emerson College,NA,NA,lv,1000,2026-04-24,2026-04-26,NA,general,https://emersoncollegepolling.com/april-2026-national-poll/,Generic Democrat,50.3,Generic Republican,40.2,10.099999999999994,FALSE
b1708612-f80b-4a0c-854d-192de6eff2b6,d54f30a3-4844-4328-8efe-d77cbcc985ea,US,NA,NA,U.S. House,Morning Consult,NA,NA,rv,28235,2026-04-20,2026-04-26,NA,general,https://pro.morningconsult.com/trackers/2026-midterm-election-generic-ballot-polls,Generic Democrat,44.94,Generic Republican,42.44,2.5,FALSE
cc645fc1-9aeb-452b-9e1d-a2ea836a2526,6a6cd3fe-9ff8-4273-852c-abf4a84e82fe,US,NA,NA,U.S. House,HarrisX/Harris Poll,Harvard CAPS,NA,lv,NA,2026-04-23,2026-04-26,NA,general,https://harvardharrispoll.com/key-results-april-2026/,Generic Democrat,50,Generic Republican,50,0,FALSE
0c2178c6-e99b-4cae-889e-14c406e5ad52,40f3c6cc-89f1-4d62-be36-6cfb69046595,US,NA,NA,U.S. House,Morning Consult,NA,NA,rv,2201,2026-04-24,2026-04-27,NA,general,https://pro.morningconsult.com/trackers/donald-trump-congress-policy-republicans-polling,Generic Democrat,45.26,Generic Republican,43.27,1.9899999999999949,FALSE
664203e2-c054-409f-86c9-f556cb76376a,5659e933-31e7-4376-8fe3-883c654e5257,US,NA,NA,U.S. House,YouGov,Economist,NA,a,1834,2026-04-24,2026-04-27,NA,general,https://d3nkl3psvxxpe9.cloudfront.net/documents/econTabReport_Ty7ikPd.pdf,Generic Democrat,39,Generic Republican,34,5,FALSE
664203e2-c054-409f-86c9-f556cb76376a,a8911dac-9eb2-4b59-9d0d-bcf092489685,US,NA,NA,U.S. House,YouGov,Economist,NA,rv,1645,2026-04-24,2026-04-27,NA,general,https://d3nkl3psvxxpe9.cloudfront.net/documents/econTabReport_Ty7ikPd.pdf,Generic Democrat,46,Generic Republican,41,5,FALSE
90226afa-be53-4128-a6ba-762555b06089,165bb938-c7b8-47b2-8e03-dbb58772d86c,US,NA,NA,U.S. House,Ipsos,Reuters,NA,a,1269,2026-04-24,2026-04-27,NA,general,https://www.reuters.com/data/trumps-approval-rating-2025-01-21/,Generic Democrat,36,Generic Republican,31,5,FALSE
90226afa-be53-4128-a6ba-762555b06089,6fa8c036-9e83-4309-a2d3-36f87d9de64f,US,NA,NA,U.S. House,Ipsos,Reuters,NA,rv,1014,2026-04-24,2026-04-27,NA,general,https://www.reuters.com/data/trumps-approval-rating-2025-01-21/,Generic Democrat,41,Generic Republican,37,4,FALSE
ff5783f1-ecec-421d-a8b2-db34ae56ab0d,f80f1922-a1fc-42dc-9e25-ab142e981b4b,US,NA,NA,U.S. House,Public Opinion Strategies,CoinDesk,NA,rv,1000,2026-04-21,2026-04-27,NA,general,https://www.coindesk.com/policy/2026/05/03/crypto-is-at-the-bottom-of-u-s-voters-priorities-heading-into-the-midterm-coindesk-survey-shows,Generic Democrat,44,Generic Republican,41,3,FALSE
0a0f0269-28d9-4b80-93aa-a68e297543c5,b24cbd99-d92d-4941-b00d-58097beb44f2,US,NA,NA,U.S. House,Big Data Poll,Public Polling Project,NA,lv,2874,2026-04-25,2026-04-28,NA,general,https://www.bigdatapoll.com/blog/national-mood-worsens-for-republicans-in-april-2026-national-poll/,Generic Democrat,50.4,Generic Republican,39.4,11,FALSE
0a0f0269-28d9-4b80-93aa-a68e297543c5,c557ffc6-069a-4f6e-af67-cfa9187b4873,US,NA,NA,U.S. House,Big Data Poll,Public Polling Project,NA,rv,3176,2026-04-25,2026-04-28,NA,general,https://www.bigdatapoll.com/blog/national-mood-worsens-for-republicans-in-april-2026-national-poll/,Generic Democrat,48.3,Generic Republican,38,10.299999999999997,FALSE
7c527897-e02d-4fd8-b3ff-b073033bec9d,d4af4c9d-db26-4f08-aa9c-b97df6cd54ba,US,NA,NA,U.S. House,Ipsos,ABC News | The Washington Post,NA,rv,2059,2026-04-24,2026-04-28,NA,general,https://www.washingtonpost.com/politics/2026/05/03/trump-approval-ratings-poll/,Generic Democrat,49,Generic Republican,44,5,FALSE
6c7e30e8-5e8a-4734-8009-efc7e0dcb11f,0680ece7-160a-4bdb-929f-6292e55a9591,US,NA,NA,U.S. House,Marist University,NPR | PBS News,NA,rv,1155,2026-04-27,2026-04-30,NA,general,https://maristpoll.marist.edu/polls/president-trump-while-at-war-may-2026/,Generic Democrat,52,Generic Republican,42,10,FALSE
d18c4776-68a8-47b5-9f3c-bb1a42f75bfd,5d371711-3fce-4c08-a8cd-fc29374e051d,US,NA,NA,U.S. House,Morning Consult,NA,NA,rv,27846,2026-04-27,2026-05-03,NA,general,https://intel.morningconsult.com/mc-content/trackers/donald-trump-congress-policy-republicans-polling,Generic Democrat,45.6,Generic Republican,42.7,2.8999999999999986,FALSE
fbd00d7c-c5ad-4fb9-895b-5b1b878fa26e,2337e29f-d568-4b56-8777-6e9418e771b4,US,NA,NA,U.S. House,Morning Consult,NA,NA,rv,NA,2026-04-30,2026-05-03,NA,general,https://pro.morningconsult.com/trackers/donald-trump-congress-policy-republicans-polling,Generic Democrat,46,Generic Republican,43,3,FALSE
18fe1b03-fd98-4be1-a260-f94b1d8a20cc,182af274-9247-40c9-ad55-0b96301722bf,US,NA,NA,U.S. House,YouGov,Economist,NA,rv,1406,2026-05-01,2026-05-04,NA,general,https://d3nkl3psvxxpe9.cloudfront.net/documents/econTabReport_Zi1MEwp.pdf,Generic Democrat,44,Generic Republican,41,3,FALSE
18fe1b03-fd98-4be1-a260-f94b1d8a20cc,94ee9561-d86a-435c-a04c-b140a936cb4b,US,NA,NA,U.S. House,YouGov,Economist,NA,a,1570,2026-05-01,2026-05-04,NA,general,https://d3nkl3psvxxpe9.cloudfront.net/documents/econTabReport_Zi1MEwp.pdf,Generic Democrat,38,Generic Republican,34,4,FALSE
19eba48e-d549-435f-be59-9cb28c0b23db,e9ca7469-6359-4579-9a7f-cf7f8d1bc033,US,NA,NA,U.S. House,CNN/SSRS,NA,NA,rv,NA,2026-04-30,2026-05-04,NA,general,https://s3.documentcloud.org/documents/28114951/cnn-poll-conducted-by-ssrs-affordability.pdf,Generic Democrat,45,Generic Republican,42,3,FALSE
537d7e69-36ce-46f5-9f0d-07557a2f7e1f,9caaff7f-1fe9-4eb5-962a-51696f11e766,US,NA,NA,U.S. House,Focaldata,Financial Times,NA,a,3612,2026-05-01,2026-05-05,NA,general,https://www.focaldata.com/blog/democrats-lead-economy-focaldata-financial-times-poll,Generic Democrat,46.44,Generic Republican,38.76,7.68,FALSE
537d7e69-36ce-46f5-9f0d-07557a2f7e1f,cc5da893-e1dd-46ef-9c77-5b15d156a841,US,NA,NA,U.S. House,Focaldata,Financial Times,NA,rv,3167,2026-05-01,2026-05-05,NA,general,https://www.focaldata.com/blog/democrats-lead-economy-focaldata-financial-times-poll,Generic Democrat,49.03,Generic Republican,42.03,7,FALSE
8521aa50-5dd7-49fb-b299-f84d2d608c56,a994f795-8b85-43bb-b935-15411f221a74,US,NA,NA,U.S. House,HarrisX,Forbes,NA,a,2569,2026-04-29,2026-05-05,NA,general,https://www.harrisx.com/content/forbes-harrisx-american-confidence-tracker-may-2026,Generic Democrat,46,Generic Republican,45,1,FALSE
8521aa50-5dd7-49fb-b299-f84d2d608c56,ce7132ad-2893-4977-8e71-fc5fd5d5593f,US,NA,NA,U.S. House,HarrisX,Forbes,NA,rv,2359,2026-04-29,2026-05-05,NA,general,https://www.harrisx.com/content/forbes-harrisx-american-confidence-tracker-may-2026,Generic Democrat,46,Generic Republican,45,1,FALSE
8521aa50-5dd7-49fb-b299-f84d2d608c56,d9172de6-ea6e-41be-b392-e7ca217d9942,US,NA,NA,U.S. House,HarrisX,Forbes,NA,lv,1891,2026-04-29,2026-05-05,NA,general,https://www.harrisx.com/content/forbes-harrisx-american-confidence-tracker-may-2026,Generic Democrat,48,Generic Republican,46,2,FALSE
9efbf5b2-fc4a-4b4b-a8b2-da97990bf37c,06efd6e6-df26-4540-bec5-cd55335d1590,US,NA,NA,U.S. House,Cygnal Political,NA,NA,lv,1500,2026-05-05,2026-05-06,NA,general,https://www.cygn.al/wp-content/uploads/2026/05/23838-Cygnal-National-May26-NVT-Deck-Public.pdf,Generic Democrat,48.5,Generic Republican,42.4,6.100000000000001,FALSE
e558e21c-d0ee-4658-9e6c-a92fd49c10b3,23fd7246-04b7-45d4-a452-84c53ce03ea9,US,NA,NA,U.S. House,RMG Research,Napolitan News Service,NA,rv,2000,2026-05-04,2026-05-06,NA,general,https://napolitannews.org/posts/generic-ballot-dem-50-percent-gop-41-dems-also-more-enthusiastic,Generic Democrat,50,Generic Republican,41,9,FALSE
c5379fb4-e53b-4733-8386-cc20df75bcbe,f2d3aad0-3843-4bb6-a462-d06f25afe364,US,NA,NA,U.S. House,AtlasIntel,NA,NA,a,2069,2026-05-04,2026-05-07,NA,general,https://www.atlasintel.org/poll/usa-national-2026-05-11,Generic Democrat,54.6,Generic Republican,40.1,14.5,FALSE
eb5ac899-e0dd-4317-baaf-3a0dc942c904,74210429-38b5-46a0-ba44-887ee6e04cf6,US,NA,NA,U.S. House,Cygnal Political,Conservative Energy Network,REP,lv,1500,2026-05-04,2026-05-07,NA,general,https://conservativeenergynetwork.org/new-national-poll-americans-demand-action-on-rising-energy-costs-support-modernizing-the-grid-and-expanding-domestic-energy-production/,Generic Democrat,47.9,Generic Republican,40.8,7.100000000000001,TRUE
098a2efd-8fa8-45d3-8957-3b0896b24304,1fe73559-a317-4391-b293-8f330b1731e1,US,NA,NA,U.S. House,Morning Consult,NA,NA,rv,28573,2026-05-04,2026-05-10,NA,general,https://intel.morningconsult.com/mc-content/trackers/donald-trump-congress-policy-republicans-polling,Generic Democrat,45.4,Generic Republican,42.3,3.1000000000000014,FALSE
38e4f1d2-cdb7-41fc-bda0-a744218278cb,68065f2b-b613-4d59-b4a6-1ecd898ff58f,US,NA,NA,U.S. House,Change Research,NA,NA,rv,2244,2026-05-05,2026-05-10,NA,general,https://portal.changeresearch.com/portal/projects/07dc6ff6-bb96-4bc5-a138-90b0ab3b22db,Generic Democrat,45,Generic Republican,42,3,FALSE
3a02e215-7378-4a58-88dd-0c598f3b390b,2b37a397-c598-4c93-8291-7f6bf1e70d84,US,NA,NA,U.S. House,Ipsos,Reuters,NA,a,1254,2026-05-08,2026-05-11,NA,general,https://www.reuters.com/data/trumps-approval-rating-2025-01-21/,Generic Democrat,36,Generic Republican,31,5,FALSE
3a02e215-7378-4a58-88dd-0c598f3b390b,5bb883ea-be06-4c2f-b84a-05c38638d415,US,NA,NA,U.S. House,Ipsos,Reuters,NA,rv,993,2026-05-08,2026-05-11,NA,general,https://www.reuters.com/data/trumps-approval-rating-2025-01-21/,Generic Democrat,41,Generic Republican,35,6,FALSE
c12a2f03-e836-4775-a7cf-b60753a64753,86da5e5a-240f-452f-9d8f-1d97b3672e5b,US,NA,NA,U.S. House,YouGov,Economist,NA,a,1547,2026-05-09,2026-05-11,NA,general,https://d3nkl3psvxxpe9.cloudfront.net/documents/econTabReport_ONiR6Nb.pdf,Generic Democrat,37,Generic Republican,34,3,FALSE
c12a2f03-e836-4775-a7cf-b60753a64753,ae4020e7-f4a8-4e1b-95b8-941b217e1e6c,US,NA,NA,U.S. House,YouGov,Economist,NA,rv,1408,2026-05-09,2026-05-11,NA,general,https://d3nkl3psvxxpe9.cloudfront.net/documents/econTabReport_ONiR6Nb.pdf,Generic Democrat,45,Generic Republican,40,5,FALSE
2e7432ef-dfd7-4194-a671-d78c556bd58d,bdac4c57-1bca-4b7a-a088-d47946f54d3f,US,NA,NA,U.S. House,The New York Times/Siena University,NA,NA,rv,1507,2026-05-11,2026-05-15,NA,general,https://www.nytimes.com/interactive/2026/05/18/polls/times-siena-national-poll-toplines.html,Generic Democrat,49.72,Generic Republican,39.46,10.259999999999998,FALSE
31ad6a6d-bf86-4153-b431-96170f470975,98d74a2f-4bc9-4ffa-977a-cd9da0f6dec6,US,NA,NA,U.S. House,YouGov,CBS News,NA,rv,1397,2026-05-13,2026-05-15,NA,general,https://www.cbsnews.com/news/cbs-news-poll-stress-uncertainty-economy-views-decline/,Generic Democrat,45,Generic Republican,40,5,FALSE
3aa97f7e-8553-4b7f-9154-39c8e74cea23,5b5fa179-6fd7-4abe-925e-863cbbbe12f7,US,NA,NA,U.S. House,Morning Consult,NA,NA,rv,2203,2026-05-15,2026-05-17,NA,general,https://intel.morningconsult.com/mc-content/trackers/donald-trump-congress-policy-republicans-polling,Generic Democrat,46.86,Generic Republican,40.85,6.009999999999998,FALSE
8738f92f-8e5b-41c5-a0c0-9c0483dfb97f,26db4e5a-f3e1-49e7-b317-14f1feb62b7b,US,NA,NA,U.S. House,Morning Consult,NA,NA,rv,28525,2026-05-11,2026-05-17,NA,general,https://intel.morningconsult.com/mc-content/trackers/2026-midterm-election-generic-ballot-polls,Generic Democrat,45.45,Generic Republican,42.32,3.1300000000000026,FALSE
0584de31-ae2c-4d8b-aca9-49543f2baf33,0f6ee9bb-5ce4-4f7c-b042-15676b08f825,US,NA,NA,U.S. House,YouGov,Economist,NA,rv,1375,2026-05-15,2026-05-18,NA,general,https://d3nkl3psvxxpe9.cloudfront.net/documents/econTabReport_YTE4G2g.pdf,Generic Democrat,46,Generic Republican,43,3,FALSE
0584de31-ae2c-4d8b-aca9-49543f2baf33,b53ef94b-f7d0-4816-9686-fb3d45d9e691,US,NA,NA,U.S. House,YouGov,Economist,NA,a,1543,2026-05-15,2026-05-18,NA,general,https://d3nkl3psvxxpe9.cloudfront.net/documents/econTabReport_YTE4G2g.pdf,Generic Democrat,40,Generic Republican,35,5,FALSE
0addfd75-0bd1-4cbb-9e24-6a3658edc5d3,ffd86923-8a96-44e1-9fbd-79dda47ba3f4,US,NA,NA,U.S. House,Echelon Insights,NA,NA,lv,1008,2026-05-14,2026-05-18,NA,general,https://echeloninsights.com/insights/may-2026-verified-voter-omnibus,Generic Democrat,51,Generic Republican,43,8,FALSE
25dbfff5-26d0-450d-bea5-7ce37e53659e,9d8a8251-8c7a-4f43-9433-fb3b13a415b7,US,NA,NA,U.S. House,Data for Progress,NA,NA,lv,1149,2026-05-15,2026-05-18,NA,general,https://www.dataforprogress.org/blog/2026/5/21/democrats-lead-the-generic-ballot-by-8-points-as-midterms-approach,Generic Democrat,51,Generic Republican,43,8,FALSE
641e9240-27b1-4231-a6d8-260b0e888f72,510a48cd-155b-4e15-a25a-54e173fa2621,US,NA,NA,U.S. House,Ipsos,Reuters,NA,a,1271,2026-05-15,2026-05-18,NA,general,https://www.ipsos.com/en-us/americas-frustration-cost-living-continues-rise,Generic Democrat,35,Generic Republican,31,4,FALSE
68153e7e-2ac8-4756-90df-88abec8ae1ce,b99fee32-1a6b-47ea-88d2-4b96fc837e4a,US,NA,NA,U.S. House,Quinnipiac University,NA,NA,rv,1106,2026-05-14,2026-05-18,NA,general,https://poll.qu.edu/poll-release?releaseid=3959,Generic Democrat,50,Generic Republican,39,11,FALSE
8c778400-38b0-4e4c-830c-7ba27c4b4ab6,018cf6df-1cbd-4cee-b111-f33e04ba7db0,US,NA,NA,U.S. House,Impact Research/National Research Inc.,Wall Street Journal,NA,rv,1500,2026-05-07,2026-05-18,NA,general,https://www.wsj.com/economy/americas-economic-anxiety-is-rising-up-the-income-ladder-d77b97d4,Generic Democrat,48,Generic Republican,40,8,FALSE
8c778400-38b0-4e4c-830c-7ba27c4b4ab6,e0d9912e-9fb5-4396-a4e7-dc7c505304ac,US,NA,NA,U.S. House,Impact Research/National Research Inc.,Wall Street Journal,NA,a,2000,2026-05-07,2026-05-18,NA,general,https://www.wsj.com/economy/americas-economic-anxiety-is-rising-up-the-income-ladder-d77b97d4,Generic Democrat,51,Generic Republican,35,16,FALSE
a1dc15d1-a6a0-4bb5-945e-1c05d5489355,69d0b738-8a94-4316-ae88-edf53a850d07,US,NA,NA,U.S. House,McLaughlin & Associates,NA,NA,lv,1000,2026-05-12,2026-05-18,NA,general,https://mclaughlinonline.com/pols/wp-content/uploads/2026/05/National-May-Presentation-RELEASE-05-19-26.pdf,Generic Democrat,46,Generic Republican,42,4,FALSE
a72977bd-3b86-459b-b249-d6a30c48f1d8,57b2713b-41d2-44e3-a5ac-5f35758329d3,US,NA,NA,U.S. House,Bedrock Polling,Rainey Center,NA,rv,1010,2026-05-17,2026-05-18,NA,general,https://www.raineycenter.org/polling/data-centers-voters-are-persuadable-but-they-want-accountability-and-clean-energy,Generic Democrat,45,Generic Republican,43,2,FALSE
b09ecfd2-b7f5-44fe-92b7-8815c5be3a6d,60cb33d6-67d0-4bed-a837-fe1ae2d0459d,US,NA,NA,U.S. House,Verasight,Strength In Numbers,NA,a,1520,2026-05-18,2026-05-19,NA,general,https://www.gelliottmorris.com/p/2026-05-26-may-strength-in-numbers-verasight-poll,Generic Democrat,51,Generic Republican,41,10,FALSE
b09ecfd2-b7f5-44fe-92b7-8815c5be3a6d,c7bda7f6-e3c2-4197-8ca9-aa415df1790f,US,NA,NA,U.S. House,Verasight,Strength In Numbers,NA,rv,1413,2026-05-18,2026-05-19,NA,general,https://www.gelliottmorris.com/p/2026-05-26-may-strength-in-numbers-verasight-poll,Generic Democrat,51,Generic Republican,43,8,FALSE
74ca0c9d-588b-48e8-a245-29626e8d7597,606df2d4-d217-4c89-9e9b-15f727fe83d7,US,NA,NA,U.S. House,John Zogby Strategies,NA,NA,lv,NA,2026-05-21,2026-05-22,NA,general,https://johnzogbystrategies.com/wp-content/uploads/2026/05/Real-Polling-in-Real-Time-with-Zogby-05.22.26.html,Generic Democrat,49,Generic Republican,42,7,FALSE
160fdaef-7153-451d-8d42-4fbd588f8723,15715acb-9074-4b97-95a8-fa8c6cbfcce5,US,NA,NA,U.S. House,Bedrock Polling,Third Way,DEM,rv,1776,2026-05-20,2026-05-24,NA,general,https://www.thirdway.org/memo/americans-blame-the-government-for-high-health-costs-and-want-it-to-rein-in-the-industry,Generic Democrat,46,Generic Republican,41,5,TRUE
389f7f3d-e22e-4a2a-b9f8-f9db6dbf9251,0a5c6e87-952f-481a-b939-a1de1b8abf6c,US,NA,NA,U.S. House,Morning Consult,NA,NA,rv,29255,2026-05-18,2026-05-24,NA,general,https://intel.morningconsult.com/mc-content/trackers/2026-midterm-election-generic-ballot-polls,Generic Democrat,45.52,Generic Republican,42.3,3.220000000000006,FALSE
f19bc848-c028-42e8-b0ee-948f5aefb1a0,a9356af8-c3b9-4812-bf5d-17ea397c2540,US,NA,NA,U.S. House,Emerson College,NA,NA,lv,1000,2026-05-24,2026-05-25,NA,general,https://emersoncollegepolling.com/may-2026-national-poll/,Generic Democrat,49.8,Generic Republican,41.3,8.5,FALSE
2a1b177b-36b9-42bd-9605-579c1580b6fd,310a1d92-a689-4f57-b701-0460e440c283,US,NA,NA,U.S. House,YouGov,Economist,NA,rv,1393,2026-05-22,2026-05-26,NA,general,https://d3nkl3psvxxpe9.cloudfront.net/documents/econTabReport_aWdgoE7.pdf,Generic Democrat,46,Generic Republican,41,5,FALSE
2a1b177b-36b9-42bd-9605-579c1580b6fd,84570265-fd5a-43b3-9b85-fd7fe6d8980b,US,NA,NA,U.S. House,YouGov,Economist,NA,a,1514,2026-05-22,2026-05-26,NA,general,https://d3nkl3psvxxpe9.cloudfront.net/documents/econTabReport_aWdgoE7.pdf,Generic Democrat,39,Generic Republican,33,6,FALSE
a55fdd39-ce44-4982-9334-2d6facc2d68d,72843ca6-a750-4ceb-8d7a-ad60b7ff4705,US,NA,NA,U.S. House,Marquette University Law School,NA,NA,lv,576,2026-05-20,2026-05-26,NA,general,https://law.marquette.edu/poll/2026/06/03/detailed-results-of-the-marquette-law-school-supreme-court-poll-may-20-26-2026-national-issues/,Generic Democrat,49,Generic Republican,48,1,FALSE
a55fdd39-ce44-4982-9334-2d6facc2d68d,953f6d8f-cb83-453a-a172-1147f04e8ae1,US,NA,NA,U.S. House,Marquette University Law School,NA,NA,a,1001,2026-05-20,2026-05-26,NA,general,https://law.marquette.edu/poll/2026/06/03/detailed-results-of-the-marquette-law-school-supreme-court-poll-may-20-26-2026-national-issues/,Generic Democrat,45,Generic Republican,41,4,FALSE
a55fdd39-ce44-4982-9334-2d6facc2d68d,ebdf4f67-cf16-4787-b7f1-4d9104257e43,US,NA,NA,U.S. House,Marquette University Law School,NA,NA,rv,779,2026-05-20,2026-05-26,NA,general,https://law.marquette.edu/poll/2026/06/03/detailed-results-of-the-marquette-law-school-supreme-court-poll-may-20-26-2026-national-issues/,Generic Democrat,46,Generic Republican,45,1,FALSE
eb59083a-9cf6-44d5-a5bb-7516f79cf2c7,24a8d308-e1b9-4069-bf67-ccd27701679d,US,NA,NA,U.S. House,Pennsylvania State University McCourtney Institute for Democracy/YouGov,NA,NA,rv,862,2026-05-19,2026-05-26,NA,general,https://democracy.psu.edu/poll-report-archive/fewer-than-four-in-ten-americans-think-president-trump-is-doing-a-good-job/,Generic Democrat,41,Generic Republican,37,4,FALSE
36447947-0178-4e70-bf2f-d570ae19d955,b3c43ceb-ee1f-4aef-a356-11a3e63b079d,US,NA,NA,U.S. House,Big Data Poll,NA,NA,lv,2784,2026-05-24,2026-05-27,NA,general,https://www.bigdatapoll.com/blog/democrats-expand-lead-in-april-as-voters-sour-further-on-the-iran-war/,Generic Democrat,51.4,Generic Republican,38.3,13.100000000000001,FALSE
36447947-0178-4e70-bf2f-d570ae19d955,fad67a4c-497a-4304-8ebb-eab8dedbc21b,US,NA,NA,U.S. House,Big Data Poll,NA,NA,rv,3121,2026-05-24,2026-05-27,NA,general,https://www.bigdatapoll.com/blog/democrats-expand-lead-in-april-as-voters-sour-further-on-the-iran-war/,Generic Democrat,49.5,Generic Republican,37.1,12.399999999999999,FALSE
325545ea-313e-4b65-9d80-e93ddec3be84,86d8c931-74f6-46e0-aed4-3b45f9ae7ba2,US,NA,NA,U.S. House,TIPP Insights,Issues & Insights,NA,rv,1332,2026-05-26,2026-05-28,NA,general,https://issuesinsights.com/2026/06/01/trumps-approval-ratings-remain-low-as-voters-fret-over-economy-inflation-ii-tipp-poll/,Generic Democrat,46,Generic Republican,41,5,FALSE
9247755b-23f8-4ddd-aa1a-09d3509afe9c,b7908975-6819-4e5d-afc2-0d8e9ce3a43d,US,NA,NA,U.S. House,Morning Consult,NA,NA,rv,NA,2026-05-25,2026-05-31,NA,general,https://pro-assets.morningconsult.com/wp-uploads/2026/06/MCPI-Midterm-Ballot_260622.html,Generic Democrat,45.4,Generic Republican,42.2,3.1999999999999957,FALSE
f6dd535a-b8a8-41c3-b9ba-85a9afdc4f12,80e4d43c-48e0-467d-bf4e-574c1089d34f,US,NA,NA,U.S. House,HarrisX/Harris Poll,Harvard CAPS,NA,rv,1725,2026-05-29,2026-05-31,NA,general,https://harvardharrispoll.com/key-results-may-2026/,Generic Democrat,51,Generic Republican,49,2,FALSE
cb3f6e18-e91f-4f85-94ce-b0b26824fc15,5a4f26c9-a260-4a53-b119-46ac6d707796,US,NA,NA,U.S. House,YouGov,Economist,NA,a,1603,2026-05-29,2026-06-01,NA,general,https://d3nkl3psvxxpe9.cloudfront.net/documents/econTabReport_AvLU7vY.pdf,Generic Democrat,41,Generic Republican,35,6,FALSE
cb3f6e18-e91f-4f85-94ce-b0b26824fc15,5e1eb67f-7546-4418-ba7c-c96cabdec567,US,NA,NA,U.S. House,YouGov,Economist,NA,rv,1452,2026-05-29,2026-06-01,NA,general,https://d3nkl3psvxxpe9.cloudfront.net/documents/econTabReport_AvLU7vY.pdf,Generic Democrat,46,Generic Republican,42,4,FALSE
e41c2b74-840c-4895-836b-930ad74eb72e,d4a789b2-78f0-4ad2-bf7f-de90206e7d76,US,NA,NA,U.S. House,Focaldata,Financial Times,NA,a,1719,2026-05-29,2026-06-01,NA,general,https://www.focaldata.com/blog/trump-inflation-approval-crashes-to-record-low,Generic Democrat,45,Generic Republican,41.85,3.1499999999999986,FALSE
e41c2b74-840c-4895-836b-930ad74eb72e,fcf4f7a2-a513-4be7-9708-e11a19c6c904,US,NA,NA,U.S. House,Focaldata,Financial Times,NA,rv,1537,2026-05-29,2026-06-01,NA,general,https://www.focaldata.com/blog/trump-inflation-approval-crashes-to-record-low,Generic Democrat,47.6,Generic Republican,43.1,4.5,FALSE
3771ab26-5b93-48b8-b1d3-756661df8e7b,1b068922-cc54-4c96-9ae5-880423b71e9c,US,NA,NA,U.S. House,The Bullfinch Group,NA,NA,rv,1000,2026-05-29,2026-06-02,NA,general,https://www.thebullfinchgroup.com/post/public-release-of-bullfinch-q2-nationwide-survey-4,Generic Democrat,42,Generic Republican,36,6,FALSE
3771ab26-5b93-48b8-b1d3-756661df8e7b,eaa5a166-3ab2-43fd-a08d-4e0a397ebb7e,US,NA,NA,U.S. House,The Bullfinch Group,NA,NA,a,1200,2026-05-29,2026-06-02,NA,general,https://www.thebullfinchgroup.com/post/public-release-of-bullfinch-q2-nationwide-survey-4,Generic Democrat,41,Generic Republican,34,7,FALSE
5929aa14-237e-4d10-9e80-7bb21f17112e,635ae2c3-6aa0-4b7e-a9b6-4451c29cdabf,US,NA,NA,U.S. House,Quantus Insights,NA,NA,lv,894,2026-06-01,2026-06-02,NA,general,https://quantusinsights.org/f/quantus-insights-trump-underwater-democrats-hold-edge,Generic Democrat,47,Generic Republican,42.3,4.700000000000003,FALSE
6179f08d-6a5a-4791-8e6a-ff545a43270a,52775f28-98b4-4309-9010-4105e721123c,US,NA,NA,U.S. House,The Winston Group,Winning the Issues,REP,rv,1000,2026-05-30,2026-06-02,NA,general,https://www.winningtheissues.org/wp-content/uploads/2026/06/May-2026-Winning-the-Issues-Survey.pdf,Generic Democrat,48,Generic Republican,41,7,TRUE
a40da2e7-79c7-4f1a-acc1-bc1f87723d86,42a0b1a1-9fb9-4236-a2a7-e6eeff35dbe8,US,NA,NA,U.S. House,The Argument/Verasight,NA,NA,rv,3008,2026-05-29,2026-06-03,NA,general,https://www.theargumentmag.com/p/the-biggest-issue-in-american-politics,Generic Democrat,53,Generic Republican,47,6,FALSE
a78f8d75-e4bb-4aea-89cc-43bbb5f492e4,785b0ef2-ec0c-4745-a815-214d75dff9d0,US,NA,NA,U.S. House,Cygnal Political,NA,NA,lv,1500,2026-06-02,2026-06-03,NA,general,https://www.cygn.al/news/poll-independents-arent-who-you-think-they-are-the-left-americas-250-and-who-trump-has-lost-since-the-inauguration/,Generic Democrat,49,Generic Republican,44,5,FALSE
ba264d09-4542-45d2-a0cc-bf8018832ce6,39979bb1-04a3-4d8f-9819-5800c32a4baf,US,NA,NA,U.S. House,Noble Predictive Insights,Center Square,NA,rv,2585,2026-06-01,2026-06-04,NA,general,https://www.thecentersquare.com/polls/,Generic Democrat,47,Generic Republican,41,6,FALSE
c64bf645-3304-4e15-bb8e-2750e96df073,a1d4d9de-7691-4d73-9b70-7931b3d76a81,US,NA,NA,U.S. House,RMG Research,Napolitan News Service,NA,rv,1000,2026-06-01,2026-06-04,NA,general,https://napolitannews.org/posts/generic-ballot-dem-49-percent-gop-45-dems-more-enthusiastic,Generic Democrat,49,Generic Republican,45,4,FALSE
ef691073-c0a3-412e-bcd2-363e6f670738,26a4e0de-fd4f-44a1-a559-53c77945e3da,US,NA,NA,U.S. House,Clarity Campaign Labs,NA,NA,lv,1045,2026-05-28,2026-06-05,NA,general,https://www.claritycampaigns.com/clarity-omnibus-2026-may,Generic Democrat,48,Generic Republican,45,3,FALSE
3b2c4258-7060-47e6-8091-697e925a3733,22737820-1840-49c9-952d-451102b75948,US,NA,NA,U.S. House,Research Co.,NA,NA,a,1001,2026-06-04,2026-06-06,NA,general,https://researchco.ca/2026/06/15/uspoli-june2026/,Generic Democrat,38,Generic Republican,33,5,FALSE
36aa5035-2c32-44cd-b4e0-e73a889d441c,4db0f545-22aa-4a46-999b-8a8e47ead69b,US,NA,NA,U.S. House,Morning Consult,NA,NA,rv,29264,2026-06-01,2026-06-07,NA,general,https://pro-assets.morningconsult.com/wp-uploads/2026/06/MCPI-Midterm-Ballot_260622.html,Generic Democrat,45.77,Generic Republican,41.89,3.8800000000000026,FALSE
976e1601-6592-47ac-8f88-4e6ad74c43d8,32788bec-4a58-46f5-afdc-46b2cdd2bd79,US,NA,NA,U.S. House,Hart Research Associates/Public Opinion Strategies,More Perfect | NBC News,NA,rv,2400,2026-05-29,2026-06-07,NA,general,https://www.nbcnews.com/politics/2026-election/poll-democrats-maintain-edge-fight-congress-trump-gets-poor-marks-rcna348913,Generic Democrat,49,Generic Republican,44,5,FALSE
faeb3c02-3d63-458b-ab3f-ac3c69724f37,16416504-a942-4a6e-83f7-d291368ca239,US,NA,NA,U.S. House,HarrisX,Forbes,NA,rv,NA,2026-05-20,2026-06-07,NA,general,https://www.harrisx.com/content/forbes-harrisx-american-confidence-tracker-june-2026,Generic Democrat,44,Generic Republican,43,1,FALSE
faeb3c02-3d63-458b-ab3f-ac3c69724f37,b8078d8a-f84e-4f45-9187-d53c8455c2b4,US,NA,NA,U.S. House,HarrisX,Forbes,NA,a,2010,2026-05-20,2026-06-07,NA,general,https://www.harrisx.com/content/forbes-harrisx-american-confidence-tracker-june-2026,Generic Democrat,43,Generic Republican,42,1,FALSE
faeb3c02-3d63-458b-ab3f-ac3c69724f37,cfe416c8-e597-4df4-95da-4efcc6086a01,US,NA,NA,U.S. House,HarrisX,Forbes,NA,lv,NA,2026-05-20,2026-06-07,NA,general,https://www.harrisx.com/content/forbes-harrisx-american-confidence-tracker-june-2026,Generic Democrat,46,Generic Republican,45,1,FALSE
01fc3b6c-ab55-492a-aa5d-7950b7f481f6,99741981-c638-4ad9-8b8d-4bf7f151901a,US,NA,NA,U.S. House,Ipsos,Reuters,NA,rv,3578,2026-06-03,2026-06-08,NA,general,https://www.reuters.com/data/trumps-approval-rating-2025-01-21/,Generic Democrat,41,Generic Republican,37,4,FALSE
2b22aa56-00f0-4473-b434-7bd1fa007470,cf876603-3a96-48c0-aa66-f4028442ae10,US,NA,NA,U.S. House,Emerson College,NA,NA,lv,1200,2026-06-07,2026-06-08,NA,general,https://emersoncollegepolling.com/june-2026/,Generic Democrat,50.28,Generic Republican,39.48,10.800000000000004,FALSE
fbca035d-5428-45ad-be51-2eb6a7d602ce,63d0eb72-7f0e-4785-93f7-31fde6579875,US,NA,NA,U.S. House,YouGov,Economist,NA,rv,1437,2026-06-05,2026-06-08,NA,general,https://d3nkl3psvxxpe9.cloudfront.net/documents/econTabReport_nvajahp.pdf,Generic Democrat,45,Generic Republican,41,4,FALSE
fbca035d-5428-45ad-be51-2eb6a7d602ce,d3a85182-9077-4c12-bc3c-5f243c8ea2e4,US,NA,NA,U.S. House,YouGov,Economist,NA,a,1567,2026-06-05,2026-06-08,NA,general,https://d3nkl3psvxxpe9.cloudfront.net/documents/econTabReport_nvajahp.pdf,Generic Democrat,37,Generic Republican,33,4,FALSE
43c345d3-606b-4fd6-b5ef-44b35e2fa7cc,a3619cda-51ef-4cb2-8021-02adb97aa707,US,NA,NA,U.S. House,Morning Consult,NA,NA,rv,NA,2026-06-08,2026-06-14,NA,general,https://pro-assets.morningconsult.com/wp-uploads/2026/06/MCPI-Midterm-Ballot_260622.html,Generic Democrat,45.8,Generic Republican,41.9,3.8999999999999986,FALSE
8153bc7a-8b87-46bd-8953-829c6fc843a1,a6893e20-8711-4323-979a-8421b7ba6d6c,US,NA,NA,U.S. House,Echelon Insights,NA,NA,lv,1012,2026-06-11,2026-06-14,NA,general,https://echeloninsights.com/insights/june-2026-verified-voter-omnibus,Generic Democrat,50,Generic Republican,44,6,FALSE
1835aca0-9320-41c4-9cb1-69491adf746a,dcb7fef3-6059-4e53-81d4-ea176a6fe0f6,US,NA,NA,U.S. House,Ipsos,Reuters,NA,rv,1195,2026-06-12,2026-06-15,NA,general,https://www.reuters.com/data/trumps-approval-rating-2025-01-21/,Generic Democrat,41,Generic Republican,38,3,FALSE
a342c2e1-9c7e-4a02-95f0-b23726545e6f,263a58a9-1dc1-48cb-a93e-ec5dbbb3f786,US,NA,NA,U.S. House,Marquette University Law School,NA,NA,lv,827,2026-06-09,2026-06-15,NA,general,https://law.marquette.edu/poll/2026/06/24/detailed-results-of-the-marquette-law-school-supreme-court-poll-july-9-15-2026/,Generic Democrat,53,Generic Republican,45,8,FALSE
a342c2e1-9c7e-4a02-95f0-b23726545e6f,407a7c5f-e09f-4929-80fd-0748d0d74d06,US,NA,NA,U.S. House,Marquette University Law School,NA,NA,a,1514,2026-06-09,2026-06-15,NA,general,https://law.marquette.edu/poll/2026/06/24/detailed-results-of-the-marquette-law-school-supreme-court-poll-july-9-15-2026/,Generic Democrat,44,Generic Republican,41,3,FALSE
a342c2e1-9c7e-4a02-95f0-b23726545e6f,a34e0375-5874-42ab-aee6-21b1224eee0d,US,NA,NA,U.S. House,Marquette University Law School,NA,NA,rv,1166,2026-06-09,2026-06-15,NA,general,https://law.marquette.edu/poll/2026/06/24/detailed-results-of-the-marquette-law-school-supreme-court-poll-july-9-15-2026/,Generic Democrat,47,Generic Republican,45,2,FALSE
b75a691e-be26-4815-9a5a-74f3d2e94b05,756b9c67-e79d-43e8-8c9c-d1530229ea08,US,NA,NA,U.S. House,YouGov,Economist,NA,rv,1402,2026-06-13,2026-06-15,NA,general,https://d3nkl3psvxxpe9.cloudfront.net/documents/econTabReport_GpnDRNm.pdf,Generic Democrat,46,Generic Republican,44,2,FALSE
b75a691e-be26-4815-9a5a-74f3d2e94b05,d84ee22f-8439-4fcc-9b64-8c91d6642cb3,US,NA,NA,U.S. House,YouGov,Economist,NA,a,1547,2026-06-13,2026-06-15,NA,general,https://d3nkl3psvxxpe9.cloudfront.net/documents/econTabReport_GpnDRNm.pdf,Generic Democrat,39,Generic Republican,36,3,FALSE
9e9b2c3c-cb48-4d3c-b6f9-a7e31498c334,bc87de1a-cce7-4d52-a166-2ba78e34a579,US,NA,NA,U.S. House,The Bullfinch Group,Independent Center,NA,a,1200,2026-06-12,2026-06-16,NA,general,https://independentcentervoice.com/insights/the-local-antidote-how-stepping-away-from-national-screens-unites-americans,Generic Democrat,43,Generic Republican,34,9,FALSE
9e9b2c3c-cb48-4d3c-b6f9-a7e31498c334,cd56a5ea-bff8-47ec-916a-062367a22379,US,NA,NA,U.S. House,The Bullfinch Group,Independent Center,NA,rv,1000,2026-06-12,2026-06-16,NA,general,https://independentcentervoice.com/insights/the-local-antidote-how-stepping-away-from-national-screens-unites-americans,Generic Democrat,44,Generic Republican,36,8,FALSE
618674c2-f716-4e88-962e-3c5cdf57c6dd,3128cda1-e304-4531-9104-298c29c5ff07,US,NA,NA,U.S. House,Quantus Insights,NA,NA,lv,1000,2026-06-16,2026-06-17,NA,general,https://quantusinsights.org/f/new-survey-trump-approval-lags-as-voters-weigh-2026-midterms,Generic Democrat,47,Generic Republican,43,4,FALSE
83cc7ba1-9b5e-4d9b-b1e5-6527d437b432,3254045e-a851-43c4-95fd-8300733bd6c7,US,NA,NA,U.S. House,Change Research,NA,NA,rv,1714,2026-06-10,2026-06-17,NA,general,https://portal.changeresearch.com/portal/projects/92fca10b-bc07-4b9c-9d7b-f281ec087a74,Generic Democrat,43,Generic Republican,38,5,FALSE
1ad11a15-6da5-430e-96d2-0776bdcc107e,cb0dee10-5d34-4e96-966f-b70e07f9a825,US,NA,NA,U.S. House,Morning Consult,NA,NA,rv,NA,2026-06-15,2026-06-21,NA,general,https://pro-assets.morningconsult.com/wp-uploads/2026/06/MCPI-Midterm-Ballot_260622.html,Generic Democrat,45.6,Generic Republican,42,3.6000000000000014,FALSE
77738bb8-2952-40f5-92bb-c5fcd0a44bad,6f25db47-845d-4051-962b-f086dd72808e,US,NA,NA,U.S. House,Data for Progress,NA,NA,lv,5809,2026-05-15,2026-06-21,NA,general,https://www.dataforprogress.org/blog/2026/7/9/midterms-swing-voter-report-1,Generic Democrat,51,Generic Republican,44,7,FALSE
2838b206-82eb-43fb-a4eb-6c55679dfc61,b5c9d8f3-2d4b-468f-928d-0aec969c2de3,US,NA,NA,U.S. House,Quinnipiac University,NA,NA,rv,1165,2026-06-18,2026-06-22,NA,general,https://poll.qu.edu/poll-release?releaseid=3961,Generic Democrat,49,Generic Republican,42,7,FALSE
68f1f63b-5bf9-4a16-8ed3-09c94d08c66a,09fe872f-31bb-4563-b1a1-87e61ebec15f,US,NA,NA,U.S. House,Morning Consult,NA,NA,rv,NA,2026-06-19,2026-06-22,NA,general,https://pro-assets.morningconsult.com/wp-uploads/2026/06/mcpi-weekly-update-260608.pdf,Generic Democrat,46,Generic Republican,42,4,FALSE
9f90d25c-5a5e-4c55-b601-9aa381aa24f2,6b5845b6-3e63-438d-b01c-86796b600f19,US,NA,NA,U.S. House,Verasight,Strength In Numbers,NA,rv,1896,2026-06-17,2026-06-22,NA,general,https://www.gelliottmorris.com/p/2026-06-24-june-strength-in-numbers-verasight-poll,Generic Democrat,50,Generic Republican,43,7,FALSE
9f90d25c-5a5e-4c55-b601-9aa381aa24f2,bd391c9e-bd74-4b80-949a-383b733be4f6,US,NA,NA,U.S. House,Verasight,Strength In Numbers,NA,a,2087,2026-06-17,2026-06-22,NA,general,https://www.gelliottmorris.com/p/2026-06-24-june-strength-in-numbers-verasight-poll,Generic Democrat,48,Generic Republican,42,6,FALSE
b885f8e6-1381-4236-bf2b-4167cacf1f7f,597ed7c1-c984-4308-888c-6bf651641601,US,NA,NA,U.S. House,YouGov,Economist,NA,rv,1517,2026-06-19,2026-06-22,NA,general,https://d3nkl3psvxxpe9.cloudfront.net/documents/econTabReport_v8p0Pe8.pdf,Generic Democrat,45,Generic Republican,43,2,FALSE
b885f8e6-1381-4236-bf2b-4167cacf1f7f,9503b2d7-4d88-479e-a7ec-e12b5be1b196,US,NA,NA,U.S. House,YouGov,Economist,NA,a,1679,2026-06-19,2026-06-22,NA,general,https://d3nkl3psvxxpe9.cloudfront.net/documents/econTabReport_v8p0Pe8.pdf,Generic Democrat,38,Generic Republican,35,3,FALSE
dcde297f-7438-4bc8-ae11-49d32ff525cf,4040c5d0-8056-486e-bf73-545976f3b1d4,US,NA,NA,U.S. House,Echelon Insights,NA,NA,lv,1003,2026-06-18,2026-06-22,NA,general,https://echeloninsights.com/insights/june-2026-america-250-verified-voter-omnibus,Generic Democrat,51,Generic Republican,45,6,FALSE
e561020e-2a81-4376-85f9-60de2a56c6f7,6d7c1dba-227a-4f51-b33e-d4e5dd6973af,US,NA,NA,U.S. House,Ipsos,Reuters,NA,a,1262,2026-06-18,2026-06-22,NA,general,https://www.ipsos.com/en-us/reutersipsos-june-2026-poll,Generic Democrat,35,Generic Republican,31,4,FALSE
e561020e-2a81-4376-85f9-60de2a56c6f7,a878dff0-edf7-49b6-b78d-e8d03e1b8a8d,US,NA,NA,U.S. House,Ipsos,Reuters,NA,rv,978,2026-06-18,2026-06-22,NA,general,https://www.ipsos.com/en-us/reutersipsos-june-2026-poll,Generic Democrat,41,Generic Republican,36,5,FALSE
4d10113c-2453-43b5-890c-2c0a7af59813,2c7e450a-6085-4e8a-8744-bc54ccb3cbe3,US,NA,NA,U.S. House,McLaughlin & Associates,NA,NA,lv,1000,2026-06-17,2026-06-23,NA,general,https://mclaughlinonline.com/pols/wp-content/uploads/2026/06/National-June-Presentation-RELEASE-June-2026.pdf,Generic Democrat,46,Generic Republican,43,3,FALSE
83ffaccc-6649-4287-8b3a-f7ee5a63d72c,16061bdd-51fc-4f07-aea3-4a4731eb97be,US,NA,NA,U.S. House,J.L. Partners,DailyMail.com,NA,lv,625,2026-06-24,2026-06-26,NA,general,https://www.dailymail.com/news/article-15945873/The-scorching-midterm-election-poll-shows-blue-wave-cresting-Republicans.html?ico=authors_pagination_desktop,Generic Democrat,49.88,Generic Republican,42.36,7.520000000000003,FALSE
db4245b1-6c8e-4c47-9cc2-464db9d41e82,b7c6cc06-9e6d-46b9-811d-40425b856a1c,US,NA,NA,U.S. House,Morning Consult,CATO Institute,NA,rv,1797,2026-06-25,2026-06-26,NA,general,https://www.cato.org/blog/new-poll-nearly-half-americans-dont-know-what-americas-250th-celebrating,Generic Democrat,45,Generic Republican,39,6,FALSE
3211f4cc-a5d0-439c-914c-cec53362aee3,0d463e46-9b64-4274-90ae-25f5eb6514d3,US,NA,NA,U.S. House,Morning Consult,NA,NA,rv,NA,2026-06-22,2026-06-28,NA,general,https://pro-assets.morningconsult.com/wp-uploads/2026/07/MCPI-Midterm-Ballot_260701.html,Generic Democrat,46,Generic Republican,42,4,FALSE
5d512e47-f068-4a58-946e-ad7334f3f1c4,31cfa14c-9dba-46dc-94fd-2f2832339144,US,NA,NA,U.S. House,Big Data Poll,Public Polling Project,NA,lv,2604,2026-06-26,2026-06-28,NA,general,https://www.bigdatapoll.com/blog/trump-bump-voters-overwhelmingly-support-iran-peace-deal/,Generic Democrat,50.2,Generic Republican,41,9.200000000000003,FALSE
5d512e47-f068-4a58-946e-ad7334f3f1c4,8fdda73d-0d05-4929-9604-2480f859cf1c,US,NA,NA,U.S. House,Big Data Poll,Public Polling Project,NA,rv,2971,2026-06-26,2026-06-28,NA,general,https://www.bigdatapoll.com/blog/trump-bump-voters-overwhelmingly-support-iran-peace-deal/,Generic Democrat,47.4,Generic Republican,39,8.399999999999999,FALSE
89d935f2-57a3-49dc-8528-36471f71c565,88da3c2d-25b2-4c87-98d6-b02f6d3b4f08,US,NA,NA,U.S. House,ActiVote,NA,NA,lv,1000,2026-06-06,2026-06-28,NA,general,https://www.activote.net/democrats-with-solid-lead-in-generic-congressional-ballot/,Generic Democrat,52.6,Generic Republican,47.4,5.200000000000003,FALSE
b1b01e40-8f05-411e-8d80-593372fcb0d5,a6ea1ee6-05b1-4ece-b370-293b934254f3,US,NA,NA,U.S. House,AlphaROC,Independent Center,NA,a,1000,2026-06-27,2026-06-28,NA,general,https://independentcentervoice.com/insights/june-2026-national-survey-on-independent-candidates,Generic Democrat,43.1,Generic Republican,36.5,6.600000000000001,FALSE
d966e6b7-ae17-43a6-a65a-51087af888c8,dc2b9fe4-bc91-4595-b094-fb556733b162,US,NA,NA,U.S. House,Morning Consult,NA,NA,rv,2202,2026-06-26,2026-06-28,NA,general,https://static01.nyt.com/newsgraphics/documenttools/0b746fbc74687656/6dc6a1d1-full.pdf,Generic Democrat,46,Generic Republican,42,4,FALSE
7579e388-a95b-41c1-bc37-3c661ce1b459,729b6f39-0727-4ca4-9b9a-3582869b03f9,US,NA,NA,U.S. House,YouGov,Economist,NA,a,1603,2026-06-26,2026-06-29,NA,general,https://d3nkl3psvxxpe9.cloudfront.net/documents/econtoplines_VgzynQr.pdf,Generic Democrat,37,Generic Republican,35,2,FALSE
7579e388-a95b-41c1-bc37-3c661ce1b459,b8296f19-3273-429a-8d52-c8be4b834cdc,US,NA,NA,U.S. House,YouGov,Economist,NA,rv,1426,2026-06-26,2026-06-29,NA,general,https://d3nkl3psvxxpe9.cloudfront.net/documents/econtoplines_VgzynQr.pdf,Generic Democrat,45,Generic Republican,42,3,FALSE
32291ead-a846-4d07-aafb-c6a82fa6c499,e41a8552-27ba-46db-9ec2-2c26fe265ba5,US,NA,NA,U.S. House,Focaldata,Financial Times,NA,a,2016,2026-06-26,2026-06-30,NA,general,https://www.focaldata.com/blog/ossoffism-and-the-gops-elite-problem,Generic Democrat,47.19,Generic Republican,39.11,8.079999999999998,FALSE
32291ead-a846-4d07-aafb-c6a82fa6c499,e922ac84-5bd4-43d2-92a5-fa3e1e81e10a,US,NA,NA,U.S. House,Focaldata,Financial Times,NA,rv,1750,2026-06-26,2026-06-30,NA,general,https://www.focaldata.com/blog/ossoffism-and-the-gops-elite-problem,Generic Democrat,48.83,Generic Republican,42.03,6.799999999999997,FALSE
50d7739b-5bd1-44f1-a305-348e3b0db9b6,2c624e02-d84e-4047-95aa-369bdcf57a54,US,NA,NA,U.S. House,Cygnal Political,NA,NA,lv,1500,2026-06-30,2026-07-01,NA,general,https://www.cygn.al/polls/july-2026-national-voter-trends-nvt-poll/,Generic Democrat,49.9,Generic Republican,43.8,6.100000000000001,FALSE
f64d1fad-7635-4e0c-ad40-6a5df380df9f,bfb37408-2fe6-41a8-89f7-89efd53d9b98,US,NA,NA,U.S. House,Talker Research,Scripps News,NA,rv,2000,2026-06-25,2026-07-02,NA,general,https://www.scrippsnews.com/politics/scripps-news-poll-americans-excited-to-celebrate-july-4-but-divided-on-trumps-role,Generic Democrat,48,Generic Republican,39,9,FALSE
ac04339a-3d4b-4435-8ba1-1ba10bd97f7c,dcb046c3-e613-41fb-ba29-816f039acebe,US,NA,NA,U.S. House,Zogby Analytics,NA,NA,lv,1003,2026-07-01,2026-07-04,NA,general,https://zogbyanalytics.com/news/1243-the-zogby-poll-r-latest-likely-voter-survey-results-2,Generic Democrat,41.5,Generic Republican,36.4,5.100000000000001,FALSE
af685f0a-b395-41d1-b8af-41b68ee30fb0,4b3d8b46-1cd9-4352-ac33-33d1520930cd,US,NA,NA,U.S. House,Morning Consult,NA,NA,rv,30997,2026-06-29,2026-07-05,NA,general,https://pro-assets.morningconsult.com/wp-uploads/2026/07/MCPI-Midterm-Ballot_260706.html,Generic Democrat,45.4,Generic Republican,42.1,3.299999999999997,FALSE
110f1992-5382-49b2-ae40-5399740228cc,37591c8e-d91f-40cc-8d12-4d3c2fdf849d,US,NA,NA,U.S. House,Manhattan Institute,NA,NA,lv,1121,2026-07-01,2026-07-06,NA,general,https://manhattan.institute/article/american-attitudes-on-welfare-waste-crime-and-the-political-environment,Generic Democrat,47,Generic Republican,43,4,FALSE
880511af-712e-4b51-b0ac-be52dc7b401d,673ad55b-2fdf-48c1-87ce-d5aeebf99228,US,NA,NA,U.S. House,YouGov,Economist,NA,a,1602,2026-07-03,2026-07-06,NA,general,https://d3nkl3psvxxpe9.cloudfront.net/documents/econtoplines_f88vx3u.pdf,Generic Democrat,39,Generic Republican,35,4,FALSE
880511af-712e-4b51-b0ac-be52dc7b401d,ba1957ef-9604-472c-81b9-948021740dfe,US,NA,NA,U.S. House,YouGov,Economist,NA,rv,1442,2026-07-03,2026-07-06,NA,general,https://d3nkl3psvxxpe9.cloudfront.net/documents/econtoplines_f88vx3u.pdf,Generic Democrat,46,Generic Republican,43,3,FALSE
f57c011e-722b-448b-b9c6-51003312c192,eaab9cd2-69c3-4586-8d02-8abd2797ac85,US,NA,NA,U.S. House,Quantus Insights,NA,NA,lv,1140,2026-07-03,2026-07-07,NA,general,https://quantusinsights.org/f/trump-approval-and-wrong-track-majority-gives-democrats-2026-edge,Generic Democrat,47.1,Generic Republican,42.3,4.800000000000004,FALSE
55ae8e6e-0c8d-43ef-af35-bd0db4dd93eb,5bc83ad7-e1b3-4bb4-83f6-490033c891b0,US,NA,NA,U.S. House,HarrisX,2Way,NA,rv,1019,2026-07-09,2026-07-10,NA,general,https://www.harrisx.com/content/july-2026-nato-summit-survey-findings-crosstabs,Generic Democrat,52,Generic Republican,48,4,FALSE
3eb86f5c-3c7c-4f55-8102-32b5983623c5,5da9797e-313a-4c07-bc69-ee9045484393,US,NA,NA,U.S. House,Pew Research Center,NA,NA,rv,2779,2026-07-06,2026-07-12,NA,general,https://www.pewresearch.org/politics/2026/07/23/as-the-2026-midterms-approach-economy-is-front-and-center/,Generic Democrat,43,Generic Republican,37,6,FALSE
486cb026-f522-454c-9b82-a361f1d3aa13,7cf10d96-f2a5-4352-9ded-851223ac5f74,US,NA,NA,U.S. House,Hart Research Associates/Public Opinion Strategies,CNBC,NA,rv,1000,2026-07-08,2026-07-12,NA,general,https://www.cnbc.com/2026/07/17/democratic-socialists-top-maga-candidates-all-america-poll.html,Generic Democrat,49,Generic Republican,45,4,FALSE
89db3800-7a4f-46b8-b4c8-cb50686cb881,e8c28221-2d91-4344-b6ee-f2feafb24a92,US,NA,NA,U.S. House,Morning Consult,NA,NA,rv,30858,2026-07-06,2026-07-12,NA,general,https://intel.morningconsult.com/mc-content/trackers/donald-trump-congress-policy-republicans-polling,Generic Democrat,45.5,Generic Republican,42.8,2.700000000000003,FALSE
efa2e429-3aba-453c-a965-4659e5797aa7,dbd91bd2-6fa9-43ab-b479-66b67d73841b,US,NA,NA,U.S. House,HarrisX/Harris Poll,Harvard CAPS,NA,rv,1776,2026-07-11,2026-07-12,NA,general,https://harvardharrispoll.com/wp-content/uploads/2026/07/HHP_Jul2026_KeyResults.pdf,Generic Democrat,50,Generic Republican,50,0,FALSE
efa2e429-3aba-453c-a965-4659e5797aa7,e775eb73-c6d2-41ed-b778-dcd486706cb1,US,NA,NA,U.S. House,HarrisX/Harris Poll,Harvard CAPS,NA,lv,NA,2026-07-11,2026-07-12,NA,general,https://harvardharrispoll.com/wp-content/uploads/2026/07/HHP_Jul2026_KeyResults.pdf,Generic Democrat,51,Generic Republican,49,2,FALSE
52edf3f4-06bc-4cc9-9ebc-453d40ba13ed,f0218954-9677-491f-b81d-2f1da2e528a5,US,NA,NA,U.S. House,Ipsos,The Washington Post,NA,rv,2092,2026-07-08,2026-07-13,NA,general,https://www.washingtonpost.com/politics/2026/07/16/trump-approval-stuck-30s-post-ipsos-poll-shows/,Generic Democrat,48,Generic Republican,45,3,FALSE
8d2ddca8-34e9-47ef-a20e-48e5c6dbd116,20b54264-b3da-4857-bea0-689536ba9e2c,US,NA,NA,U.S. House,Morning Consult,NA,NA,rv,NA,2026-07-10,2026-07-13,NA,general,https://static01.nyt.com/newsgraphics/documenttools/f824aabe25a96423/7a0de3a9-full.pdf,Generic Democrat,46,Generic Republican,43,3,FALSE
8ec97c0d-425f-418d-b15f-547fb02b6ae4,ea8d993c-72db-48f3-aea9-33051b3052d4,US,NA,NA,U.S. House,Echelon Insights,NA,NA,lv,1004,2026-07-09,2026-07-13,NA,general,https://echeloninsights.com/insights/july-2026-verified-voter-omnibus-1,Generic Democrat,50,Generic Republican,44,6,FALSE
ab36b29a-329c-42ce-b57b-50905587be66,0b98e1c7-22e0-4152-bab1-d2e8cd20bb2f,US,NA,NA,U.S. House,YouGov,Economist,NA,a,1612,2026-07-10,2026-07-13,NA,general,https://d3nkl3psvxxpe9.cloudfront.net/documents/econtoplines_2CLnlus.pdf,Generic Democrat,39,Generic Republican,35,4,FALSE
ab36b29a-329c-42ce-b57b-50905587be66,a46e35bf-a97a-4a35-bb85-67dfe7538f46,US,NA,NA,U.S. House,YouGov,Economist,NA,rv,1447,2026-07-10,2026-07-13,NA,general,https://d3nkl3psvxxpe9.cloudfront.net/documents/econtoplines_2CLnlus.pdf,Generic Democrat,46,Generic Republican,42,4,FALSE
2e580020-330b-46b8-b32f-c598724b5310,1c8ae781-2a3d-44e5-81a7-1671351ce98e,US,NA,NA,U.S. House,AlphaROC,Independent Center,NA,a,1000,2026-07-13,2026-07-14,NA,general,https://independentcentervoice.com/insights/republicans-move-sharply-toward-independents-and-the-overall-market-holds,Generic Democrat,42.1,Generic Republican,37.3,4.800000000000004,FALSE
4b842aa9-c754-46ce-8342-3c1145e0114c,cb122f1a-c20f-4878-9da1-893a9a3e4529,US,NA,NA,U.S. House,RMG Research,Napolitan News Service,NA,rv,1000,2026-07-13,2026-07-14,NA,general,https://napolitannews.org/posts/generic-ballot-dem-47-percent-gop-45-dems-still-have-healthy-enthusiasm-edge,Generic Democrat,47,Generic Republican,45,2,FALSE
87976305-5af5-443a-aa5c-ea1aa940c381,2beaa440-0294-4e8d-a131-14fe69ce41d0,US,NA,NA,U.S. House,Verasight,Strength In Numbers,NA,a,1514,2026-07-14,2026-07-17,NA,general,https://www.gelliottmorris.com/p/2026-07-21-july-strength-in-numbers-verasight-poll,Generic Democrat,48,Generic Republican,42,6,FALSE
87976305-5af5-443a-aa5c-ea1aa940c381,63984bab-6ad8-425c-ba20-f2c31d23dbf7,US,NA,NA,U.S. House,Verasight,Strength In Numbers,NA,rv,1364,2026-07-14,2026-07-17,NA,general,https://www.gelliottmorris.com/p/2026-07-21-july-strength-in-numbers-verasight-poll,Generic Democrat,50,Generic Republican,43,7,FALSE
c76bd7fe-986b-4e7a-b811-cd288423ea14,48903883-0a06-4b0c-97fc-bda6a71589f2,US,NA,NA,U.S. House,Survey 160,NA,NA,rv,1518,2026-07-14,2026-07-17,NA,general,https://www.survey160.com/methodological-research-blog/july-2026-survey-160-tracking-poll,Generic Democrat,48,Generic Republican,38,10,FALSE
f76ef88f-105f-40c6-9a0f-d5c1cd626626,da411f43-17ea-4cbe-b02e-bba2e5f00745,US,NA,NA,U.S. House,Change Research,NA,NA,rv,2006,2026-07-13,2026-07-17,NA,general,https://portal.changeresearch.com/portal/projects/0bc92362-5cbd-4cb3-9ec4-8690c0780aad,Generic Democrat,46,Generic Republican,38,8,FALSE
2fd2071b-c4f8-42bf-ade9-d2f3d6855799,b313bbf0-375c-4ddc-8b17-7821ef1535e9,US,NA,NA,U.S. House,Morning Consult,NA,NA,rv,30070,2026-07-13,2026-07-19,NA,general,https://intel.morningconsult.com/mc-content/trackers/donald-trump-congress-policy-republicans-polling,Generic Democrat,45.7,Generic Republican,42.7,3,FALSE
2a0ba662-5fe7-4a28-9132-270ca98e77b6,68b5b631-3a25-4539-abad-2cd6f7059ffb,US,NA,NA,U.S. House,J.L. Partners,DailyMail.com,NA,lv,626,2026-07-17,2026-07-20,NA,general,https://www.dailymail.com/news/us-politics/article-15991575/americans-brutal-verdict-trump-iran-war.html,Generic Democrat,50.04,Generic Republican,40.58,9.46,FALSE
2b8c308e-6111-4781-a376-93a8c23cc43f,1167daf4-7f22-4527-a869-14ccfb438ee4,US,NA,NA,U.S. House,YouGov,Economist,NA,rv,1432,2026-07-17,2026-07-20,NA,general,https://d3nkl3psvxxpe9.cloudfront.net/documents/econtoplines_hNrRRkV.pdf,Generic Democrat,46,Generic Republican,41,5,FALSE
2b8c308e-6111-4781-a376-93a8c23cc43f,3cefb222-b56a-4057-90ce-c444d97f8fa3,US,NA,NA,U.S. House,YouGov,Economist,NA,a,1602,2026-07-17,2026-07-20,NA,general,https://d3nkl3psvxxpe9.cloudfront.net/documents/econtoplines_hNrRRkV.pdf,Generic Democrat,39,Generic Republican,33,6,FALSE
6266a2e5-7cea-4ade-b05f-3ba9bf4d34a5,7a9d04f0-630d-4f67-9d0c-a426acebd680,US,NA,NA,U.S. House,Emerson College,NA,NA,lv,1100,2026-07-19,2026-07-20,NA,general,https://emersoncollegepolling.com/july-2026-national-poll-democrats-with-11-point-generic-ballot-advantage/,Generic Democrat,52.9,Generic Republican,41.5,11.399999999999999,FALSE
aefe0455-e8af-46a9-baf9-8645d35e57a3,0959f6c6-f04b-446b-ad01-c729d79078cf,US,NA,NA,U.S. House,Beacon Research/Shaw & Company Research,Fox News,NA,rv,1003,2026-07-17,2026-07-20,NA,general,https://www.foxnews.com/politics/fox-news-poll-voters-want-major-change-amid-economic-political-discontent,Generic Democrat,53,Generic Republican,46,7,FALSE
b86ae490-dc17-42b4-9dc6-3c7fce42c4b7,7e7eb9a7-4613-4b14-86db-ca53a4f0e907,US,NA,NA,U.S. House,GBAO,Third Way,DEM,rv,1000,2026-07-15,2026-07-20,NA,general,https://www.thirdway.org/polling/proceed-with-caution-what-voters-want-from-technology-regulation,Generic Democrat,46,Generic Republican,38,8,TRUE
e949d9a6-0c1e-4b33-896c-ce82b6390a9c,9b932c6a-eaef-4b11-af91-2eff8acf53cb,US,NA,NA,U.S. House,Focaldata,NA,NA,a,2064,2026-07-14,2026-07-20,NA,general,https://www.focaldata.com/blog/focaldata---coinbase---clarity-act-and-crypto-attitudes-poll---july-2026,Generic Democrat,44.28,Generic Republican,35.61,8.670000000000002,FALSE
770fa4c9-06c6-4d91-9789-b9dbc95b8754,d13997d0-b5ca-44db-ad04-d66a3abc9914,US,NA,NA,U.S. House,McLaughlin & Associates,NA,NA,lv,1000,2026-07-15,2026-07-21,NA,general,https://mclaughlinonline.com/pols/wp-content/uploads/2026/07/National-July-Presentation-RELEASE-7-22-26.pdf,Generic Democrat,46,Generic Republican,44,2,FALSE
418002ed-5744-427a-ae23-e3d206217f3a,82f75752-f68a-4d1c-83a5-efd7e27e1f0e,US,NA,NA,U.S. House,Clarity Campaign Labs,NA,NA,lv,1000,2026-07-17,2026-07-22,NA,general,https://www.claritycampaigns.com/clarity-omnibus-2026-july,Generic Democrat,52,Generic Republican,42,10,FALSE
b144d381-9ebb-4a6d-9b5a-fd402a0168f5,988f2d52-5d33-424d-b074-3e7e9eaee56e,US,NA,NA,U.S. House,YouGov,CBS News,NA,rv,1474,2026-07-22,2026-07-24,NA,general,https://www.cbsnews.com/news/iran-conflict-trump-opinion-poll/,Generic Democrat,47,Generic Republican,40,7,FALSE
1cc6259e-7236-400e-bc61-5daf111729f4,0eb211da-0e65-4cb8-97a5-d6895730072b,US,NA,NA,U.S. House,Morning Consult,NA,NA,rv,30228,2026-07-20,2026-07-26,NA,general,https://pro-assets.morningconsult.com/wp-uploads/2026/07/MCPI-Midterm-Ballot_260727.html,Generic Democrat,45.7,Generic Republican,42.7,3,FALSE
274a68e8-e91c-4137-9372-01a7bd093148,f574ffac-e467-448e-a7c1-5237135a53be,US,NA,NA,U.S. House,Ipsos,Reuters,NA,rv,1003,2026-07-24,2026-07-26,NA,general,https://www.ipsos.com/en-us/americans-unimpressed-ideas-both-major-parties,Generic Democrat,40,Generic Republican,38,2,FALSE
274a68e8-e91c-4137-9372-01a7bd093148,fe9bebf4-020d-4f4e-8020-b108e705e359,US,NA,NA,U.S. House,Ipsos,Reuters,NA,a,1248,2026-07-24,2026-07-26,NA,general,https://www.ipsos.com/en-us/americans-unimpressed-ideas-both-major-parties,Generic Democrat,36,Generic Republican,32,4,FALSE
30def55a-a07b-439a-bbbc-176c4f7e87ba,6c89b035-5f4c-4c67-af8a-df38627c4425,US,NA,NA,U.S. House,The Argument/Verasight,NA,NA,rv,3000,2026-07-20,2026-07-26,NA,general,https://www.theargumentmag.com/p/americans-know-who-the-real-elite,Generic Democrat,54,Generic Republican,46,8,FALSE
b6094a48-fdbe-459a-8417-4a2c42ce81da,7cfc85ed-6d0b-41c9-9d1a-a73dde2a1caf,US,NA,NA,U.S. House,YouGov,Economist,NA,a,1557,2026-07-25,2026-07-27,NA,general,https://d3nkl3psvxxpe9.cloudfront.net/documents/econtoplines_JvOFu80.pdf,Generic Democrat,40,Generic Republican,34,6,FALSE
b6094a48-fdbe-459a-8417-4a2c42ce81da,a1f01652-84ee-4485-a1fc-b1b07550c1b7,US,NA,NA,U.S. House,YouGov,Economist,NA,rv,1405,2026-07-25,2026-07-27,NA,general,https://d3nkl3psvxxpe9.cloudfront.net/documents/econtoplines_JvOFu80.pdf,Generic Democrat,46,Generic Republican,42,4,FALSE
c1392e49-3fde-4f86-ad44-1dcb72565e36,c09e773a-2151-4316-93a8-9972dc279558,US,NA,NA,U.S. House,CNN/SSRS,NA,NA,rv,914,2026-07-23,2026-07-27,NA,general,https://www.cnn.com/2026/07/29/politics/cnn-poll-donald-trump-midterms-polls-iran-war,Generic Democrat,47,Generic Republican,39,8,FALSE
ca6cad95-4542-4438-8853-51650c6cf469,2ea746c2-9c44-43df-b88a-0d0952b915a8,US,NA,NA,U.S. House,Quinnipiac University,NA,NA,rv,963,2026-07-23,2026-07-27,NA,general,https://poll.qu.edu/poll-release?releaseid=3964,Generic Democrat,48,Generic Republican,41,7,FALSE
1b73ca0d-22f1-4768-abbe-6acf2b7cbef7,0fe2b81e-bb7d-4ae5-a458-e6d03ad5b8bf,US,NA,NA,U.S. House,Marquette University Law School,NA,NA,lv,573,2026-07-22,2026-07-29,NA,general,https://law.marquette.edu/poll/2026/08/04/new-marquette-law-school-poll-national-survey-finds-inflation-and-cost-of-living-the-most-important-issue-economy-next-most-important/,Generic Democrat,51,Generic Republican,45,6,FALSE
1b73ca0d-22f1-4768-abbe-6acf2b7cbef7,66a20f4f-5f14-48e6-b2fe-6970d270b37a,US,NA,NA,U.S. House,Marquette University Law School,NA,NA,a,1076,2026-07-22,2026-07-29,NA,general,https://law.marquette.edu/poll/2026/08/04/new-marquette-law-school-poll-national-survey-finds-inflation-and-cost-of-living-the-most-important-issue-economy-next-most-important/,Generic Democrat,45,Generic Republican,41,4,FALSE
1b73ca0d-22f1-4768-abbe-6acf2b7cbef7,c459970f-5d8d-48e9-ab16-b4fa52e8d14e,US,NA,NA,U.S. House,Marquette University Law School,NA,NA,rv,886,2026-07-22,2026-07-29,NA,general,https://law.marquette.edu/poll/2026/08/04/new-marquette-law-school-poll-national-survey-finds-inflation-and-cost-of-living-the-most-important-issue-economy-next-most-important/,Generic Democrat,46,Generic Republican,44,2,FALSE
94d16efc-d6bd-41a2-bcbe-49844120d06a,761d29d2-3fce-4482-a8f1-19bbd8ac26cd,US,NA,NA,U.S. House,Big Data Poll,Public Polling Project,NA,rv,2922,2026-07-27,2026-07-29,NA,general,https://www.bigdatapoll.com/blog/trumps-approval-hits-new-low-amid-iran-war-restart-higher-gas-prices/,Generic Democrat,48.7,Generic Republican,38.1,10.600000000000001,FALSE
94d16efc-d6bd-41a2-bcbe-49844120d06a,c1035a2a-607e-4994-88ca-92580d130260,US,NA,NA,U.S. House,Big Data Poll,Public Polling Project,NA,lv,2617,2026-07-27,2026-07-29,NA,general,https://www.bigdatapoll.com/blog/trumps-approval-hits-new-low-amid-iran-war-restart-higher-gas-prices/,Generic Democrat,50.4,Generic Republican,39.3,11.100000000000001,FALSE
52d105c1-61d2-4b07-96ee-5f52eca132f6,121027ba-3480-4f69-aedd-949f1457a8f1,US,NA,NA,U.S. House,Morning Consult,NA,NA,rv,29168,2026-07-27,2026-08-02,NA,general,https://intel.morningconsult.com/mc-content/trackers/donald-trump-congress-policy-republicans-polling,Generic Democrat,46.2,Generic Republican,42.1,4.100000000000001,FALSE
1da04893-2ded-4f57-9ba6-89469528e9a1,7fe26fff-b861-4fd9-8f20-b2839f6fd896,US,NA,NA,U.S. House,YouGov,Economist,NA,a,1607,2026-07-31,2026-08-03,NA,general,https://d3nkl3psvxxpe9.cloudfront.net/documents/econtoplines_qoDhaHx.pdf,Generic Democrat,41,Generic Republican,33,8,FALSE
1da04893-2ded-4f57-9ba6-89469528e9a1,c53ce453-09ce-4449-9ae9-ee7105e89d76,US,NA,NA,U.S. House,YouGov,Economist,NA,rv,1472,2026-07-31,2026-08-03,NA,general,https://d3nkl3psvxxpe9.cloudfront.net/documents/econtoplines_qoDhaHx.pdf,Generic Democrat,46,Generic Republican,42,4,FALSE
ab1010fe-7aee-4a78-b9e8-cb65530e774b,1f9b82c0-124e-416a-9f38-15a8ea5d572a,US,NA,NA,U.S. House,Ipsos,Reuters,NA,rv,3542,2026-07-29,2026-08-03,NA,general,https://www.reuters.com/data/trumps-approval-rating-2025-01-21/,Generic Democrat,42,Generic Republican,37,5,FALSE
ab1010fe-7aee-4a78-b9e8-cb65530e774b,ba892d02-2c5a-4937-870e-e7ec9f2b5e77,US,NA,NA,U.S. House,Ipsos,Reuters,NA,a,4505,2026-07-29,2026-08-03,NA,general,https://www.reuters.com/data/trumps-approval-rating-2025-01-21/,Generic Democrat,36,Generic Republican,30,6,FALSE
2bddfd27-6757-41fb-a9be-1897b6702315,d42eed94-7e15-47bb-a336-8d1d9b8a2336,US,NA,NA,U.S. House,Quantus Insights,NA,NA,lv,1048,2026-08-03,2026-08-04,NA,general,https://quantusinsights.org/f/latest-survey-democrats-hold-the-midterm-edge,Generic Democrat,49,Generic Republican,42.6,6.399999999999999,FALSE
addc6abf-fc9d-4978-8f97-bb8fe56fc53a,a75c4b8d-32b5-415d-b6cf-42743abd1ce1,US,NA,NA,U.S. House,RMG Research,Napolitan News Service,NA,rv,2000,2026-07-28,2026-08-04,NA,general,https://napolitannews.org/posts/dems-continue-to-lead-on-generic-ballot-strong-enthusiasm-edge,Generic Democrat,47,Generic Republican,45,2,FALSE
64a20197-47bd-4e33-98c7-63df76788c3c,1cac43da-04e7-47b3-8aa2-288d9ed83d0e,US,NA,NA,U.S. House,John Zogby Strategies,NA,NA,lv,921,2026-08-04,2026-08-05,NA,general,https://johnzogbystrategies.com/lowest-trump-approval-ratings-maga-numbers-spell-major-trouble-for-midterm-prospects/,Generic Democrat,50.6,Generic Republican,39.6,11,FALSE
9cf6d6d9-0dce-454d-a0f2-b5f2d873cfcb,a6843ba1-5b70-4f74-b742-2fe69edd070d,US,NA,NA,U.S. House,Cygnal,NA,NA,lv,1500,2026-08-06,2026-08-07,NA,general,https://www.cygn.al/wp-content/uploads/2026/08/24265-Cygnal-National-Aug26-NVT-Deck-Public.pdf,Generic Democrat,48.8,Generic Republican,41.9,6.899999999999999,FALSE
664bd286-f1ce-47a0-b469-953e96809723,5f6b6375-5523-4a64-86a7-cd2f57799e06,US,NA,NA,U.S. House,ActiVote,NA,NA,lv,1000,2026-07-29,2026-08-08,NA,general,https://www.activote.net/democrats-maintain-solid-lead-in-generic-congressional-ballot/,Generic Democrat,52.5,Generic Republican,47.5,5,FALSE
f7284078-442b-4a44-8cb5-27c54c06ff9a,bf1fc583-7ee3-48ac-895c-1f7ab6ad49f7,US,NA,NA,U.S. House,Morning Consult,NA,NA,rv,29719,2026-08-03,2026-08-09,NA,general,https://intel.morningconsult.com/mc-content/trackers/donald-trump-congress-policy-republicans-polling,Generic Democrat,46.5,Generic Republican,42.4,4.100000000000001,FALSE
0589b79b-bd21-4e79-b821-fe83eb4f8303,5bff2119-63dd-4556-8351-06493532dafc,US,NA,NA,U.S. House,YouGov,Economist,NA,rv,1419,2026-08-07,2026-08-10,NA,general,https://d3nkl3psvxxpe9.cloudfront.net/documents/econTabReport_pKJG0WT.pdf,Generic Democrat,46,Generic Republican,40,6,FALSE
0589b79b-bd21-4e79-b821-fe83eb4f8303,8a259a8e-434a-40c2-8160-9a9acb5a5a9f,US,NA,NA,U.S. House,YouGov,Economist,NA,a,1588,2026-08-07,2026-08-10,NA,general,https://d3nkl3psvxxpe9.cloudfront.net/documents/econTabReport_pKJG0WT.pdf,Generic Democrat,40,Generic Republican,32,8,FALSE
a4ee8103-b02c-445e-a0ba-f47104c1a15e,20456a3a-4473-4db6-80aa-9828390075cd,US,NA,NA,U.S. House,Focaldata,Financial Times,NA,a,2152,2026-08-07,2026-08-10,NA,general,https://www.ft.com/content/fd40a98d-2a7f-4246-a296-73e956bf03c0?syn-25a6b1a6=1,Generic Democrat,47.5,Generic Republican,41.13,6.3699999999999974,FALSE
a4ee8103-b02c-445e-a0ba-f47104c1a15e,92ecfca9-514b-4d42-91d3-aa9b6e118cb7,US,NA,NA,U.S. House,Focaldata,Financial Times,NA,rv,1913,2026-08-07,2026-08-10,NA,general,https://www.ft.com/content/fd40a98d-2a7f-4246-a296-73e956bf03c0?syn-25a6b1a6=1,Generic Democrat,48.8,Generic Republican,43.24,5.559999999999995,FALSE
a4ee8103-b02c-445e-a0ba-f47104c1a15e,c11eb7a9-96e6-4b7e-8068-2f5ba550aa13,US,NA,NA,U.S. House,Focaldata,Financial Times,NA,lv,1857,2026-08-07,2026-08-10,NA,general,https://www.ft.com/content/fd40a98d-2a7f-4246-a296-73e956bf03c0?syn-25a6b1a6=1,Generic Democrat,51.37,Generic Republican,45.26,6.109999999999999,FALSE
eda304ca-df4d-4157-8984-9010544844ac,600b5f96-f3e8-4f03-aadc-1ee74b1b51ba,US,NA,NA,U.S. House,AlphaROC,Independent Center,NA,a,1000,2026-08-08,2026-08-10,NA,general,https://independentcentervoice.com/insights/august-2026-national-survey-on-independent-candidates-and-the-2026-midterms-wave-3,Generic Democrat,41,Generic Republican,37.3,3.700000000000003,FALSE
21e33e35-5cd4-493d-910f-afb830edaa41,0a7cc457-7191-4c54-919a-5298795a9baa,US,NA,NA,U.S. House,Angus Reid Global,NA,NA,lv,1132,2026-08-08,2026-08-11,NA,general,https://angusreid.us/congressional-generic-ballot-democrats-lead-53-43/,Generic Democrat,47,Generic Republican,38,9,FALSE
21e33e35-5cd4-493d-910f-afb830edaa41,a1aefe7c-06ea-4fbb-bc57-e8bf341cb285,US,NA,NA,U.S. House,Angus Reid Global,NA,NA,a,1525,2026-08-08,2026-08-11,NA,general,https://angusreid.us/congressional-generic-ballot-democrats-lead-53-43/,Generic Democrat,45,Generic Republican,36,9,FALSE
a0181260-2ebc-4834-9df8-60c3b6d4d2fd,d87ce5b9-fa27-4724-a30a-f01d41b96733,US,NA,NA,U.S. House,Wave Polling and Research/Verasight,NA,NA,rv,1591,2026-08-07,2026-08-11,NA,general,https://wavepolling.com/results/2026-08-17-economic-costs-deportations/,Generic Democrat,50,Generic Republican,43,7,FALSE
6a05b258-e1e9-4443-a27f-ea89168894b7,7baf2921-ba21-4ab1-b439-cf3688eb7514,US,NA,NA,U.S. House,Noble Predictive Insights,Center Square,NA,rv,2533,2026-08-12,2026-08-16,NA,general,https://www.thecentersquare.com/polls/,Generic Democrat,47,Generic Republican,42,5,FALSE
6e69f10a-d295-4ba5-8805-0a9ed8e09b90,3a2f8790-a72b-44b6-9932-4e3ef6f32340,US,NA,NA,U.S. House,Morning Consult,NA,NA,rv,29685,2026-08-10,2026-08-16,NA,general,https://intel.morningconsult.com/mc-content/trackers/donald-trump-congress-policy-republicans-polling,Generic Democrat,46.2,Generic Republican,42.3,3.9000000000000057,FALSE
08d5ce20-c102-440e-b8a4-dbfe88c09d60,0d20508d-4ac2-49f0-a281-5003e3798b7b,US,NA,NA,U.S. House,The Bullfinch Group,NA,NA,rv,1000,2026-08-14,2026-08-17,NA,general,https://www.thebullfinchgroup.com/post/public-release-of-bullfinch-q3-nationwide-survey-4,Generic Democrat,42,Generic Republican,37,5,FALSE
08d5ce20-c102-440e-b8a4-dbfe88c09d60,e92b7171-f1bb-4118-852b-1a50aa43fce8,US,NA,NA,U.S. House,The Bullfinch Group,NA,NA,a,1200,2026-08-14,2026-08-17,NA,general,https://www.thebullfinchgroup.com/post/public-release-of-bullfinch-q3-nationwide-survey-4,Generic Democrat,40,Generic Republican,35,5,FALSE
15d4b925-e230-4a00-a133-bb432fcaf52f,77e997be-e17e-4b24-9136-7a2c0087dce0,US,NA,NA,U.S. House,Ipsos,Reuters,NA,rv,876,2026-08-14,2026-08-17,NA,general,https://www.reuters.com/data/trumps-approval-rating-2025-01-21/,Generic Democrat,41,Generic Republican,36,5,FALSE
15d4b925-e230-4a00-a133-bb432fcaf52f,d5c0d9c5-2f2d-4872-8dd7-29698adfd6f3,US,NA,NA,U.S. House,Ipsos,Reuters,NA,a,1166,2026-08-14,2026-08-17,NA,general,https://www.reuters.com/data/trumps-approval-rating-2025-01-21/,Generic Democrat,35,Generic Republican,30,5,FALSE
2a0b647a-2651-41f2-882b-752fefd9bf23,2a5a315c-3ae3-4ae4-b90a-0205f82a382d,US,NA,NA,U.S. House,Echelon Insights,NA,NA,lv,1004,2026-08-13,2026-08-17,NA,general,https://echeloninsights.com/insights/august-2026-verified-voter-omnibus,Generic Democrat,50,Generic Republican,44,6,FALSE
74fbeab8-c73a-4da3-a902-d32fcb8f7128,7f79bf3f-6813-41e2-954e-2e02bdd3921a,US,NA,NA,U.S. House,YouGov,Economist,NA,rv,1449,2026-08-14,2026-08-17,NA,general,https://d3nkl3psvxxpe9.cloudfront.net/documents/econTabReport_ZMy1Zxu.pdf,Generic Democrat,46,Generic Republican,39,7,FALSE
74fbeab8-c73a-4da3-a902-d32fcb8f7128,d4b4e283-fb77-495d-81ee-4de717bcd48d,US,NA,NA,U.S. House,YouGov,Economist,NA,a,1610,2026-08-14,2026-08-17,NA,general,https://d3nkl3psvxxpe9.cloudfront.net/documents/econTabReport_ZMy1Zxu.pdf,Generic Democrat,39,Generic Republican,32,7,FALSE
abf38c06-b2fc-41ef-9033-5b839250679d,2a9349d0-1673-4c6d-b3b5-4c5a58404aee,US,NA,NA,U.S. House,Emerson College,NA,NA,lv,1000,2026-08-16,2026-08-17,NA,general,https://emersoncollegepolling.com/august-2026-national-poll/,Generic Democrat,50.65,Generic Republican,43.04,7.609999999999999,FALSE
b2b93da5-eee9-40ae-bdab-711cdbcf7227,334e8ab3-b726-48d3-bf68-f88972b25080,US,NA,NA,U.S. House,Verasight,Strength In Numbers,NA,rv,1378,2026-08-14,2026-08-19,NA,general,https://www.gelliottmorris.com/p/2026-08-25-august-strength-in-numbers-verasight-poll-release,Generic Democrat,49,Generic Republican,43,6,FALSE
b2b93da5-eee9-40ae-bdab-711cdbcf7227,5120fa5a-1464-4d20-a624-2918059df107,US,NA,NA,U.S. House,Verasight,Strength In Numbers,NA,a,1514,2026-08-14,2026-08-19,NA,general,https://www.gelliottmorris.com/p/2026-08-25-august-strength-in-numbers-verasight-poll-release,Generic Democrat,48,Generic Republican,41,7,FALSE
6fbb0c62-41e7-4b41-8e30-90a24a66490f,5ba36c5d-0018-4f21-a3b7-def119f8ee83,US,NA,NA,U.S. House,YouGov,Economist,NA,a,1534,2026-08-21,2026-08-24,NA,general,https://d3nkl3psvxxpe9.cloudfront.net/documents/econtoplines_U8xI6DT.pdf,Generic Democrat,37,Generic Republican,31,6,FALSE
6fbb0c62-41e7-4b41-8e30-90a24a66490f,5f31e63a-e000-49f7-b745-d36a56491742,US,NA,NA,U.S. House,YouGov,Economist,NA,rv,1377,2026-08-21,2026-08-24,NA,general,https://d3nkl3psvxxpe9.cloudfront.net/documents/econtoplines_U8xI6DT.pdf,Generic Democrat,46,Generic Republican,40,6,FALSE
99a8641b-e146-4307-8603-bd6ff40c9539,16d77acb-69b6-455b-8ec8-e55a5f485be6,US,NA,NA,U.S. House,McLaughlin & Associates,NA,NA,lv,1000,2026-08-18,2026-08-24,NA,general,https://mclaughlinonline.com/pols/wp-content/uploads/2026/08/National-August-Presentation-RELEASE.pdf,Generic Democrat,48,Generic Republican,43,5,FALSE
9aac9395-3d5e-42a1-b931-ed6a46c8adf8,308424b0-c168-4c14-9ec3-0d5e9bfa6ae1,US,NA,NA,U.S. House,Ipsos,Reuters,NA,rv,951,2026-08-21,2026-08-24,NA,general,https://www.reuters.com/world/us/trumps-approval-holds-record-low-us-support-iran-war-falls-reuters-ipsos-poll-2026-08-24/,Generic Democrat,41,Generic Republican,35,6,FALSE
9aac9395-3d5e-42a1-b931-ed6a46c8adf8,f95b5d24-9c14-40ca-ae01-c9a32b406a11,US,NA,NA,U.S. House,Ipsos,Reuters,NA,a,1215,2026-08-21,2026-08-24,NA,general,https://www.reuters.com/world/us/trumps-approval-holds-record-low-us-support-iran-war-falls-reuters-ipsos-poll-2026-08-24/,Generic Democrat,35,Generic Republican,29,6,FALSE
c6487f1e-64b9-41a3-8090-7d3b63765785,46bf8124-e71f-4b50-a8a3-d49069e3774b,US,NA,NA,U.S. House,ActiVote,NA,NA,lv,1000,2026-08-10,2026-08-24,NA,general,https://www.activote.net/democratic-lead-narrows-in-generic-congressional-ballot/,Generic Democrat,51.7,Generic Republican,48.3,3.4000000000000057,FALSE
358cce1b-268b-497d-b000-a3fc05fa0a6b,7eedc757-df3b-4c8f-8666-fa603bb311c7,US,NA,NA,U.S. House,YouGov,UMass Amherst,NA,a,1000,2026-08-21,2026-08-26,NA,general,https://www.umass.edu/news/article/new-umass-amherst-poll-finds-over-two-thirds-americans-disapprove-president-trumps,Generic Democrat,42,Generic Republican,34,8,FALSE
db900712-2c04-4ae7-8979-17634807cfa0,0d69a799-f4f9-4417-a22b-6be4841314c1,US,NA,NA,U.S. House,Quantus Insights,NA,NA,lv,1200,2026-08-26,2026-08-28,NA,general,https://quantusinsights.org/polling/f/new-survey-democrats-hold-the-midterm-advantage,Generic Democrat,49.7,Generic Republican,42.8,6.900000000000006,FALSE
256a7e04-8eb4-4a86-8bd2-0d8cd0c7382f,5ead1823-8cf7-469a-b04d-0f01fe64b0e1,US,NA,NA,U.S. House,HarrisX/Harris Poll,Harvard CAPS,NA,lv,NA,2026-08-28,2026-08-30,NA,general,https://harvardharrispoll.com/assets/uploads/2026/08/HHP_Aug2026_KeyResults.pdf,Generic Democrat,49,Generic Republican,51,-2,FALSE
256a7e04-8eb4-4a86-8bd2-0d8cd0c7382f,a0ef9686-a5a2-403e-9f37-d1a747813ba1,US,NA,NA,U.S. House,HarrisX/Harris Poll,Harvard CAPS,NA,rv,2100,2026-08-28,2026-08-30,NA,general,https://harvardharrispoll.com/assets/uploads/2026/08/HHP_Aug2026_KeyResults.pdf,Generic Democrat,51,Generic Republican,49,2,FALSE
ee6eb3b0-28bf-40d3-ac0d-35db5c9a4c28,16a009cb-920c-4536-b40d-a254fc8860b2,US,NA,NA,U.S. House,Morning Consult,NA,NA,rv,28429,2026-08-24,2026-08-30,NA,general,https://intel.morningconsult.com/mc-content/trackers/donald-trump-congress-policy-republicans-polling,Generic Democrat,47.1,Generic Republican,42.3,4.800000000000004,FALSE
9419432a-40e8-451f-a818-9d4ad05108a6,016dbe50-2bdf-459f-bac1-f0397666344e,US,NA,NA,U.S. House,YouGov,Economist,NA,rv,1434,2026-08-28,2026-08-31,NA,general,https://d3nkl3psvxxpe9.cloudfront.net/documents/econtoplines_ZLmkpUi.pdf,Generic Democrat,46,Generic Republican,40,6,FALSE
9419432a-40e8-451f-a818-9d4ad05108a6,ed4a1e4d-8f7e-439d-81f2-6c6b08567a62,US,NA,NA,U.S. House,YouGov,Economist,NA,a,1589,2026-08-28,2026-08-31,NA,general,https://d3nkl3psvxxpe9.cloudfront.net/documents/econtoplines_ZLmkpUi.pdf,Generic Democrat,36,Generic Republican,31,5,FALSE
c2cda20d-2909-4d40-a7b5-9a692a45984c,3b5bc210-5842-4fce-857a-34b2ffb20857,US,NA,NA,U.S. House,Ipsos,Reuters,NA,a,1167,2026-08-28,2026-08-31,NA,general,https://www.ipsos.com/en-us/cost-living-remains-top-mind-voters-heading-2026-midterms,Generic Democrat,38,Generic Republican,31,7,FALSE
c2cda20d-2909-4d40-a7b5-9a692a45984c,9d756117-dc3a-4dde-b363-0996845a53bc,US,NA,NA,U.S. House,Ipsos,Reuters,NA,rv,924,2026-08-28,2026-08-31,NA,general,https://www.ipsos.com/en-us/cost-living-remains-top-mind-voters-heading-2026-midterms,Generic Democrat,43,Generic Republican,38,5,FALSE
228468b8-3336-48a4-90d2-25b9c190e0db,484f6e11-d167-4eae-be1e-ad95427bfa26,US,NA,NA,U.S. House,The Honest Poll,NA,NA,a,1106,2026-08-29,2026-09-01,NA,general,https://www.thehonestpoll.com/polls/national-tracking-september-2026-generic,Generic Democrat,48,Generic Republican,40,8,FALSE
228468b8-3336-48a4-90d2-25b9c190e0db,b76c9750-f3ae-48ee-bf32-32060f840a63,US,NA,NA,U.S. House,The Honest Poll,NA,NA,lv,783,2026-08-29,2026-09-01,NA,general,https://www.thehonestpoll.com/polls/national-tracking-september-2026-generic,Generic Democrat,53,Generic Republican,43,10,FALSE
228468b8-3336-48a4-90d2-25b9c190e0db,f79712e1-b9c4-41d5-a2b3-22093bb51d6d,US,NA,NA,U.S. House,The Honest Poll,NA,NA,rv,951,2026-08-29,2026-09-01,NA,general,https://www.thehonestpoll.com/polls/national-tracking-september-2026-generic,Generic Democrat,51,Generic Republican,41,10,FALSE
fcc7fb3e-8beb-4e00-b02d-c57be88ffa05,d186c2f2-c697-4898-81e1-c602aab9e477,US,NA,NA,U.S. House,Bowling Green State University Democracy and Public Policy Research Network/YouGov,NA,NA,lv,1200,2026-08-25,2026-09-01,NA,general,https://scholarworks.bgsu.edu/cgi/viewcontent.cgi?article=1024&context=depo,Generic Democrat,51,Generic Republican,44,7,FALSE
a9167e51-0a4a-4b3d-b8d2-bf89bbf8bf1e,8590e51e-6ee9-44d5-b095-650ea86c424d,US,NA,NA,U.S. House,Focaldata,Financial Times,NA,lv,1837,2026-08-28,2026-09-02,NA,general,https://www.ft.com/content/9bcce1fa-997e-49f2-9530-f1255e4cb28b,Generic Democrat,51.98,Generic Republican,44.92,7.059999999999995,FALSE
a9167e51-0a4a-4b3d-b8d2-bf89bbf8bf1e,bfeaa768-109b-4d03-97cc-8801b8e76f9a,US,NA,NA,U.S. House,Focaldata,Financial Times,NA,a,2180,2026-08-28,2026-09-02,NA,general,https://www.ft.com/content/9bcce1fa-997e-49f2-9530-f1255e4cb28b,Generic Democrat,46.33,Generic Republican,40.55,5.780000000000001,FALSE
a9167e51-0a4a-4b3d-b8d2-bf89bbf8bf1e,f4098ddb-1dab-4448-90a8-9e1226a41610,US,NA,NA,U.S. House,Focaldata,Financial Times,NA,rv,1914,2026-08-28,2026-09-02,NA,general,https://www.ft.com/content/9bcce1fa-997e-49f2-9530-f1255e4cb28b,Generic Democrat,48.72,Generic Republican,42.26,6.460000000000001,FALSE
c0f7f0e0-19bb-4cc7-90cc-2a9c0b4342c0,9bc5d260-4aa1-463e-841d-79321bca6708,US,NA,NA,U.S. House,Cygnal Political,NA,NA,lv,1500,2026-09-01,2026-09-02,NA,general,https://www.cygn.al/polls/september-2026-national-voter-trends-nvt-poll/,Generic Democrat,50.7,Generic Republican,42.1,8.600000000000001,FALSE
0133d0d9-9019-49b5-a3a1-32250af68116,ab25315d-4011-4b3c-ad93-06b523ece3b6,US,NA,NA,U.S. House,Morning Consult,NA,NA,rv,29427,2026-08-31,2026-09-06,NA,general,https://intel.morningconsult.com/mc-content/trackers/donald-trump-congress-policy-republicans-polling,Generic Democrat,46.3,Generic Republican,42.2,4.099999999999994,FALSE
6abb6521-e5df-41d8-be71-654ee2a54ce6,7ad6600a-b4f3-404e-b3c1-3f5bfe048f13,US,NA,NA,U.S. House,Quinnipiac University,NA,NA,rv,970,2026-09-03,2026-09-06,NA,general,https://poll.qu.edu/poll-release?releaseid=3965,Generic Democrat,49,Generic Republican,38,11,FALSE
afb0fee2-7e6e-46fa-b1f9-b94b2cbf8844,3fc6988a-ebcb-431c-bf24-245e7701f2f7,US,NA,NA,U.S. House,YouGov,Economist,NA,lv,1015,2026-09-04,2026-09-08,NA,general,https://d3nkl3psvxxpe9.cloudfront.net/documents/econtoplines_9SH6HTS.pdf,Generic Democrat,49,Generic Republican,38,11,FALSE
afb0fee2-7e6e-46fa-b1f9-b94b2cbf8844,e4c54bd3-145f-478a-a607-badbde963596,US,NA,NA,U.S. House,YouGov,Economist,NA,rv,1464,2026-09-04,2026-09-08,NA,general,https://d3nkl3psvxxpe9.cloudfront.net/documents/econtoplines_9SH6HTS.pdf,Generic Democrat,42,Generic Republican,35,7,FALSE
0e207637-5aef-48a7-8f95-2f9b2beb460b,22999432-b2df-4e3e-ab58-2460a5fa8285,US,NA,NA,U.S. House,YouGov,Catawba College Center for N.C. Politics & Public Service,NA,rv,779,2026-09-04,2026-09-09,NA,general,https://www.catawba.edu/news/all-news/2026/yougov-36/,Generic Democrat,49,Generic Republican,38,11,FALSE
0e207637-5aef-48a7-8f95-2f9b2beb460b,c272cd87-3987-47c2-b5e6-20b99e7514bb,US,NA,NA,U.S. House,YouGov,Catawba College Center for N.C. Politics & Public Service,NA,a,1200,2026-09-04,2026-09-09,NA,general,https://www.catawba.edu/news/all-news/2026/yougov-36/,Generic Democrat,38,Generic Republican,28,10,FALSE
47ff405e-751f-4eec-9a6a-faefd31fcc7b,418859e8-3f7b-4a1f-88e3-e2c2ceb96c40,US,NA,NA,U.S. House,Marquette Law School,NA,NA,a,1023,2026-09-02,2026-09-09,NA,general,https://law.marquette.edu/poll/2026/09/15/detailed-results-of-the-marquette-law-school-supreme-court-poll-september-2-9-2026/,Generic Democrat,48,Generic Republican,39,9,FALSE
47ff405e-751f-4eec-9a6a-faefd31fcc7b,81a44dd9-34a3-4392-ae86-149255b22022,US,NA,NA,U.S. House,Marquette Law School,NA,NA,rv,866,2026-09-02,2026-09-09,NA,general,https://law.marquette.edu/poll/2026/09/15/detailed-results-of-the-marquette-law-school-supreme-court-poll-september-2-9-2026/,Generic Democrat,50,Generic Republican,42,8,FALSE
47ff405e-751f-4eec-9a6a-faefd31fcc7b,e7d099ed-3129-463e-b8ef-f8f6084c7ddb,US,NA,NA,U.S. House,Marquette Law School,NA,NA,lv,583,2026-09-02,2026-09-09,NA,general,https://law.marquette.edu/poll/2026/09/15/detailed-results-of-the-marquette-law-school-supreme-court-poll-september-2-9-2026/,Generic Democrat,54,Generic Republican,41,13,FALSE
922cd2b1-440d-4dfa-ba57-e190d30092b5,228cee0a-0ab4-4c40-bd70-601f1c9108db,US,NA,NA,U.S. House,ActiVote,NA,NA,lv,1000,2026-08-31,2026-09-10,NA,general,https://www.activote.net/polls/generic-ballot/2026-09-11/,Generic Democrat,52.3,Generic Republican,47.7,4.599999999999994,FALSE
ce875a61-4808-4db4-962d-9dd26d1ca4ac,0b8e7bac-56c0-49e8-9ab5-eec3b91588fe,US,NA,NA,U.S. House,YouGov,CBS News,NA,lv,1750,2026-09-08,2026-09-11,NA,general,https://www.cbsnews.com/news/poll-trump-battleground-tracker-house-control-2026-midterm-elections/,Generic Democrat,54,Generic Republican,46,8,FALSE
47aee801-7b2d-495d-8142-3a26d2cc1c02,3bc6b429-3d0d-48be-ac25-118428cf481e,US,NA,NA,U.S. House,The Honest Poll,Veteran Action,NA,lv,1392,2026-09-07,2026-09-13,NA,general,https://static.politico.com/45/d4/5e01844f4e1da31f1cd932abc4fd/veteran-action-september-2026-tcova-full-crosstabs.pdf,Generic Democrat,51,Generic Republican,42,9,FALSE
47aee801-7b2d-495d-8142-3a26d2cc1c02,799ab85d-8d3b-47ab-a02d-17cd910dce90,US,NA,NA,U.S. House,The Honest Poll,Veteran Action,NA,rv,1633,2026-09-07,2026-09-13,NA,general,https://static.politico.com/45/d4/5e01844f4e1da31f1cd932abc4fd/veteran-action-september-2026-tcova-full-crosstabs.pdf,Generic Democrat,50,Generic Republican,40,10,FALSE
cb076fd6-9544-49bb-af41-a8bb3e06a45e,b4917264-77f0-421e-b1b7-05b258065f2a,US,NA,NA,U.S. House,The New York Times/Siena University,NA,NA,rv,1503,2026-09-08,2026-09-13,NA,general,https://www.nytimes.com/interactive/2026/09/15/polls/times-siena-poll-likely-voter-crosstabs.html,Generic Democrat,49.01,Generic Republican,42.18,6.829999999999998,FALSE
cb076fd6-9544-49bb-af41-a8bb3e06a45e,f62cbabc-6663-4b4c-95d3-48f5327016db,US,NA,NA,U.S. House,The New York Times/Siena University,NA,NA,lv,1503,2026-09-08,2026-09-13,NA,general,https://www.nytimes.com/interactive/2026/09/15/polls/times-siena-poll-likely-voter-crosstabs.html,Generic Democrat,51.28,Generic Republican,42.76,8.520000000000003,FALSE
da15a021-0370-42d2-aee6-47dddbd4ec9a,3d06c721-cbdb-4730-a225-1962a4257444,US,NA,NA,U.S. House,Morning Consult,NA,NA,rv,30013,2026-09-07,2026-09-13,NA,general,https://intel.morningconsult.com/mc-content/trackers/donald-trump-congress-policy-republicans-polling,Generic Democrat,46.3,Generic Republican,42.4,3.8999999999999986,FALSE
575cfb72-7e2b-4394-ae03-687f9a50d265,ffc08517-460b-48ce-bf04-7cbf57e2bc5c,US,NA,NA,U.S. House,Bedrock Polling,Rainey Center,NA,rv,1004,2026-09-10,2026-09-14,NA,general,https://www.raineycenter.org/polling/september-policy-survey-summary-of-findings,Generic Democrat,48,Generic Republican,42,6,FALSE
74f12987-45d9-4955-9864-ee583d519211,a59cab49-54bb-449f-bbf9-74a1383153be,US,NA,NA,U.S. House,Ipsos,Reuters,NA,a,1143,2026-09-11,2026-09-14,NA,general,https://www.ipsos.com/en-us/reutersipsos-september-2026-survey,Generic Democrat,39,Generic Republican,31,8,FALSE
74f12987-45d9-4955-9864-ee583d519211,f5c83e02-593d-4406-b10d-ec3247a9d43f,US,NA,NA,U.S. House,Ipsos,Reuters,NA,rv,896,2026-09-11,2026-09-14,NA,general,https://www.ipsos.com/en-us/reutersipsos-september-2026-survey,Generic Democrat,44,Generic Republican,37,7,FALSE
851fb77e-a073-44c2-863e-9ba249118f42,1b000835-f147-425a-8be5-3af760e69756,US,NA,NA,U.S. House,Beacon Research/Shaw & Company Research,Fox News,NA,rv,1211,2026-09-11,2026-09-14,NA,general,https://www.foxnews.com/politics/fox-news-poll-squeezed-costs-frustrated-voters-turn-democrats,Generic Democrat,51,Generic Republican,44,7,FALSE
9567882a-33f3-4d5b-ac6e-f4a67d51d5b7,510ddf7e-4038-4d6b-b707-354041284650,US,NA,NA,U.S. House,YouGov,Economist,NA,rv,1455,2026-09-11,2026-09-14,NA,general,https://d3nkl3psvxxpe9.cloudfront.net/documents/econtoplines_Vglw52E.pdf,Generic Democrat,44,Generic Republican,39,5,FALSE
9567882a-33f3-4d5b-ac6e-f4a67d51d5b7,d911af5e-41ef-414b-88df-9285fd1a5e1e,US,NA,NA,U.S. House,YouGov,Economist,NA,lv,1051,2026-09-11,2026-09-14,NA,general,https://d3nkl3psvxxpe9.cloudfront.net/documents/econtoplines_Vglw52E.pdf,Generic Democrat,51,Generic Republican,39,12,FALSE
4d44b723-e418-4e90-afb2-7e2278953bc5,04b894cc-fa9c-488f-830a-cfccaf57bdb3,US,NA,NA,U.S. House,RMG Research,Napolitan News Service,NA,rv,2000,2026-09-08,2026-09-15,NA,general,https://napolitannews.org/posts/generic-ballot-first-likely-voter-numbers-have-dems-ahead-6,Generic Democrat,51,Generic Republican,43,8,FALSE
4d44b723-e418-4e90-afb2-7e2278953bc5,99eb3f74-d00b-4401-8e7a-019d071b33e9,US,NA,NA,U.S. House,RMG Research,Napolitan News Service,NA,lv,NA,2026-09-08,2026-09-15,NA,general,https://napolitannews.org/posts/generic-ballot-first-likely-voter-numbers-have-dems-ahead-6,Generic Democrat,52,Generic Republican,46,6,FALSE
6f932e2c-659b-400d-b5ae-7ff15b33cf34,372f1254-55c9-4a8c-825d-c5b76b07b1f0,US,NA,NA,U.S. House,Big Data Poll,Public Polling Project,NA,lv,2633,2026-09-13,2026-09-15,NA,general,https://www.bigdatapoll.com/blog/democrats-maintain-significant-midterm-advantage-in-post-labor-day-poll/,Generic Democrat,50.5,Generic Republican,39.3,11.200000000000003,FALSE
6f932e2c-659b-400d-b5ae-7ff15b33cf34,4ba76d34-aab4-4940-a5ab-659201f2cd30,US,NA,NA,U.S. House,Big Data Poll,Public Polling Project,NA,rv,2947,2026-09-13,2026-09-15,NA,general,https://www.bigdatapoll.com/blog/democrats-maintain-significant-midterm-advantage-in-post-labor-day-poll/,Generic Democrat,47.8,Generic Republican,38.1,9.699999999999996,FALSE
e89100eb-66d6-4519-a49c-87b9f41b6d47,12825cb7-7754-4099-b769-0e1b547b5d2a,US,NA,NA,U.S. House,John Zogby Strategies,NA,NA,lv,1007,2026-09-15,2026-09-17,NA,general,https://johnzogbystrategies.com/democratic-party-leads-republican-party-48-to-42-in-congressional-generic-ballot-as-race-heats-up/,Generic Democrat,48,Generic Republican,42,6,FALSE
988f8763-1876-4645-9553-f90af842077c,61e09e8a-391a-41f0-b8d2-4e5f09d89b9e,VA,1,First Congressional District,U.S. House,Public Policy Polling,House Majority PAC,DEM,rv,541,2025-08-08,2025-08-09,NA,general,https://x.com/PollTracker2024/status/1965014578812842210,Shannon Taylor,40,Robert Wittman,41,-1,TRUE
988f8763-1876-4645-9553-f90af842077c,783d8e0e-9fb9-4d42-990e-948034b5d600,VA,1,First Congressional District,U.S. House,Public Policy Polling,House Majority PAC,DEM,rv,541,2025-08-08,2025-08-09,NA,general,https://x.com/PollTracker2024/status/1965014578812842210,Generic Democrat,47,Generic Republican,47,0,TRUE
e654526e-74e0-4231-9e4d-f6db1751ccae,06b72275-8626-4fcc-887c-8b7092c5aa87,VA,1,First Congressional District,U.S. House,Ragnar Research Partners,Conservatives for America,REP,lv,400,2026-03-10,2026-03-12,NA,general,https://punchbowl.news/article/campaigns/bad-gop-polls/,Generic Democrat,44,Generic Republican,42,2,TRUE
e654526e-74e0-4231-9e4d-f6db1751ccae,ab0371f7-3fad-4b82-8106-12246cbb77e1,VA,1,First Congressional District,U.S. House,Ragnar Research Partners,Conservatives for America,REP,lv,400,2026-03-10,2026-03-12,NA,general,https://punchbowl.news/article/campaigns/bad-gop-polls/,Shannon Taylor,42,Robert Wittman,46,-4,TRUE
dd9f0cc9-7e5e-431a-9b0f-013c62dc3dc9,35bbd2f9-427d-4b65-b98a-21c62ed0745c,VA,2,Second Congressional District,U.S. House,Tulchin Research,House Majority PAC,DEM,lv,700,2026-07-09,2026-07-13,NA,general,https://www.politico.com/newsletters/playbook/2026/07/24/dinner-with-a-side-of-vicious-01011141?template_id=OT5J0E7B7DD7&is_login_link=true,Elaine G. Luria,47,Jen Kiggans,47,0,TRUE
0f1cc4c4-766a-4f41-ae8a-883bead44d23,a01ec9c0-5a01-4693-bebd-b910d9d1fa11,VA,5,Fifth Congressional District,U.S. House,Expedition Strategies,NA,DEM,lv,602,2026-07-29,2026-08-01,NA,general,https://www.tomperriello.com/news/new-poll-perriello-moves-virginias-5th-district-into-a-toss-up-race?source=d715b73c-1e5d-4e06-99fb-ef4a95e22fd4,Tom Perriello,44,John McGuire,47,-3,TRUE
a2347bc3-cbf9-483a-9af1-cdb901440ffe,b0ec5482-79a0-4935-9423-1ee3b6ed0eca,VT,1,First Congressional District,U.S. House,University of New Hampshire,NA,NA,lv,871,2026-06-18,2026-06-23,NA,general,https://scholars.unh.edu/survey_center_polls/970/,Becca Balint,57,Mark Coester,26,31,FALSE
a2347bc3-cbf9-483a-9af1-cdb901440ffe,e9ebc7fd-213b-4b71-9903-4d4542eae62f,VT,1,First Congressional District,U.S. House,University of New Hampshire,NA,NA,lv,872,2026-06-18,2026-06-23,NA,general,https://scholars.unh.edu/survey_center_polls/970/,Becca Balint,57,Gerald Malloy,26,31,FALSE
6390a575-055a-4ac5-a568-71517869d2b6,16054970-473f-4605-82d0-66f2917b3d9d,VT,1,First Congressional District,U.S. House,University of New Hampshire,NA,NA,lv,949,2026-07-15,2026-07-20,NA,general,https://scholars.unh.edu/survey_center_polls/982/,Becca Balint,63,Gerald Malloy,25,38,FALSE
6390a575-055a-4ac5-a568-71517869d2b6,4a6a920d-9af9-4411-b7ad-5d44171699a6,VT,1,First Congressional District,U.S. House,University of New Hampshire,NA,NA,lv,948,2026-07-15,2026-07-20,NA,general,https://scholars.unh.edu/survey_center_polls/982/,Becca Balint,64,Mark Coester,25,39,FALSE
16ac4ce1-2809-4637-a7ed-6964b7fd280c,f311f876-f7a7-42ec-9952-d2074e0d37c5,WA,3,Third Congressional District,U.S. House,Gravis Marketing,NA,DEM,lv,752,2025-11-10,2025-11-12,NA,primary,https://www.yahoo.com/news/articles/poll-commissioned-mgp-challenger-shows-045900644.html,Marie Gluesenkamp Perez,24,John Braun,33,-9,TRUE
30ae9257-d4e9-483b-be47-2f2241f25f9f,a29a3fca-34df-4be3-922a-e7dc3ca36bac,WA,3,Third Congressional District,U.S. House,co/efficient,NRCC,REP,lv,982,2026-04-25,2026-04-29,NA,general,https://www.politico.com/news/2026/05/08/gop-polls-show-they-have-a-shot-at-flipping-house-dem-districts-trump-won-00910791,Marie Gluesenkamp Perez,34,John Braun,41,-7,TRUE
30ae9257-d4e9-483b-be47-2f2241f25f9f,aa2cbd9a-0c17-46b8-a6a7-f4b58ba126b7,WA,3,Third Congressional District,U.S. House,co/efficient,NRCC,REP,lv,982,2026-04-25,2026-04-29,NA,general,https://www.politico.com/news/2026/05/08/gop-polls-show-they-have-a-shot-at-flipping-house-dem-districts-trump-won-00910791,Generic Democrat,45,Generic Republican,44,1,TRUE
6e479a7e-3f3a-41aa-b7dd-611ae4aa5215,7558b4f9-053f-404e-8781-7ca703ca33ad,WA,3,Third Congressional District,U.S. House,Emerson College,Northwest Progressive Institute,DEM,lv,500,2026-07-08,2026-07-10,NA,primary,https://www.nwprogressive.org/weblog/2026/07/wa-03-is-still-washingtons-tossup-district-marie-gluesenkamp-perez-and-john-braun-are-tied-ahead-of-2026-top-two-election.html,Marie Gluesenkamp Perez,25,John Braun,26,-1,TRUE
6e479a7e-3f3a-41aa-b7dd-611ae4aa5215,faab8769-a9b5-4bb2-8ff7-7e1cbba019bf,WA,3,Third Congressional District,U.S. House,Emerson College,Northwest Progressive Institute,DEM,lv,500,2026-07-08,2026-07-10,NA,general,https://www.nwprogressive.org/weblog/2026/07/wa-03-is-still-washingtons-tossup-district-marie-gluesenkamp-perez-and-john-braun-are-tied-ahead-of-2026-top-two-election.html,Marie Gluesenkamp Perez,42,John Braun,43,-1,TRUE
74546061-a36c-43c8-98c1-1e74220999d8,c45c1262-1e9d-481f-ae6b-915419d04b19,WA,5,Fifth Congressional District,U.S. House,Change Research,Independent Candidates Action,IND,lv,617,2026-03-17,2026-03-19,NA,primary,https://www.independentaction.org/news/revhhcbrfzodrm3lh38l9axg2de96b,Carmela Conroy,9.09,Michael Baumgartner,39.44,-30.349999999999998,TRUE
b005e604-d823-4b0c-b673-a50ba5d8415d,72d45789-a697-4f16-9882-33e470532940,WA,5,Fifth Congressional District,U.S. House,Tavern Research,Contours Inc.,IND,lv,578,2026-05-18,2026-05-25,NA,general,https://www.tavernresearch.com/research-and-writings//wa-05-baumgartner-leads-democrats-trails-independent,Carmela Conroy,47,Michael Baumgartner,53,-6,TRUE
b005e604-d823-4b0c-b673-a50ba5d8415d,b7ca3fa4-39ce-4cfd-8c16-0801704f6727,WA,5,Fifth Congressional District,U.S. House,Tavern Research,Contours Inc.,IND,lv,578,2026-05-18,2026-05-25,NA,general,https://www.tavernresearch.com/research-and-writings//wa-05-baumgartner-leads-democrats-trails-independent,Generic Democrat,47,Michael Baumgartner,53,-6,TRUE
b005e604-d823-4b0c-b673-a50ba5d8415d,ccd7a26d-22ce-4376-b0cb-5075c28e18ba,WA,5,Fifth Congressional District,U.S. House,Tavern Research,Contours Inc.,IND,lv,578,2026-05-18,2026-05-25,NA,general,https://www.tavernresearch.com/research-and-writings//wa-05-baumgartner-leads-democrats-trails-independent,David Womack,46,Michael Baumgartner,54,-8,TRUE
b005e604-d823-4b0c-b673-a50ba5d8415d,f543eb59-b170-4071-b50e-099cdad72e87,WA,5,Fifth Congressional District,U.S. House,Tavern Research,Contours Inc.,IND,lv,578,2026-05-18,2026-05-25,NA,general,https://www.tavernresearch.com/research-and-writings//wa-05-baumgartner-leads-democrats-trails-independent,Bajun Mavalwalla,46,Michael Baumgartner,54,-8,TRUE
7433659d-603b-43ac-bb37-f6f564962143,792eed3a-c649-4bd3-be1b-331da0b32c73,WI,1,First Congressional District,U.S. House,Ragnar Research Partners,Conservatives for America,REP,lv,400,2026-03-14,2026-03-16,NA,general,https://punchbowl.news/article/campaigns/bad-gop-polls/,Mitchell Berman,41,Bryan Steil,50,-9,TRUE
7433659d-603b-43ac-bb37-f6f564962143,eb018d52-9f61-4a40-a92d-70ec4dbabdaf,WI,1,First Congressional District,U.S. House,Ragnar Research Partners,Conservatives for America,REP,lv,400,2026-03-14,2026-03-16,NA,general,https://punchbowl.news/article/campaigns/bad-gop-polls/,Generic Democrat,44,Generic Republican,42,2,TRUE
b577056f-f91b-4c9a-8a7c-ea4945345334,06d20abb-a81b-439c-9ee4-66171561dc2b,WI,1,First Congressional District,U.S. House,Impact Research,NA,DEM,lv,400,2026-08-06,2026-08-09,NA,general,https://www.wispolitics.com/2026/berman-campaign-new-general-election-poll-er-nurse-mitchell-berman-in-dead-heat-with-bryan-steil-in-wisconsins-first-congressional-district/,Generic Democrat,44,Generic Republican,44,0,TRUE
b577056f-f91b-4c9a-8a7c-ea4945345334,d9782761-a707-40d0-baf6-2dfcb50a9a6c,WI,1,First Congressional District,U.S. House,Impact Research,NA,DEM,lv,400,2026-08-06,2026-08-09,NA,general,https://www.wispolitics.com/2026/berman-campaign-new-general-election-poll-er-nurse-mitchell-berman-in-dead-heat-with-bryan-steil-in-wisconsins-first-congressional-district/,Mitchell Berman,48,Bryan Steil,49,-1,TRUE
3b163a5c-b7cc-4b36-a82c-77aa3f721cd3,82ed310e-4d2b-40a4-ac62-95a0f1708fd8,WI,3,Third Congressional District,U.S. House,Public Policy Polling,House Majority PAC,DEM,rv,609,2025-10-14,2025-10-15,NA,general,https://www.politico.com/newsletters/weekly-score/2025/10/20/how-one-dem-group-is-rethinking-canvassing-00615012,Rebecca Cooke,44,Derrick Van Orden,42,2,TRUE
bce726e0-e48f-4680-bd8d-e922ebfed748,0ded03fa-00e9-4976-8e82-d28d136d39b3,WI,3,Third Congressional District,U.S. House,Impact Research,NA,DEM,lv,500,2026-02-12,2026-02-17,NA,general,https://drive.google.com/file/d/1iNmbcsNYlPvxu_q6Za5CrngdWc2u3lZ4/view,Rebecca Cooke,49,Derrick Van Orden,48,1,TRUE
647eb819-a3a9-4319-8bfd-2b1593b783c9,48ff13b7-a691-416e-9ae4-35f058cee1c7,WI,3,Third Congressional District,U.S. House,Impact Research,NA,DEM,lv,500,2026-05-26,2026-05-31,NA,general,https://drive.google.com/file/d/1dTP7FcvzgV49WVSyQ6MtgpX7W48_1SsR/edit,Rebecca Cooke,50,Derrick Van Orden,46,4,TRUE
016369fb-4a26-42ad-a583-39067289cab2,65c0d75b-5121-4107-b61a-95b2534fab6e,WI,3,Third Congressional District,U.S. House,FM3 Research,House Majority PAC,DEM,lv,535,2026-06-20,2026-06-25,NA,general,https://x.com/cjwarnke/status/2074099699020128352,Rebecca Cooke,50,Derrick Van Orden,46,4,TRUE
d17e1b79-4fa9-455b-8be5-4fe6cfa9124e,5977243b-8915-4372-b00c-6314a643c69a,WI,3,Third Congressional District,U.S. House,FM3 Research,House Majority PAC,DEM,lv,535,2026-06-20,2026-06-25,NA,general,https://www.thehousemajoritypac.com/news/hmp-poll-rebecca-cooke-leads-derrick-van-orden-in-wi-03,Rebecca Cooke,50,Derrick Van Orden,46,4,TRUE
93b5b0d0-5b89-49cd-b6eb-7c9a911ef204,362013ed-1d1f-4001-afad-fddbf4d86e75,WI,6,Sixth Congressional District,U.S. House,Tavern Research,Contours Inc.,IND,lv,437,2026-05-18,2026-05-28,NA,general,https://www.tavernresearch.com/research-and-writings/wi06-grothman-independent-halves-margin,Generic Democrat,39,Glenn Grothman,61,-22,TRUE
93b5b0d0-5b89-49cd-b6eb-7c9a911ef204,9194752e-7e3e-4633-9d3a-1a79111c4355,WI,6,Sixth Congressional District,U.S. House,Tavern Research,Contours Inc.,IND,lv,437,2026-05-18,2026-05-28,NA,general,https://www.tavernresearch.com/research-and-writings/wi06-grothman-independent-halves-margin,Brad Smith,39,Glenn Grothman,61,-22,TRUE
