state,race_kind,matchup,dem_candidate,rep_candidate,pollster,pollster_partisan,dates,end_date,sample_size,sample_type,moe,dem_pct,rep_pct,other_pct,undecided_pct,net_dem,heading,source_url
Alabama,regular,Everett Wess (D) vs Barry Moore (R),Everett Wess,Barry Moore,yes. every kid.,FALSE,"July 8–11, 2026",2026-07-11,601,LV,4,32,47,1,20,-15,Polling,https://en.wikipedia.org/wiki/2026_United_States_Senate_election_in_Alabama
Alaska,regular,MaryPeltola (D) vs Dan S.Sullivan (R),MaryPeltola,Dan S.Sullivan,Alaska Survey Research,FALSE,"April 21–25, 2023",2023-04-25,1261,LV,NA,44,41,NA,15,3,First-past-the-post polls,https://en.wikipedia.org/wiki/2026_United_States_Senate_election_in_Alaska
Alaska,regular,MaryPeltola (D) vs Dan S.Sullivan (R),MaryPeltola,Dan S.Sullivan,Data for Progress (D),TRUE,"July 21–27, 2025",2025-07-27,678,LV,4,45,46,5,4,-1,First-past-the-post polls,https://en.wikipedia.org/wiki/2026_United_States_Senate_election_in_Alaska
Alaska,regular,MaryPeltola (D) vs Dan S.Sullivan (R),MaryPeltola,Dan S.Sullivan,Alaska Survey Research,FALSE,"July 29 – August 1, 2025",2025-08-01,1623,LV,2.5,42,47,NA,11,-5,First-past-the-post polls,https://en.wikipedia.org/wiki/2026_United_States_Senate_election_in_Alaska
Alaska,regular,MaryPeltola (D) vs Dan S.Sullivan (R),MaryPeltola,Dan S.Sullivan,Alaska Survey Research,FALSE,"October 10–15, 2025",2025-10-15,1708,LV,NA,48,46,NA,6,2,First-past-the-post polls,https://en.wikipedia.org/wiki/2026_United_States_Senate_election_in_Alaska
Alaska,regular,MaryPeltola (D) vs Dan S.Sullivan (R),MaryPeltola,Dan S.Sullivan,Data for Progress (D),TRUE,"October 17–23, 2025",2025-10-23,823,LV,3,46,45,5,4,1,First-past-the-post polls,https://en.wikipedia.org/wiki/2026_United_States_Senate_election_in_Alaska
Alaska,regular,MaryPeltola (D) vs Dan S.Sullivan (R),MaryPeltola,Dan S.Sullivan,Alaska Survey Research,FALSE,"January 8–11, 2026",2026-01-11,1988,LV,2.2,48,46,NA,6,2,First-past-the-post polls,https://en.wikipedia.org/wiki/2026_United_States_Senate_election_in_Alaska
Alaska,regular,MaryPeltola (D) vs Dan S.Sullivan (R),MaryPeltola,Dan S.Sullivan,Public Policy Polling (D),TRUE,"January 16–17, 2026",2026-01-17,611,V,NA,49,47,NA,4,2,First-past-the-post polls,https://en.wikipedia.org/wiki/2026_United_States_Senate_election_in_Alaska
Alaska,regular,Ann Diener (D) vs Fred Grauberger (R),Ann Diener,Fred Grauberger,Alaska Survey Research,FALSE,"March 19–22, 2026",2026-03-22,1283,LV,3,2,1,NA,NA,1,Polling,https://en.wikipedia.org/wiki/2026_United_States_Senate_election_in_Alaska
Alaska,regular,MaryPeltola (D) vs Dan S.Sullivan (R),MaryPeltola,Dan S.Sullivan,Alaska Survey Research,FALSE,"March 19–22, 2026",2026-03-22,1590,LV,2.7,49,44,7,NA,5,First-past-the-post polls,https://en.wikipedia.org/wiki/2026_United_States_Senate_election_in_Alaska
Alaska,regular,Mary Peltola (D) vs Dan S. Sullivan (R),Mary Peltola,Dan S. Sullivan,Alaska Survey Research,FALSE,"March 19–22, 2026",2026-03-22,961,LV,2.7,49,44,NA,NA,5,First-past-the-post polls,https://en.wikipedia.org/wiki/2026_United_States_Senate_election_in_Alaska
Alaska,regular,Mary Peltola (D) vs Dan S. Sullivan (R),Mary Peltola,Dan S. Sullivan,Alaska Survey Research,FALSE,"March 19–22, 2026",2026-03-22,959,LV,2.7,50,44,NA,NA,6,First-past-the-post polls,https://en.wikipedia.org/wiki/2026_United_States_Senate_election_in_Alaska
Alaska,regular,Mary Peltola (D) vs Dan S. Sullivan (R),Mary Peltola,Dan S. Sullivan,Alaska Survey Research,FALSE,"March 19–22, 2026",2026-03-22,951,LV,2.7,52,48,NA,NA,4,First-past-the-post polls,https://en.wikipedia.org/wiki/2026_United_States_Senate_election_in_Alaska
Alaska,regular,MaryPeltola (D) vs Dan S.Sullivan (R),MaryPeltola,Dan S.Sullivan,Alaska Survey Research,FALSE,"April 16–19, 2026",2026-04-19,1946,LV,2.5,49,43,8,NA,6,First-past-the-post polls,https://en.wikipedia.org/wiki/2026_United_States_Senate_election_in_Alaska
Alaska,regular,Mary Peltola (D) vs Dan S. Sullivan (R),Mary Peltola,Dan S. Sullivan,Alaska Survey Research,FALSE,"April 16–19, 2026",2026-04-19,1946,LV,2.5,49,43,NA,NA,6,First-past-the-post polls,https://en.wikipedia.org/wiki/2026_United_States_Senate_election_in_Alaska
Alaska,regular,Mary Peltola (D) vs Dan S. Sullivan (R),Mary Peltola,Dan S. Sullivan,Alaska Survey Research,FALSE,"April 16–19, 2026",2026-04-19,1946,LV,2.5,50,44,NA,NA,6,First-past-the-post polls,https://en.wikipedia.org/wiki/2026_United_States_Senate_election_in_Alaska
Alaska,regular,MaryPeltola (D) vs Dan S.Sullivan (R),MaryPeltola,Dan S.Sullivan,Alaska Survey Research,FALSE,"May 14–17, 2026",2026-05-17,1401,LV,3,48,44,5,NA,4,First-past-the-post polls,https://en.wikipedia.org/wiki/2026_United_States_Senate_election_in_Alaska
Alaska,regular,MaryPeltola (D) vs Dan S.Sullivan (R),MaryPeltola,Dan S.Sullivan,Alaska Survey Research,FALSE,"June 4–7, 2026",2026-06-07,1393,LV,3,49,44,3,NA,5,First-past-the-post polls,https://en.wikipedia.org/wiki/2026_United_States_Senate_election_in_Alaska
Alaska,regular,MaryPeltola (D) vs Dan S.Sullivan (R),MaryPeltola,Dan S.Sullivan,New York Times/Siena University,FALSE,"June 15–29, 2026",2026-06-29,593,LV,4.9,45,47,2,5,-2,First-past-the-post polls,https://en.wikipedia.org/wiki/2026_United_States_Senate_election_in_Alaska
Alaska,regular,Mary Peltola (D) vs Dan S. Sullivan (R),Mary Peltola,Dan S. Sullivan,Data for Progress (D),TRUE,"July 28 – August 4, 2026",2026-08-04,605,LV,4,45,41,NA,5,4,Ranked-choice polls,https://en.wikipedia.org/wiki/2026_United_States_Senate_election_in_Alaska
Alaska,regular,Mary Peltola (D) vs Dan S. Sullivan (R),Mary Peltola,Dan S. Sullivan,Data for Progress (D),TRUE,"July 28 – August 4, 2026",2026-08-04,578,LV,4,49,43,NA,4,6,Ranked-choice polls,https://en.wikipedia.org/wiki/2026_United_States_Senate_election_in_Alaska
Alaska,regular,Mary Peltola (D) vs Dan S. Sullivan (R),Mary Peltola,Dan S. Sullivan,Data for Progress (D),TRUE,"July 28 – August 4, 2026",2026-08-04,575,LV,4,50,45,NA,5,5,Ranked-choice polls,https://en.wikipedia.org/wiki/2026_United_States_Senate_election_in_Alaska
Alaska,regular,Mary Peltola (D) vs Dan S. Sullivan (R),Mary Peltola,Dan S. Sullivan,Data for Progress (D),TRUE,"July 28 – August 4, 2026",2026-08-04,567,LV,4,53,47,NA,6,6,Ranked-choice polls,https://en.wikipedia.org/wiki/2026_United_States_Senate_election_in_Alaska
Alaska,regular,Mary Peltola (D) vs Dan S. Sullivan (R),Mary Peltola,Dan S. Sullivan,Data for Progress (D),TRUE,"July 28 – August 4, 2026",2026-08-04,575,LV,4,52,48,NA,5,4,Ranked-choice polls,https://en.wikipedia.org/wiki/2026_United_States_Senate_election_in_Alaska
Alaska,regular,MaryPeltola (D) vs Dan S.Sullivan (R),MaryPeltola,Dan S.Sullivan,Data for Progress (D),TRUE,"July 28 – August 4, 2026",2026-08-04,605,LV,4,45,41,5,NA,4,First-past-the-post polls,https://en.wikipedia.org/wiki/2026_United_States_Senate_election_in_Alaska
Alaska,regular,MaryPeltola (D) vs Dan S.Sullivan (R),MaryPeltola,Dan S.Sullivan,Alaska Survey Research,FALSE,"August 2–5, 2026",2026-08-05,1371,LV,3,51,49,NA,NA,2,First-past-the-post polls,https://en.wikipedia.org/wiki/2026_United_States_Senate_election_in_Alaska
Alaska,regular,MaryPeltola (D) vs Dan S.Sullivan (R),MaryPeltola,Dan S.Sullivan,Alaska Survey Research,FALSE,"August 20–23, 2026",2026-08-23,1495,LV,3,51,49,NA,NA,2,First-past-the-post polls,https://en.wikipedia.org/wiki/2026_United_States_Senate_election_in_Alaska
Alaska,regular,Mary Peltola (D) vs Dan S. Sullivan (R),Mary Peltola,Dan S. Sullivan,Fabrizio Ward (R)/Impact Research (D),TRUE,"September 8–11, 2026",2026-09-11,800,LV,3.5,45,41,NA,7,4,Ranked-choice polls,https://en.wikipedia.org/wiki/2026_United_States_Senate_election_in_Alaska
Alaska,regular,Mary Peltola (D) vs Dan S. Sullivan (R),Mary Peltola,Dan S. Sullivan,Fabrizio Ward (R)/Impact Research (D),TRUE,"September 8–11, 2026",2026-09-11,800,LV,3.5,50,43,NA,7,7,Ranked-choice polls,https://en.wikipedia.org/wiki/2026_United_States_Senate_election_in_Alaska
Alaska,regular,Mary Peltola (D) vs Dan S. Sullivan (R),Mary Peltola,Dan S. Sullivan,Fabrizio Ward (R)/Impact Research (D),TRUE,"September 8–11, 2026",2026-09-11,800,LV,3.5,51,45,NA,8,6,Ranked-choice polls,https://en.wikipedia.org/wiki/2026_United_States_Senate_election_in_Alaska
Alaska,regular,Mary Peltola (D) vs Dan S. Sullivan (R),Mary Peltola,Dan S. Sullivan,Fabrizio Ward (R)/Impact Research (D),TRUE,"September 8–11, 2026",2026-09-11,800,LV,3.5,53,47,NA,11,6,Ranked-choice polls,https://en.wikipedia.org/wiki/2026_United_States_Senate_election_in_Alaska
Alaska,regular,MaryPeltola (D) vs Dan S.Sullivan (R),MaryPeltola,Dan S.Sullivan,Fabrizio Ward (R)/Impact Research (D),TRUE,"September 8–11, 2026",2026-09-11,800,LV,3.5,46,41,NA,7,5,First-past-the-post polls,https://en.wikipedia.org/wiki/2026_United_States_Senate_election_in_Alaska
Alaska,regular,MaryPeltola (D) vs Dan S.Sullivan (R),MaryPeltola,Dan S.Sullivan,Rasmussen Reports (R),TRUE,"September 13–14, 2026",2026-09-14,1188,LV,3,39,39,NA,9,0,First-past-the-post polls,https://en.wikipedia.org/wiki/2026_United_States_Senate_election_in_Alaska
Alaska,regular,MaryPeltola (D) vs Dan S.Sullivan (R),MaryPeltola,Dan S.Sullivan,co/efficient (R),TRUE,"September 14–17, 2026",2026-09-17,799,LV,3.5,46,48,NA,4,-2,First-past-the-post polls,https://en.wikipedia.org/wiki/2026_United_States_Senate_election_in_Alaska
Alaska,regular,MaryPeltola (D) vs Dan S.Sullivan (R),MaryPeltola,Dan S.Sullivan,co/efficient (R),TRUE,"September 14–17, 2026",2026-09-17,799,LV,3.5,46,49,NA,5,-3,First-past-the-post polls,https://en.wikipedia.org/wiki/2026_United_States_Senate_election_in_Alaska
Arkansas,regular,HallieShoffner (D) vs TomCotton (R),HallieShoffner,TomCotton,GrayHouse (R),TRUE,"February 7–9, 2026",2026-02-09,550,LV,4.2,36,58,NA,7,-22,Polling,https://en.wikipedia.org/wiki/2026_United_States_Senate_election_in_Arkansas
Arkansas,regular,HallieShoffner (D) vs TomCotton (R),HallieShoffner,TomCotton,2040 Strategy Group (D),TRUE,"July 17–25, 2026",2026-07-25,586,LV,4,43,46,NA,11,-3,Polling,https://en.wikipedia.org/wiki/2026_United_States_Senate_election_in_Arkansas
Arkansas,regular,HallieShoffner (D) vs TomCotton (R),HallieShoffner,TomCotton,Hendrix College,FALSE,"August 11–12, 2026",2026-08-12,1217,LV,4.7,47,44,3,6,3,Polling,https://en.wikipedia.org/wiki/2026_United_States_Senate_election_in_Arkansas
Arkansas,regular,HallieShoffner (D) vs TomCotton (R),HallieShoffner,TomCotton,J.L. Partners,FALSE,"August 14–18, 2026",2026-08-18,803,LV,3.5,35,51,4,11,-16,Polling,https://en.wikipedia.org/wiki/2026_United_States_Senate_election_in_Arkansas
Florida,special,Jennifer Jenkins (D) vs Ashley Moody (R),Jennifer Jenkins,Ashley Moody,The Tyson Group (R),TRUE,"October 1–3, 2025",2025-10-03,800,LV,NA,37,44,NA,19,-7,Polling,https://en.wikipedia.org/wiki/2026_United_States_Senate_special_election_in_Florida
Florida,special,Jennifer Jenkins (D) vs Ashley Moody (R),Jennifer Jenkins,Ashley Moody,University of North Florida,FALSE,"October 15–25, 2025",2025-10-25,728,LV,4.3,38,49,3,10,-11,Polling,https://en.wikipedia.org/wiki/2026_United_States_Senate_special_election_in_Florida
Florida,special,Jennifer Jenkins (D) vs Ashley Moody (R),Jennifer Jenkins,Ashley Moody,University of North Florida,FALSE,"October 15–25, 2025",2025-10-25,728,LV,4.3,37,47,3,13,-10,Polling,https://en.wikipedia.org/wiki/2026_United_States_Senate_special_election_in_Florida
Florida,special,AngieNixon (D) vs AshleyMoody (R),AngieNixon,AshleyMoody,University of North Florida,FALSE,"February 21 – March 2, 2026",2026-03-02,786,LV,4,38,46,2,15,-8,Polling,https://en.wikipedia.org/wiki/2026_United_States_Senate_special_election_in_Florida
Florida,special,Alexander Vindman (D) vs Ashley Moody (R),Alexander Vindman,Ashley Moody,University of North Florida,FALSE,"February 21 – March 2, 2026",2026-03-02,786,LV,4,38,45,2,15,-7,Polling,https://en.wikipedia.org/wiki/2026_United_States_Senate_special_election_in_Florida
Florida,special,AngieNixon (D) vs AshleyMoody (R),AngieNixon,AshleyMoody,Emerson College,FALSE,"March 29–31, 2026",2026-03-31,1125,LV,2.8,36,47,NA,16,-11,Polling,https://en.wikipedia.org/wiki/2026_United_States_Senate_special_election_in_Florida
Florida,special,Alexander Vindman (D) vs Ashley Moody (R),Alexander Vindman,Ashley Moody,Emerson College,FALSE,"March 29–31, 2026",2026-03-31,1125,LV,2.8,38,46,NA,16,-8,Polling,https://en.wikipedia.org/wiki/2026_United_States_Senate_special_election_in_Florida
Florida,special,Hector Mujica (D) vs Ashley Moody (R),Hector Mujica,Ashley Moody,Emerson College,FALSE,"March 29–31, 2026",2026-03-31,1125,LV,2.8,38,45,NA,17,-7,Polling,https://en.wikipedia.org/wiki/2026_United_States_Senate_special_election_in_Florida
Florida,special,Alexander Vindman (D) vs Ashley Moody (R),Alexander Vindman,Ashley Moody,MDW (D),TRUE,"March 27 – April 3, 2026",2026-04-03,1834,LV,2,42,43,NA,14,-1,Polling,https://en.wikipedia.org/wiki/2026_United_States_Senate_special_election_in_Florida
Florida,special,Alexander Vindman (D) vs Ashley Moody (R),Alexander Vindman,Ashley Moody,Public Policy Polling (D),TRUE,"April 2–3, 2026",2026-04-03,574,RV,4.1,40,43,NA,17,-3,Polling,https://en.wikipedia.org/wiki/2026_United_States_Senate_special_election_in_Florida
Florida,special,Alexander Vindman (D) vs Ashley Moody (R),Alexander Vindman,Ashley Moody,Echelon Insights (R),TRUE,"April 3–9, 2026",2026-04-09,406,LV,6,43,50,NA,7,-7,Polling,https://en.wikipedia.org/wiki/2026_United_States_Senate_special_election_in_Florida
Florida,special,AngieNixon (D) vs AshleyMoody (R),AngieNixon,AshleyMoody,Stetson University,FALSE,"March 15 – April 13, 2026",2026-04-13,848,LV,4.1,38,51,NA,11,-13,Polling,https://en.wikipedia.org/wiki/2026_United_States_Senate_special_election_in_Florida
Florida,special,Alexander Vindman (D) vs Ashley Moody (R),Alexander Vindman,Ashley Moody,Stetson University,FALSE,"March 15 – April 13, 2026",2026-04-13,848,LV,4.1,42,49,NA,9,-7,Polling,https://en.wikipedia.org/wiki/2026_United_States_Senate_special_election_in_Florida
Florida,special,Alexander Vindman (D) vs Ashley Moody (R),Alexander Vindman,Ashley Moody,Cherry Communications (R),TRUE,"May 1–9, 2026",2026-05-09,604,LV,4,40,48,NA,12,-8,Polling,https://en.wikipedia.org/wiki/2026_United_States_Senate_special_election_in_Florida
Florida,special,Alexander Vindman (D) vs Ashley Moody (R),Alexander Vindman,Ashley Moody,Change Research (D),TRUE,"May 13–16, 2026",2026-05-16,1593,LV,2.3,47,45,1,7,2,Polling,https://en.wikipedia.org/wiki/2026_United_States_Senate_special_election_in_Florida
Florida,special,Alexander Vindman (D) vs Ashley Moody (R),Alexander Vindman,Ashley Moody,Global Strategy Group (D),TRUE,"May 18–21, 2026",2026-05-21,1000,LV,3.1,43,46,NA,12,-3,Polling,https://en.wikipedia.org/wiki/2026_United_States_Senate_special_election_in_Florida
Florida,special,Alexander Vindman (D) vs Ashley Moody (R),Alexander Vindman,Ashley Moody,McLaughlin & Associates (R),TRUE,"June 3–7, 2026",2026-06-07,800,LV,3.5,40,47,NA,13,-7,Polling,https://en.wikipedia.org/wiki/2026_United_States_Senate_special_election_in_Florida
Florida,special,Alexander Vindman (D) vs Ashley Moody (R),Alexander Vindman,Ashley Moody,Change Research (D),TRUE,"July 9–11, 2026",2026-07-11,1348,RV,2.8,37,45,4,14,-8,Polling,https://en.wikipedia.org/wiki/2026_United_States_Senate_special_election_in_Florida
Florida,special,AngieNixon (D) vs AshleyMoody (R),AngieNixon,AshleyMoody,University of North Florida,FALSE,"July 8–17, 2026",2026-07-17,848,LV,3.8,42,50,2,6,-8,Polling,https://en.wikipedia.org/wiki/2026_United_States_Senate_special_election_in_Florida
Florida,special,Alexander Vindman (D) vs Ashley Moody (R),Alexander Vindman,Ashley Moody,University of North Florida,FALSE,"July 8–17, 2026",2026-07-17,848,LV,3.8,40,50,3,7,-10,Polling,https://en.wikipedia.org/wiki/2026_United_States_Senate_special_election_in_Florida
Florida,special,AngieNixon (D) vs AshleyMoody (R),AngieNixon,AshleyMoody,Change Research (D),TRUE,"September 7–9, 2026",2026-09-09,1107,LV,2.8,47,47,1,5,0,Polling,https://en.wikipedia.org/wiki/2026_United_States_Senate_special_election_in_Florida
Florida,special,AngieNixon (D) vs AshleyMoody (R),AngieNixon,AshleyMoody,Quantus Insights (R),TRUE,"September 8–10, 2026",2026-09-10,733,LV,4.1,43,50,3,4,-7,Polling,https://en.wikipedia.org/wiki/2026_United_States_Senate_special_election_in_Florida
Florida,special,AngieNixon (D) vs AshleyMoody (R),AngieNixon,AshleyMoody,St. Pete Polls,FALSE,"September 15–17, 2026",2026-09-17,913,LV,3.2,45,45,3,7,0,Polling,https://en.wikipedia.org/wiki/2026_United_States_Senate_special_election_in_Florida
Georgia,regular,JonOssoff (D) vs MikeCollins (R),JonOssoff,MikeCollins,WPA Intelligence (R),TRUE,"January 14–15, 2025",2025-01-15,500,LV,4.4,44,34,NA,22,10,Polling,https://en.wikipedia.org/wiki/2026_United_States_Senate_election_in_Georgia
Georgia,regular,Jon Ossoff (D) vs Buddy Carter (R),Jon Ossoff,Buddy Carter,WPA Intelligence (R),TRUE,"January 14–15, 2025",2025-01-15,500,LV,4.4,45,32,NA,23,13,Polling,https://en.wikipedia.org/wiki/2026_United_States_Senate_election_in_Georgia
Georgia,regular,Jon Ossoff (D) vs Brad Raffensperger (R),Jon Ossoff,Brad Raffensperger,WPA Intelligence (R),TRUE,"January 14–15, 2025",2025-01-15,500,LV,4.4,46,32,NA,22,14,Polling,https://en.wikipedia.org/wiki/2026_United_States_Senate_election_in_Georgia
Georgia,regular,Jon Ossoff (D) vs Brian Kemp (R),Jon Ossoff,Brian Kemp,WPA Intelligence (R),TRUE,"January 14–15, 2025",2025-01-15,500,LV,4.4,40,46,NA,14,-6,Polling,https://en.wikipedia.org/wiki/2026_United_States_Senate_election_in_Georgia
Georgia,regular,Jon Ossoff (D) vs John King (R),Jon Ossoff,John King,WPA Intelligence (R),TRUE,"January 14–15, 2025",2025-01-15,500,LV,4.4,47,31,NA,22,16,Polling,https://en.wikipedia.org/wiki/2026_United_States_Senate_election_in_Georgia
Georgia,regular,Jon Ossoff (D) vs Rich McCormick (R),Jon Ossoff,Rich McCormick,WPA Intelligence (R),TRUE,"January 14–15, 2025",2025-01-15,500,LV,4.4,44,33,NA,23,11,Polling,https://en.wikipedia.org/wiki/2026_United_States_Senate_election_in_Georgia
Georgia,regular,Jon Ossoff (D) vs Buddy Carter (R),Jon Ossoff,Buddy Carter,Tyson Group (R),TRUE,"January 30–31, 2025",2025-01-31,600,LV,4,47,39,NA,13,8,Polling,https://en.wikipedia.org/wiki/2026_United_States_Senate_election_in_Georgia
Georgia,regular,Jon Ossoff (D) vs Brian Kemp (R),Jon Ossoff,Brian Kemp,Tyson Group (R),TRUE,"January 30–31, 2025",2025-01-31,600,LV,4,42,49,NA,8,-7,Polling,https://en.wikipedia.org/wiki/2026_United_States_Senate_election_in_Georgia
Georgia,regular,Jon Ossoff (D) vs Marjorie Taylor Greene (R),Jon Ossoff,Marjorie Taylor Greene,Tyson Group (R),TRUE,"January 30–31, 2025",2025-01-31,600,LV,4,51,39,NA,9,12,Polling,https://en.wikipedia.org/wiki/2026_United_States_Senate_election_in_Georgia
Georgia,regular,Jon Ossoff (D) vs Brian Kemp (R),Jon Ossoff,Brian Kemp,Quantus Insights (R),TRUE,"February 11–13, 2025",2025-02-13,800,RV,3.5,45,48,NA,7,-3,Polling,https://en.wikipedia.org/wiki/2026_United_States_Senate_election_in_Georgia
Georgia,regular,Jon Ossoff (D) vs Brad Raffensperger (R),Jon Ossoff,Brad Raffensperger,Atlanta Journal-Constitution,FALSE,"April 15–24, 2025",2025-04-24,1000,RV,3.1,48,39,NA,3,9,Polling,https://en.wikipedia.org/wiki/2026_United_States_Senate_election_in_Georgia
Georgia,regular,Jon Ossoff (D) vs Brian Kemp (R),Jon Ossoff,Brian Kemp,Atlanta Journal-Constitution,FALSE,"April 15–24, 2025",2025-04-24,1000,RV,3.1,46,49,NA,5,-3,Polling,https://en.wikipedia.org/wiki/2026_United_States_Senate_election_in_Georgia
Georgia,regular,Jon Ossoff (D) vs John King (R),Jon Ossoff,John King,Atlanta Journal-Constitution,FALSE,"April 15–24, 2025",2025-04-24,1000,RV,3.1,51,38,NA,11,13,Polling,https://en.wikipedia.org/wiki/2026_United_States_Senate_election_in_Georgia
Georgia,regular,Jon Ossoff (D) vs Marjorie Taylor Greene (R),Jon Ossoff,Marjorie Taylor Greene,Atlanta Journal-Constitution,FALSE,"April 15–24, 2025",2025-04-24,1000,RV,3.1,54,37,NA,9,17,Polling,https://en.wikipedia.org/wiki/2026_United_States_Senate_election_in_Georgia
Georgia,regular,JonOssoff (D) vs MikeCollins (R),JonOssoff,MikeCollins,Trafalgar Group (R),TRUE,"April 24–27, 2025",2025-04-27,1426,LV,2.9,48,43,3,6,5,Polling,https://en.wikipedia.org/wiki/2026_United_States_Senate_election_in_Georgia
Georgia,regular,Jon Ossoff (D) vs Brad Raffensperger (R),Jon Ossoff,Brad Raffensperger,Trafalgar Group (R),TRUE,"April 24–27, 2025",2025-04-27,1426,LV,2.9,46,38,10,6,8,Polling,https://en.wikipedia.org/wiki/2026_United_States_Senate_election_in_Georgia
Georgia,regular,Jon Ossoff (D) vs Marjorie Taylor Greene (R),Jon Ossoff,Marjorie Taylor Greene,Trafalgar Group (R),TRUE,"April 24–27, 2025",2025-04-27,1426,LV,2.9,48,37,8,7,11,Polling,https://en.wikipedia.org/wiki/2026_United_States_Senate_election_in_Georgia
Georgia,regular,JonOssoff (D) vs MikeCollins (R),JonOssoff,MikeCollins,Cygnal (R),TRUE,"May 15–17, 2025",2025-05-17,800,LV,3.4,46,43,NA,11,3,Polling,https://en.wikipedia.org/wiki/2026_United_States_Senate_election_in_Georgia
Georgia,regular,Jon Ossoff (D) vs Buddy Carter (R),Jon Ossoff,Buddy Carter,Cygnal (R),TRUE,"May 15–17, 2025",2025-05-17,800,LV,3.4,46,42,NA,12,4,Polling,https://en.wikipedia.org/wiki/2026_United_States_Senate_election_in_Georgia
Georgia,regular,Jon Ossoff (D) vs Brad Raffensperger (R),Jon Ossoff,Brad Raffensperger,Cygnal (R),TRUE,"May 15–17, 2025",2025-05-17,800,LV,3.4,44,44,NA,12,0,Polling,https://en.wikipedia.org/wiki/2026_United_States_Senate_election_in_Georgia
Georgia,regular,Jon Ossoff (D) vs John King (R),Jon Ossoff,John King,Cygnal (R),TRUE,"May 15–17, 2025",2025-05-17,800,LV,3.4,45,42,NA,13,3,Polling,https://en.wikipedia.org/wiki/2026_United_States_Senate_election_in_Georgia
Georgia,regular,Jon Ossoff (D) vs Derek Dooley (R),Jon Ossoff,Derek Dooley,Cygnal (R),TRUE,"June 16–18, 2025",2025-06-18,610,LV,3.9,50,41,NA,9,9,Polling,https://en.wikipedia.org/wiki/2026_United_States_Senate_election_in_Georgia
Georgia,regular,Jon Ossoff (D) vs Buddy Carter (R),Jon Ossoff,Buddy Carter,Cygnal (R),TRUE,"June 16–18, 2025",2025-06-18,610,LV,3.9,49,42,NA,9,7,Polling,https://en.wikipedia.org/wiki/2026_United_States_Senate_election_in_Georgia
Georgia,regular,Jon Ossoff (D) vs John King (R),Jon Ossoff,John King,Cygnal (R),TRUE,"June 16–18, 2025",2025-06-18,610,LV,3.9,50,40,NA,10,10,Polling,https://en.wikipedia.org/wiki/2026_United_States_Senate_election_in_Georgia
Georgia,regular,JonOssoff (D) vs MikeCollins (R),JonOssoff,MikeCollins,TIPP Insights,FALSE,"July 28 – August 1, 2025",2025-08-01,2956,RV,1.8,45,44,3,8,1,Polling,https://en.wikipedia.org/wiki/2026_United_States_Senate_election_in_Georgia
Georgia,regular,Jon Ossoff (D) vs Derek Dooley (R),Jon Ossoff,Derek Dooley,TIPP Insights,FALSE,"July 28 – August 1, 2025",2025-08-01,2956,RV,1.8,44,39,4,14,5,Polling,https://en.wikipedia.org/wiki/2026_United_States_Senate_election_in_Georgia
Georgia,regular,Jon Ossoff (D) vs Buddy Carter (R),Jon Ossoff,Buddy Carter,TIPP Insights,FALSE,"July 28 – August 1, 2025",2025-08-01,2956,RV,1.8,44,40,3,13,4,Polling,https://en.wikipedia.org/wiki/2026_United_States_Senate_election_in_Georgia
Georgia,regular,JonOssoff (D) vs MikeCollins (R),JonOssoff,MikeCollins,Quantus Insights (R),TRUE,"September 9–12, 2025",2025-09-12,624,RV,4.3,38,38,NA,23,0,Polling,https://en.wikipedia.org/wiki/2026_United_States_Senate_election_in_Georgia
Georgia,regular,Jon Ossoff (D) vs Derek Dooley (R),Jon Ossoff,Derek Dooley,Quantus Insights (R),TRUE,"September 9–12, 2025",2025-09-12,624,RV,4.3,42,35,NA,22,7,Polling,https://en.wikipedia.org/wiki/2026_United_States_Senate_election_in_Georgia
Georgia,regular,Jon Ossoff (D) vs Buddy Carter (R),Jon Ossoff,Buddy Carter,Quantus Insights (R),TRUE,"September 9–12, 2025",2025-09-12,624,RV,4.3,40,37,NA,22,3,Polling,https://en.wikipedia.org/wiki/2026_United_States_Senate_election_in_Georgia
Georgia,regular,JonOssoff (D) vs MikeCollins (R),JonOssoff,MikeCollins,Emerson College,FALSE,"February 28 – March 2, 2026",2026-03-02,1000,LV,3,48,43,NA,9,5,Polling,https://en.wikipedia.org/wiki/2026_United_States_Senate_election_in_Georgia
Georgia,regular,Jon Ossoff (D) vs Derek Dooley (R),Jon Ossoff,Derek Dooley,Emerson College,FALSE,"February 28 – March 2, 2026",2026-03-02,1000,LV,3,49,41,NA,10,8,Polling,https://en.wikipedia.org/wiki/2026_United_States_Senate_election_in_Georgia
Georgia,regular,Jon Ossoff (D) vs Buddy Carter (R),Jon Ossoff,Buddy Carter,Emerson College,FALSE,"February 28 – March 2, 2026",2026-03-02,1000,LV,3,47,44,NA,9,3,Polling,https://en.wikipedia.org/wiki/2026_United_States_Senate_election_in_Georgia
Georgia,regular,JonOssoff (D) vs MikeCollins (R),JonOssoff,MikeCollins,Echelon Insights (R),TRUE,"April 3–9, 2026",2026-04-09,407,LV,6.5,51,44,NA,5,7,Polling,https://en.wikipedia.org/wiki/2026_United_States_Senate_election_in_Georgia
Georgia,regular,Jon Ossoff (D) vs Buddy Carter (R),Jon Ossoff,Buddy Carter,Echelon Insights (R),TRUE,"April 3–9, 2026",2026-04-09,407,LV,6.5,52,43,NA,5,9,Polling,https://en.wikipedia.org/wiki/2026_United_States_Senate_election_in_Georgia
Georgia,regular,JonOssoff (D) vs MikeCollins (R),JonOssoff,MikeCollins,Beacon Research (D)/Shaw & Co. Research (R),TRUE,"June 23–27, 2026",2026-06-27,1002,RV,3,56,43,NA,1,13,Polling,https://en.wikipedia.org/wiki/2026_United_States_Senate_election_in_Georgia
Georgia,regular,JonOssoff (D) vs MikeCollins (R),JonOssoff,MikeCollins,Wick,FALSE,"June 27–30, 2026",2026-06-30,1175,LV,2.9,47,43,NA,10,4,Polling,https://en.wikipedia.org/wiki/2026_United_States_Senate_election_in_Georgia
Georgia,regular,JonOssoff (D) vs MikeCollins (R),JonOssoff,MikeCollins,Fabrizio Ward (R)/Impact Research (D),TRUE,"July 13–16, 2026",2026-07-16,1060,LV,3,52,43,NA,5,9,Polling,https://en.wikipedia.org/wiki/2026_United_States_Senate_election_in_Georgia
Georgia,regular,JonOssoff (D) vs MikeCollins (R),JonOssoff,MikeCollins,InsiderAdvantage (R),TRUE,"August 16–17, 2026",2026-08-17,800,LV,3.5,50,43,NA,7,7,Polling,https://en.wikipedia.org/wiki/2026_United_States_Senate_election_in_Georgia
Georgia,regular,JonOssoff (D) vs MikeCollins (R),JonOssoff,MikeCollins,Trafalgar Group (R),TRUE,"September 10–12, 2026",2026-09-12,1091,LV,2.9,49,43,1,7,6,Polling,https://en.wikipedia.org/wiki/2026_United_States_Senate_election_in_Georgia
Georgia,regular,JonOssoff (D) vs MikeCollins (R),JonOssoff,MikeCollins,Rasmussen Reports (R),TRUE,"September 14, 2026",2026-09-14,1019,LV,3,51,42,NA,6,9,Polling,https://en.wikipedia.org/wiki/2026_United_States_Senate_election_in_Georgia
Georgia,regular,JonOssoff (D) vs MikeCollins (R),JonOssoff,MikeCollins,Quantus Insights (R),TRUE,"September 14–16, 2026",2026-09-16,645,LV,4.3,48,44,1,7,4,Polling,https://en.wikipedia.org/wiki/2026_United_States_Senate_election_in_Georgia
Idaho,regular,David Roth (D) vs Jim Risch (R),David Roth,Jim Risch,The Bullfinch Group,FALSE,"May 29 – June 1, 2026",2026-06-01,774,RV,3.5,33,50,NA,17,-17,Polling,https://en.wikipedia.org/wiki/2026_United_States_Senate_election_in_Idaho
Idaho,regular,David Roth (D) vs Jim Risch (R),David Roth,Jim Risch,Peak Insights (R),TRUE,"June 6–7, 2026",2026-06-07,500,LV,4,15,55,7,14,-40,Polling,https://en.wikipedia.org/wiki/2026_United_States_Senate_election_in_Idaho
Idaho,regular,David Roth (D) vs Jim Risch (R),David Roth,Jim Risch,Change Research (I),FALSE,"July 28–30, 2026",2026-07-30,1213,LV,3,13,43,6,18,-30,Polling,https://en.wikipedia.org/wiki/2026_United_States_Senate_election_in_Idaho
Iowa,regular,Jackie Norris (D) vs Joni Ernst (R),Jackie Norris,Joni Ernst,Public Policy Polling (D),TRUE,"August 18–19, 2025",2025-08-19,572,V,4.1,42,45,NA,13,-3,Polling,https://en.wikipedia.org/wiki/2026_United_States_Senate_election_in_Iowa
Iowa,regular,Nathan Sage (D) vs Joni Ernst (R),Nathan Sage,Joni Ernst,Public Policy Polling (D),TRUE,"August 18–19, 2025",2025-08-19,572,V,4.1,41,45,NA,14,-4,Polling,https://en.wikipedia.org/wiki/2026_United_States_Senate_election_in_Iowa
Iowa,regular,Josh Turek (D) vs Joni Ernst (R),Josh Turek,Joni Ernst,Public Policy Polling (D),TRUE,"August 18–19, 2025",2025-08-19,572,V,4.1,41,45,NA,14,-4,Polling,https://en.wikipedia.org/wiki/2026_United_States_Senate_election_in_Iowa
Iowa,regular,Zach Wahls (D) vs Joni Ernst (R),Zach Wahls,Joni Ernst,Public Policy Polling (D),TRUE,"August 18–19, 2025",2025-08-19,572,V,4.1,42,43,NA,15,-1,Polling,https://en.wikipedia.org/wiki/2026_United_States_Senate_election_in_Iowa
Iowa,regular,JoshTurek (D) vs AshleyHinson (R),JoshTurek,AshleyHinson,Change Research (D),TRUE,"January 8–11, 2026",2026-01-11,1108,LV,NA,41,44,1,14,-3,Polling,https://en.wikipedia.org/wiki/2026_United_States_Senate_election_in_Iowa
Iowa,regular,Nathan Sage (D) vs Ashley Hinson (R),Nathan Sage,Ashley Hinson,Change Research (D),TRUE,"January 8–11, 2026",2026-01-11,1108,LV,NA,41,44,1,14,-3,Polling,https://en.wikipedia.org/wiki/2026_United_States_Senate_election_in_Iowa
Iowa,regular,Zach Wahls (D) vs Ashley Hinson (R),Zach Wahls,Ashley Hinson,Change Research (D),TRUE,"January 8–11, 2026",2026-01-11,1108,LV,NA,41,44,2,13,-3,Polling,https://en.wikipedia.org/wiki/2026_United_States_Senate_election_in_Iowa
Iowa,regular,JoshTurek (D) vs AshleyHinson (R),JoshTurek,AshleyHinson,GQR (D),TRUE,"March 10–16, 2026",2026-03-16,1200,LV,2.8,43,47,NA,11,-4,Polling,https://en.wikipedia.org/wiki/2026_United_States_Senate_election_in_Iowa
Iowa,regular,Zach Wahls (D) vs Ashley Hinson (R),Zach Wahls,Ashley Hinson,GQR (D),TRUE,"March 10–16, 2026",2026-03-16,1200,LV,2.8,44,47,NA,9,-3,Polling,https://en.wikipedia.org/wiki/2026_United_States_Senate_election_in_Iowa
Iowa,regular,JoshTurek (D) vs AshleyHinson (R),JoshTurek,AshleyHinson,Echelon Insights (R),TRUE,"April 3–9, 2026",2026-04-09,377,LV,6.6,46,45,NA,9,1,Polling,https://en.wikipedia.org/wiki/2026_United_States_Senate_election_in_Iowa
Iowa,regular,Zach Wahls (D) vs Ashley Hinson (R),Zach Wahls,Ashley Hinson,Echelon Insights (R),TRUE,"April 3–9, 2026",2026-04-09,377,LV,6.6,46,44,NA,10,2,Polling,https://en.wikipedia.org/wiki/2026_United_States_Senate_election_in_Iowa
Iowa,regular,JoshTurek (D) vs AshleyHinson (R),JoshTurek,AshleyHinson,Public Policy Polling (D),TRUE,"June 3–4, 2026",2026-06-04,557,RV,4.2,46,46,NA,7,0,Polling,https://en.wikipedia.org/wiki/2026_United_States_Senate_election_in_Iowa
Iowa,regular,JoshTurek (D) vs AshleyHinson (R),JoshTurek,AshleyHinson,Global Strategy Group (D),TRUE,"June 8–11, 2026",2026-06-11,1000,LV,3.1,47,45,NA,8,2,Polling,https://en.wikipedia.org/wiki/2026_United_States_Senate_election_in_Iowa
Iowa,regular,JoshTurek (D) vs AshleyHinson (R),JoshTurek,AshleyHinson,Cygnal (R),TRUE,"June 16–19, 2026",2026-06-19,600,LV,4,44,46,NA,10,-2,Polling,https://en.wikipedia.org/wiki/2026_United_States_Senate_election_in_Iowa
Iowa,regular,JoshTurek (D) vs AshleyHinson (R),JoshTurek,AshleyHinson,Beacon Research (D)/Shaw & Co. Research (R),TRUE,"June 23–27, 2026",2026-06-27,1003,RV,3,50,46,NA,4,4,Polling,https://en.wikipedia.org/wiki/2026_United_States_Senate_election_in_Iowa
Iowa,regular,JoshTurek (D) vs AshleyHinson (R),JoshTurek,AshleyHinson,New York Times/Siena University,FALSE,"June 15–27, 2026",2026-06-27,600,LV,4.7,46,48,NA,5,-2,Polling,https://en.wikipedia.org/wiki/2026_United_States_Senate_election_in_Iowa
Iowa,regular,JoshTurek (D) vs AshleyHinson (R),JoshTurek,AshleyHinson,Emerson College,FALSE,"August 2–4, 2026",2026-08-04,712,LV,3.7,45,48,NA,6,-3,Polling,https://en.wikipedia.org/wiki/2026_United_States_Senate_election_in_Iowa
Iowa,regular,JoshTurek (D) vs AshleyHinson (R),JoshTurek,AshleyHinson,Suffolk University,FALSE,"August 20–23, 2026",2026-08-23,500,LV,4.4,41,45,4,10,-4,Polling,https://en.wikipedia.org/wiki/2026_United_States_Senate_election_in_Iowa
Iowa,regular,JoshTurek (D) vs AshleyHinson (R),JoshTurek,AshleyHinson,Abacus Data,FALSE,"August 26–28, 2026",2026-08-28,323,LV,NA,54,45,1,NA,9,Polling,https://en.wikipedia.org/wiki/2026_United_States_Senate_election_in_Iowa
Iowa,regular,JoshTurek (D) vs AshleyHinson (R),JoshTurek,AshleyHinson,Abacus Data,FALSE,"August 26–28, 2026",2026-08-28,500,RV,4.4,52,46,2,NA,6,Polling,https://en.wikipedia.org/wiki/2026_United_States_Senate_election_in_Iowa
Iowa,regular,JoshTurek (D) vs AshleyHinson (R),JoshTurek,AshleyHinson,Wedgewood Polls,FALSE,"August 27–29, 2026",2026-08-29,600,LV,4.6,48,50,NA,2,-2,Polling,https://en.wikipedia.org/wiki/2026_United_States_Senate_election_in_Iowa
Iowa,regular,JoshTurek (D) vs AshleyHinson (R),JoshTurek,AshleyHinson,Global Strategy Group (D),TRUE,"August 27–31, 2026",2026-08-31,800,LV,3.5,46,42,6,6,4,Polling,https://en.wikipedia.org/wiki/2026_United_States_Senate_election_in_Iowa
Iowa,regular,JoshTurek (D) vs AshleyHinson (R),JoshTurek,AshleyHinson,Emerson College,FALSE,"August 31 – September 1, 2026",2026-09-01,750,LV,3.6,45,50,1,5,-5,Polling,https://en.wikipedia.org/wiki/2026_United_States_Senate_election_in_Iowa
Iowa,regular,JoshTurek (D) vs AshleyHinson (R),JoshTurek,AshleyHinson,YouGov,FALSE,"September 3–8, 2026",2026-09-08,2169,RV,3.5,44,43,3,11,1,Polling,https://en.wikipedia.org/wiki/2026_United_States_Senate_election_in_Iowa
Iowa,regular,JoshTurek (D) vs AshleyHinson (R),JoshTurek,AshleyHinson,YouGov,FALSE,"September 3–8, 2026",2026-09-08,2041,LV,3.5,47,43,1,8,4,Polling,https://en.wikipedia.org/wiki/2026_United_States_Senate_election_in_Iowa
Iowa,regular,JoshTurek (D) vs AshleyHinson (R),JoshTurek,AshleyHinson,Rasmussen Reports (R),TRUE,"September 8–10, 2026",2026-09-10,1031,LV,3,45,40,4,11,5,Polling,https://en.wikipedia.org/wiki/2026_United_States_Senate_election_in_Iowa
Iowa,regular,JoshTurek (D) vs AshleyHinson (R),JoshTurek,AshleyHinson,co/efficient (R),TRUE,"September 14–16, 2026",2026-09-16,831,LV,3.4,42,46,2,9,-4,Polling,https://en.wikipedia.org/wiki/2026_United_States_Senate_election_in_Iowa
Iowa,regular,JoshTurek (D) vs AshleyHinson (R),JoshTurek,AshleyHinson,co/efficient (R),TRUE,"September 14–16, 2026",2026-09-16,831,LV,3.4,43,48,NA,9,-5,Polling,https://en.wikipedia.org/wiki/2026_United_States_Senate_election_in_Iowa
Kansas,regular,AdamHamilton (D) vs RogerMarshall (R),AdamHamilton,RogerMarshall,Tavern Research (D),TRUE,"January 26–28, 2026",2026-01-28,1013,LV,4,46,54,NA,NA,-8,Polling,https://en.wikipedia.org/wiki/2026_United_States_Senate_election_in_Kansas
Kansas,regular,Noah Taylor (D) vs Roger Marshall (R),Noah Taylor,Roger Marshall,Tavern Research (D),TRUE,"January 26–28, 2026",2026-01-28,1013,LV,4,45,55,NA,NA,-10,Polling,https://en.wikipedia.org/wiki/2026_United_States_Senate_election_in_Kansas
Kansas,regular,Patrick Schmidt (D) vs Roger Marshall (R),Patrick Schmidt,Roger Marshall,Tavern Research (D),TRUE,"January 26–28, 2026",2026-01-28,1013,LV,4,45,55,NA,NA,-10,Polling,https://en.wikipedia.org/wiki/2026_United_States_Senate_election_in_Kansas
Kansas,regular,Patrick Schmidt (D) vs Roger Marshall (R),Patrick Schmidt,Roger Marshall,GQR (D),TRUE,"April 23–27, 2026",2026-04-27,500,LV,4.38,45,49,NA,6,-4,Polling,https://en.wikipedia.org/wiki/2026_United_States_Senate_election_in_Kansas
Kansas,regular,AdamHamilton (D) vs RogerMarshall (R),AdamHamilton,RogerMarshall,GBAO (D),TRUE,"July 8–13, 2026",2026-07-13,600,LV,4,43,47,NA,10,-4,Polling,https://en.wikipedia.org/wiki/2026_United_States_Senate_election_in_Kansas
Kansas,regular,AdamHamilton (D) vs RogerMarshall (R),AdamHamilton,RogerMarshall,Public Policy Polling (D),TRUE,"August 7–8, 2026",2026-08-08,569,LV,NA,45,46,NA,NA,-1,Polling,https://en.wikipedia.org/wiki/2026_United_States_Senate_election_in_Kansas
Kansas,regular,AdamHamilton (D) vs RogerMarshall (R),AdamHamilton,RogerMarshall,Global Strategy Group (D),TRUE,"August 12–16, 2026",2026-08-16,800,LV,3.5,44,43,5,8,1,Polling,https://en.wikipedia.org/wiki/2026_United_States_Senate_election_in_Kansas
Kansas,regular,AdamHamilton (D) vs RogerMarshall (R),AdamHamilton,RogerMarshall,co/efficient (R),TRUE,"September 8–10, 2026",2026-09-10,915,LV,3.22,44,49,2,5,-5,Polling,https://en.wikipedia.org/wiki/2026_United_States_Senate_election_in_Kansas
Kansas,regular,AdamHamilton (D) vs RogerMarshall (R),AdamHamilton,RogerMarshall,Emerson College,FALSE,"September 15–16, 2026",2026-09-16,750,LV,3.6,45,43,4,8,2,Polling,https://en.wikipedia.org/wiki/2026_United_States_Senate_election_in_Kansas
Kentucky,regular,Charles Booker (D) vs Andy Barr (R),Charles Booker,Andy Barr,Public Policy Polling (D),TRUE,"December 18–19, 2025",2025-12-19,650,V,NA,38,49,NA,13,-11,Polling,https://en.wikipedia.org/wiki/2026_United_States_Senate_election_in_Kentucky
Kentucky,regular,Charles Booker (D) vs Daniel Cameron (R),Charles Booker,Daniel Cameron,Public Policy Polling (D),TRUE,"December 18–19, 2025",2025-12-19,650,V,NA,39,46,NA,15,-7,Polling,https://en.wikipedia.org/wiki/2026_United_States_Senate_election_in_Kentucky
Kentucky,regular,Charles Booker (D) vs Nate Morris (R),Charles Booker,Nate Morris,Public Policy Polling (D),TRUE,"December 18–19, 2025",2025-12-19,650,V,NA,40,41,NA,19,-1,Polling,https://en.wikipedia.org/wiki/2026_United_States_Senate_election_in_Kentucky
Kentucky,regular,Charles Booker (D) vs Andy Barr (R),Charles Booker,Andy Barr,Global Strategy Group (D),TRUE,"August 24–27, 2026",2026-08-27,600,LV,4,40,49,NA,11,-9,Polling,https://en.wikipedia.org/wiki/2026_United_States_Senate_election_in_Kentucky
Louisiana,regular,Jamie Davis (D) vs Julia Letlow (R),Jamie Davis,Julia Letlow,Public Policy Polling (D),TRUE,"July 21–22, 2026",2026-07-22,518,RV,NA,37,41,NA,22,-4,Polling,https://en.wikipedia.org/wiki/2026_United_States_Senate_election_in_Louisiana
Maine,regular,Dan Kleban (D) vs Susan Collins (R),Dan Kleban,Susan Collins,Public Policy Polling (D),TRUE,"September 8–9, 2025",2025-09-09,642,RV,NA,44,35,NA,21,9,Polling,https://en.wikipedia.org/wiki/2026_United_States_Senate_election_in_Maine
Maine,regular,GrahamPlatner (D) vs SusanCollins (R),GrahamPlatner,SusanCollins,Zenith Research (D),TRUE,"October 7–10, 2025",2025-10-10,501,LV,4.4,38,38,10,15,0,Polling,https://en.wikipedia.org/wiki/2026_United_States_Senate_election_in_Maine
Maine,regular,JanetMills (D) vs SusanCollins (R),JanetMills,SusanCollins,Zenith Research (D),TRUE,"October 7–10, 2025",2025-10-10,501,LV,4.4,42,37,10,12,5,Polling,https://en.wikipedia.org/wiki/2026_United_States_Senate_election_in_Maine
Maine,regular,GrahamPlatner (D) vs SusanCollins (R),GrahamPlatner,SusanCollins,Maine People's Resource Center,FALSE,"October 26–29, 2025",2025-10-29,783,LV,3.5,45,41,NA,14,4,Polling,https://en.wikipedia.org/wiki/2026_United_States_Senate_election_in_Maine
Maine,regular,JanetMills (D) vs SusanCollins (R),JanetMills,SusanCollins,Maine People's Resource Center,FALSE,"October 26–29, 2025",2025-10-29,783,LV,3.5,42,46,NA,14,-4,Polling,https://en.wikipedia.org/wiki/2026_United_States_Senate_election_in_Maine
Maine,regular,GrahamPlatner (D) vs SusanCollins (R),GrahamPlatner,SusanCollins,Pan Atlantic Research,FALSE,"November 29 – December 7, 2025",2025-12-07,820,LV,3.7,43,42,NA,15,1,Polling,https://en.wikipedia.org/wiki/2026_United_States_Senate_election_in_Maine
Maine,regular,JanetMills (D) vs SusanCollins (R),JanetMills,SusanCollins,Pan Atlantic Research,FALSE,"November 29 – December 7, 2025",2025-12-07,820,LV,3.7,43,43,NA,14,0,Polling,https://en.wikipedia.org/wiki/2026_United_States_Senate_election_in_Maine
Maine,regular,GrahamPlatner (D) vs SusanCollins (R),GrahamPlatner,SusanCollins,Workbench Strategy (D),TRUE,"December 11–16, 2025",2025-12-16,900,LV,4.4,50,50,NA,NA,0,Polling,https://en.wikipedia.org/wiki/2026_United_States_Senate_election_in_Maine
Maine,regular,JanetMills (D) vs SusanCollins (R),JanetMills,SusanCollins,Workbench Strategy (D),TRUE,"December 11–16, 2025",2025-12-16,900,LV,4.4,49,51,NA,NA,-2,Polling,https://en.wikipedia.org/wiki/2026_United_States_Senate_election_in_Maine
Maine,regular,GrahamPlatner (D) vs SusanCollins (R),GrahamPlatner,SusanCollins,"Fabrizio, Lee & Associates (R)",TRUE,"January 20–24, 2026",2026-01-24,800,LV,3.5,44,45,NA,11,-1,Polling,https://en.wikipedia.org/wiki/2026_United_States_Senate_election_in_Maine
Maine,regular,JanetMills (D) vs SusanCollins (R),JanetMills,SusanCollins,"Fabrizio, Lee & Associates (R)",TRUE,"January 20–24, 2026",2026-01-24,800,LV,3.5,44,45,NA,11,-1,Polling,https://en.wikipedia.org/wiki/2026_United_States_Senate_election_in_Maine
Maine,regular,GrahamPlatner (D) vs SusanCollins (R),GrahamPlatner,SusanCollins,University of New Hampshire,FALSE,"February 12–16, 2026",2026-02-16,1105,LV,2.9,49,38,4,9,11,Polling,https://en.wikipedia.org/wiki/2026_United_States_Senate_election_in_Maine
Maine,regular,JanetMills (D) vs SusanCollins (R),JanetMills,SusanCollins,University of New Hampshire,FALSE,"February 12–16, 2026",2026-02-16,1105,LV,2.9,41,40,9,10,1,Polling,https://en.wikipedia.org/wiki/2026_United_States_Senate_election_in_Maine
Maine,regular,GrahamPlatner (D) vs SusanCollins (R),GrahamPlatner,SusanCollins,Pan Atlantic Research,FALSE,"February 13 – March 2, 2026",2026-03-02,810,LV,3.7,44,40,NA,16,4,Polling,https://en.wikipedia.org/wiki/2026_United_States_Senate_election_in_Maine
Maine,regular,JanetMills (D) vs SusanCollins (R),JanetMills,SusanCollins,Pan Atlantic Research,FALSE,"February 13 – March 2, 2026",2026-03-02,810,LV,3.7,44,44,NA,12,0,Polling,https://en.wikipedia.org/wiki/2026_United_States_Senate_election_in_Maine
Maine,regular,GrahamPlatner (D) vs SusanCollins (R),GrahamPlatner,SusanCollins,Quantus Insights (R),TRUE,"March 5, 2026",2026-03-05,800,LV,3.4,49,42,4,6,7,Polling,https://en.wikipedia.org/wiki/2026_United_States_Senate_election_in_Maine
Maine,regular,JanetMills (D) vs SusanCollins (R),JanetMills,SusanCollins,Quantus Insights (R),TRUE,"March 5, 2026",2026-03-05,800,LV,3.4,43,45,7,6,-2,Polling,https://en.wikipedia.org/wiki/2026_United_States_Senate_election_in_Maine
Maine,regular,GrahamPlatner (D) vs SusanCollins (R),GrahamPlatner,SusanCollins,OnMessage Public Strategies (R),TRUE,"March 3–8, 2026",2026-03-08,600,LV,4,44,42,NA,14,2,Polling,https://en.wikipedia.org/wiki/2026_United_States_Senate_election_in_Maine
Maine,regular,JanetMills (D) vs SusanCollins (R),JanetMills,SusanCollins,OnMessage Public Strategies (R),TRUE,"March 3–8, 2026",2026-03-08,600,LV,4,42,42,NA,16,0,Polling,https://en.wikipedia.org/wiki/2026_United_States_Senate_election_in_Maine
Maine,regular,GrahamPlatner (D) vs SusanCollins (R),GrahamPlatner,SusanCollins,Emerson College,FALSE,"March 21–23, 2026",2026-03-23,1075,LV,2.9,48,41,6,6,7,Polling,https://en.wikipedia.org/wiki/2026_United_States_Senate_election_in_Maine
Maine,regular,JanetMills (D) vs SusanCollins (R),JanetMills,SusanCollins,Emerson College,FALSE,"March 21–23, 2026",2026-03-23,1075,LV,2.9,46,43,8,3,3,Polling,https://en.wikipedia.org/wiki/2026_United_States_Senate_election_in_Maine
Maine,regular,GrahamPlatner (D) vs SusanCollins (R),GrahamPlatner,SusanCollins,Maine People's Resource Center (D),TRUE,"March 20–31, 2026",2026-03-31,1167,LV,2.9,48,39,NA,13,9,Polling,https://en.wikipedia.org/wiki/2026_United_States_Senate_election_in_Maine
Maine,regular,JanetMills (D) vs SusanCollins (R),JanetMills,SusanCollins,Maine People's Resource Center (D),TRUE,"March 20–31, 2026",2026-03-31,1167,LV,2.9,42,45,NA,9,-3,Polling,https://en.wikipedia.org/wiki/2026_United_States_Senate_election_in_Maine
Maine,regular,GrahamPlatner (D) vs SusanCollins (R),GrahamPlatner,SusanCollins,Echelon Insights (R),TRUE,"April 3–9, 2026",2026-04-09,378,LV,6.3,51,45,NA,6,6,Polling,https://en.wikipedia.org/wiki/2026_United_States_Senate_election_in_Maine
Maine,regular,JanetMills (D) vs SusanCollins (R),JanetMills,SusanCollins,Echelon Insights (R),TRUE,"April 3–9, 2026",2026-04-09,378,LV,6.3,48,46,NA,6,2,Polling,https://en.wikipedia.org/wiki/2026_United_States_Senate_election_in_Maine
Maine,regular,GrahamPlatner (D) vs SusanCollins (R),GrahamPlatner,SusanCollins,Pan Atlantic Research,FALSE,"May 8–18, 2026",2026-05-18,827,LV,3.7,48,41,NA,11,7,Polling,https://en.wikipedia.org/wiki/2026_United_States_Senate_election_in_Maine
Maine,regular,GrahamPlatner (D) vs SusanCollins (R),GrahamPlatner,SusanCollins,University of New Hampshire,FALSE,"May 21–25, 2026",2026-05-25,1280,LV,2.7,51,42,2,8,9,Polling,https://en.wikipedia.org/wiki/2026_United_States_Senate_election_in_Maine
Maine,regular,GrahamPlatner (D) vs SusanCollins (R),GrahamPlatner,SusanCollins,UMass Lowell/YouGov,FALSE,"May 13–26, 2026",2026-05-26,650,LV,4.9,48,43,1,6,5,Polling,https://en.wikipedia.org/wiki/2026_United_States_Senate_election_in_Maine
Maine,regular,GrahamPlatner (D) vs SusanCollins (R),GrahamPlatner,SusanCollins,Public Policy Polling (D),TRUE,"June 2–3, 2026",2026-06-03,670,RV,3.8,49,45,NA,6,4,Polling,https://en.wikipedia.org/wiki/2026_United_States_Senate_election_in_Maine
Maine,regular,GrahamPlatner (D) vs SusanCollins (R),GrahamPlatner,SusanCollins,"Fabrizio, Lee & Associates (R)",TRUE,"June 1–3, 2026",2026-06-03,800,LV,3.5,46,46,NA,8,0,Polling,https://en.wikipedia.org/wiki/2026_United_States_Senate_election_in_Maine
Maine,regular,GrahamPlatner (D) vs SusanCollins (R),GrahamPlatner,SusanCollins,The Public Sentiment Institute,FALSE,"June 8, 2026",2026-06-08,497,LV,4.9,43,44,NA,13,-1,Polling,https://en.wikipedia.org/wiki/2026_United_States_Senate_election_in_Maine
Maine,regular,GrahamPlatner (D) vs SusanCollins (R),GrahamPlatner,SusanCollins,Tavern Research (D),TRUE,"June 5–8, 2026",2026-06-08,1642,LV,2.8,51,49,NA,NA,2,Polling,https://en.wikipedia.org/wiki/2026_United_States_Senate_election_in_Maine
Maine,regular,JanetMills (D) vs SusanCollins (R),JanetMills,SusanCollins,Tavern Research (D),TRUE,"June 5–8, 2026",2026-06-08,1642,LV,2.8,52,48,NA,NA,4,Polling,https://en.wikipedia.org/wiki/2026_United_States_Senate_election_in_Maine
Maine,regular,GrahamPlatner (D) vs SusanCollins (R),GrahamPlatner,SusanCollins,Quantus Insights (R),TRUE,"June 9–11, 2026",2026-06-11,870,LV,3.4,46,45,2,7,1,Polling,https://en.wikipedia.org/wiki/2026_United_States_Senate_election_in_Maine
Maine,regular,GrahamPlatner (D) vs SusanCollins (R),GrahamPlatner,SusanCollins,Wick (R)/2WAY,TRUE,"June 11–14, 2026",2026-06-14,1008,LV,3.1,48,45,NA,7,3,Polling,https://en.wikipedia.org/wiki/2026_United_States_Senate_election_in_Maine
Maine,regular,GrahamPlatner (D) vs SusanCollins (R),GrahamPlatner,SusanCollins,The New York Times/Portland Press Herald/Siena University,FALSE,"June 19–26, 2026",2026-06-26,608,LV,4.8,49,47,NA,4,2,Polling,https://en.wikipedia.org/wiki/2026_United_States_Senate_election_in_Maine
Maine,regular,GrahamPlatner (D) vs SusanCollins (R),GrahamPlatner,SusanCollins,Beacon Research (D)/Shaw & Co. Research (R),TRUE,"June 23–27, 2026",2026-06-27,1003,RV,3,47,50,NA,3,-3,Polling,https://en.wikipedia.org/wiki/2026_United_States_Senate_election_in_Maine
Maine,regular,TroyJackson (D) vs SusanCollins (R),TroyJackson,SusanCollins,Wedgewood Polls (D),TRUE,"July 4–6, 2026",2026-07-06,405,LV,5.8,48,43,NA,9,5,Polling,https://en.wikipedia.org/wiki/2026_United_States_Senate_election_in_Maine
Maine,regular,GrahamPlatner (D) vs SusanCollins (R),GrahamPlatner,SusanCollins,Wedgewood Polls,FALSE,"July 4–6, 2026",2026-07-06,405,LV,5.8,46,50,NA,4,-4,Polling,https://en.wikipedia.org/wiki/2026_United_States_Senate_election_in_Maine
Maine,regular,GrahamPlatner (D) vs SusanCollins (R),GrahamPlatner,SusanCollins,Tavern Research (D),TRUE,"July 3–6, 2026",2026-07-06,1074,LV,3.4,52,48,NA,NA,4,Polling,https://en.wikipedia.org/wiki/2026_United_States_Senate_election_in_Maine
Maine,regular,JanetMills (D) vs SusanCollins (R),JanetMills,SusanCollins,Wedgewood Polls,FALSE,"July 4–6, 2026",2026-07-06,405,LV,5.8,47,47,NA,6,0,Polling,https://en.wikipedia.org/wiki/2026_United_States_Senate_election_in_Maine
Maine,regular,TroyJackson (D) vs SusanCollins (R),TroyJackson,SusanCollins,Public Policy Polling (D),TRUE,"July 7, 2026",2026-07-07,785,LV,NA,49,44,NA,7,5,Polling,https://en.wikipedia.org/wiki/2026_United_States_Senate_election_in_Maine
Maine,regular,Shenna Bellows (D) vs Susan Collins (R),Shenna Bellows,Susan Collins,Public Policy Polling (D),TRUE,"July 7, 2026",2026-07-07,785,LV,NA,47,47,NA,6,0,Polling,https://en.wikipedia.org/wiki/2026_United_States_Senate_election_in_Maine
Maine,regular,GrahamPlatner (D) vs SusanCollins (R),GrahamPlatner,SusanCollins,Public Policy Polling (D),TRUE,"July 7, 2026",2026-07-07,785,LV,NA,42,47,NA,11,-5,Polling,https://en.wikipedia.org/wiki/2026_United_States_Senate_election_in_Maine
Maine,regular,JanetMills (D) vs SusanCollins (R),JanetMills,SusanCollins,Public Policy Polling (D),TRUE,"July 7, 2026",2026-07-07,785,LV,NA,37,48,NA,15,-11,Polling,https://en.wikipedia.org/wiki/2026_United_States_Senate_election_in_Maine
Maine,regular,Nirav Shah (D) vs Susan Collins (R),Nirav Shah,Susan Collins,Public Policy Polling (D),TRUE,"July 7, 2026",2026-07-07,785,LV,NA,45,45,NA,10,0,Polling,https://en.wikipedia.org/wiki/2026_United_States_Senate_election_in_Maine
Maine,regular,Jordan Wood (D) vs Susan Collins (R),Jordan Wood,Susan Collins,Public Policy Polling (D),TRUE,"July 7, 2026",2026-07-07,785,LV,NA,38,47,NA,15,-9,Polling,https://en.wikipedia.org/wiki/2026_United_States_Senate_election_in_Maine
Maine,regular,TroyJackson (D) vs SusanCollins (R),TroyJackson,SusanCollins,Z to A Research (D),TRUE,"July 7–8, 2026",2026-07-08,988,LV,3.1,47,48,NA,5,-1,Polling,https://en.wikipedia.org/wiki/2026_United_States_Senate_election_in_Maine
Maine,regular,Shenna Bellows (D) vs Susan Collins (R),Shenna Bellows,Susan Collins,Z to A Research (D),TRUE,"July 7–8, 2026",2026-07-08,988,LV,3.1,47,47,NA,6,0,Polling,https://en.wikipedia.org/wiki/2026_United_States_Senate_election_in_Maine
Maine,regular,Nirav Shah (D) vs Susan Collins (R),Nirav Shah,Susan Collins,Z to A Research (D),TRUE,"July 7–8, 2026",2026-07-08,988,LV,3.1,47,46,NA,5,1,Polling,https://en.wikipedia.org/wiki/2026_United_States_Senate_election_in_Maine
Maine,regular,TroyJackson (D) vs SusanCollins (R),TroyJackson,SusanCollins,University of New Hampshire,FALSE,"July 15–20, 2026",2026-07-20,1178,LV,2.9,49,46,2,3,3,Polling,https://en.wikipedia.org/wiki/2026_United_States_Senate_election_in_Maine
Maine,regular,TroyJackson (D) vs SusanCollins (R),TroyJackson,SusanCollins,Hart Research (D),TRUE,"July 27 – August 1, 2026",2026-08-01,802,LV,3.5,49,45,NA,6,4,Polling,https://en.wikipedia.org/wiki/2026_United_States_Senate_election_in_Maine
Maine,regular,TroyJackson (D) vs SusanCollins (R),TroyJackson,SusanCollins,Beacon Research (D)/Shaw & Co. Research (R),TRUE,"August 6–10, 2026",2026-08-10,1000,RV,3,48,46,1,5,2,Polling,https://en.wikipedia.org/wiki/2026_United_States_Senate_election_in_Maine
Maine,regular,TroyJackson (D) vs SusanCollins (R),TroyJackson,SusanCollins,Abacus Data,FALSE,"August 26–28, 2026",2026-08-28,327,LV,NA,52,43,4,NA,9,Polling,https://en.wikipedia.org/wiki/2026_United_States_Senate_election_in_Maine
Maine,regular,TroyJackson (D) vs SusanCollins (R),TroyJackson,SusanCollins,Abacus Data,FALSE,"August 26–28, 2026",2026-08-28,500,RV,4.4,45,46,9,NA,-1,Polling,https://en.wikipedia.org/wiki/2026_United_States_Senate_election_in_Maine
Maine,regular,TroyJackson (D) vs SusanCollins (R),TroyJackson,SusanCollins,SSRS,FALSE,"August 31 – September 6, 2026",2026-09-06,880,LV,3.7,48,45,7,NA,3,Polling,https://en.wikipedia.org/wiki/2026_United_States_Senate_election_in_Maine
Maine,regular,TroyJackson (D) vs SusanCollins (R),TroyJackson,SusanCollins,YouGov,FALSE,"September 2–8, 2026",2026-09-08,1335,LV,4.9,48,44,1,6,4,Polling,https://en.wikipedia.org/wiki/2026_United_States_Senate_election_in_Maine
Maine,regular,TroyJackson (D) vs SusanCollins (R),TroyJackson,SusanCollins,YouGov,FALSE,"September 2–8, 2026",2026-09-08,1378,RV,4.9,46,44,1,9,2,Polling,https://en.wikipedia.org/wiki/2026_United_States_Senate_election_in_Maine
Maine,regular,TroyJackson (D) vs SusanCollins (R),TroyJackson,SusanCollins,Rasmussen Reports (R),TRUE,"September 8–10, 2026",2026-09-10,1033,LV,3,46,45,NA,9,1,Polling,https://en.wikipedia.org/wiki/2026_United_States_Senate_election_in_Maine
Maine,regular,TroyJackson (D) vs SusanCollins (R),TroyJackson,SusanCollins,Quantus Insights (R),TRUE,"September 14–15, 2026",2026-09-15,621,LV,4.3,47,48,2,4,-1,Polling,https://en.wikipedia.org/wiki/2026_United_States_Senate_election_in_Maine
Maine,regular,TroyJackson (D) vs SusanCollins (R),TroyJackson,SusanCollins,Quantus Insights (R),TRUE,"September 14–15, 2026",2026-09-15,621,LV,4.3,46,47,2,5,-1,Polling,https://en.wikipedia.org/wiki/2026_United_States_Senate_election_in_Maine
Massachusetts,regular,Ed Markey (D) vs Charlie Baker (R),Ed Markey,Charlie Baker,MassINC Polling Group,FALSE,"October 29 – November 1, 2024",2024-11-01,582,LV,4.9,34,40,7,19,-6,Polling,https://en.wikipedia.org/wiki/2026_United_States_Senate_election_in_Massachusetts
Massachusetts,regular,Ed Markey (D) vs Charlie Baker (R),Ed Markey,Charlie Baker,UMass Amherst/YouGov,FALSE,"February 14–20, 2025",2025-02-20,700,A,4.8,35,33,NA,33,2,Polling,https://en.wikipedia.org/wiki/2026_United_States_Senate_election_in_Massachusetts
Massachusetts,regular,Ed Markey (D) vs John Deaton (R),Ed Markey,John Deaton,SurveyUSA,FALSE,"February 28 – March 4, 2025",2025-03-04,775,RV,NA,45,26,NA,30,19,Polling,https://en.wikipedia.org/wiki/2026_United_States_Senate_election_in_Massachusetts
Massachusetts,regular,Ed Markey (D) vs John Deaton (R),Ed Markey,John Deaton,Suffolk University,FALSE,"November 19–23, 2025",2025-11-23,500,RV,4.4,54,31,NA,15,23,Polling,https://en.wikipedia.org/wiki/2026_United_States_Senate_election_in_Massachusetts
Massachusetts,regular,Seth Moulton (D) vs John Deaton (R),Seth Moulton,John Deaton,Suffolk University,FALSE,"November 19–23, 2025",2025-11-23,500,RV,4.4,52,29,NA,19,23,Polling,https://en.wikipedia.org/wiki/2026_United_States_Senate_election_in_Massachusetts
Massachusetts,regular,Ed Markey (D) vs John Deaton (R),Ed Markey,John Deaton,Cygnal (R),TRUE,"January 22–25, 2026",2026-01-25,800,LV,3.5,54,30,NA,16,24,Polling,https://en.wikipedia.org/wiki/2026_United_States_Senate_election_in_Massachusetts
Massachusetts,regular,Ed Markey (D) vs John Deaton (R),Ed Markey,John Deaton,University of New Hampshire,FALSE,"February 12–16, 2026",2026-02-16,620,LV,3.9,56,27,2,15,29,Polling,https://en.wikipedia.org/wiki/2026_United_States_Senate_election_in_Massachusetts
Massachusetts,regular,Seth Moulton (D) vs John Deaton (R),Seth Moulton,John Deaton,University of New Hampshire,FALSE,"February 12–16, 2026",2026-02-16,620,LV,3.9,59,23,2,16,36,Polling,https://en.wikipedia.org/wiki/2026_United_States_Senate_election_in_Massachusetts
Massachusetts,regular,Ed Markey (D) vs John Deaton (R),Ed Markey,John Deaton,University of New Hampshire,FALSE,"April 16–20, 2026",2026-04-20,603,LV,4,55,32,1,12,23,Polling,https://en.wikipedia.org/wiki/2026_United_States_Senate_election_in_Massachusetts
Massachusetts,regular,Seth Moulton (D) vs John Deaton (R),Seth Moulton,John Deaton,University of New Hampshire,FALSE,"April 16–20, 2026",2026-04-20,600,LV,4,56,25,1,18,31,Polling,https://en.wikipedia.org/wiki/2026_United_States_Senate_election_in_Massachusetts
Massachusetts,regular,Ed Markey (D) vs John Deaton (R),Ed Markey,John Deaton,Suffolk University,FALSE,"June 8–12, 2026",2026-06-12,500,LV,4.4,55,30,1,14,25,Polling,https://en.wikipedia.org/wiki/2026_United_States_Senate_election_in_Massachusetts
Massachusetts,regular,Seth Moulton (D) vs John Deaton (R),Seth Moulton,John Deaton,Suffolk University,FALSE,"June 8–12, 2026",2026-06-12,500,LV,4.4,54,26,2,18,28,Polling,https://en.wikipedia.org/wiki/2026_United_States_Senate_election_in_Massachusetts
Massachusetts,regular,Ed Markey (D) vs John Deaton (R),Ed Markey,John Deaton,University of New Hampshire,FALSE,"June 18–23, 2026",2026-06-23,623,LV,3.8,50,34,NA,16,16,Polling,https://en.wikipedia.org/wiki/2026_United_States_Senate_election_in_Massachusetts
Massachusetts,regular,Seth Moulton (D) vs John Deaton (R),Seth Moulton,John Deaton,University of New Hampshire,FALSE,"June 18–23, 2026",2026-06-23,623,LV,3.8,50,30,1,19,20,Polling,https://en.wikipedia.org/wiki/2026_United_States_Senate_election_in_Massachusetts
Massachusetts,regular,Ed Markey (D) vs John Deaton (R),Ed Markey,John Deaton,UMass Amherst/YouGov,FALSE,"August 5–12, 2026",2026-08-12,800,RV,4.4,51,30,3,15,21,Polling,https://en.wikipedia.org/wiki/2026_United_States_Senate_election_in_Massachusetts
Massachusetts,regular,Seth Moulton (D) vs John Deaton (R),Seth Moulton,John Deaton,UMass Amherst/YouGov,FALSE,"August 5–12, 2026",2026-08-12,800,RV,4.4,49,25,3,22,24,Polling,https://en.wikipedia.org/wiki/2026_United_States_Senate_election_in_Massachusetts
Massachusetts,regular,Ed Markey (D) vs John Deaton (R),Ed Markey,John Deaton,University of New Hampshire,FALSE,"August 20–24, 2026",2026-08-24,881,LV,2.2,49,30,8,12,19,Polling,https://en.wikipedia.org/wiki/2026_United_States_Senate_election_in_Massachusetts
Massachusetts,regular,Seth Moulton (D) vs John Deaton (R),Seth Moulton,John Deaton,University of New Hampshire,FALSE,"August 20–24, 2026",2026-08-24,881,LV,2.2,38,25,18,19,13,Polling,https://en.wikipedia.org/wiki/2026_United_States_Senate_election_in_Massachusetts
Michigan,regular,Pete Buttigieg (D) vs Mike Rogers (R),Pete Buttigieg,Mike Rogers,EPIC-MRA,FALSE,"February 3–8, 2025",2025-02-08,600,V,4,41,47,12,12,-6,Polling,https://en.wikipedia.org/wiki/2026_United_States_Senate_election_in_Michigan
Michigan,regular,Haley Stevens (D) vs Mike Rogers (R),Haley Stevens,Mike Rogers,Target Insyght,FALSE,"March 3–6, 2025",2025-03-06,600,V,4,35,41,NA,24,-6,Polling,https://en.wikipedia.org/wiki/2026_United_States_Senate_election_in_Michigan
Michigan,regular,Pete Buttigieg (D) vs Mike Rogers (R),Pete Buttigieg,Mike Rogers,Target Insyght,FALSE,"March 3–6, 2025",2025-03-06,600,V,4,46,44,10,10,2,Polling,https://en.wikipedia.org/wiki/2026_United_States_Senate_election_in_Michigan
Michigan,regular,Gretchen Whitmer (D) vs Mike Rogers (R),Gretchen Whitmer,Mike Rogers,Target Insyght,FALSE,"March 3–6, 2025",2025-03-06,600,V,4,42,41,17,17,1,Polling,https://en.wikipedia.org/wiki/2026_United_States_Senate_election_in_Michigan
Michigan,regular,Dana Nessel (D) vs Mike Rogers (R),Dana Nessel,Mike Rogers,Mitchell Research,FALSE,"March 13, 2025",2025-03-13,688,LV,3.7,45,44,11,11,1,Polling,https://en.wikipedia.org/wiki/2026_United_States_Senate_election_in_Michigan
Michigan,regular,Dana Nessel (D) vs Tudor Dixon (R),Dana Nessel,Tudor Dixon,Mitchell Research,FALSE,"March 13, 2025",2025-03-13,688,LV,3.7,45,45,10,10,0,Polling,https://en.wikipedia.org/wiki/2026_United_States_Senate_election_in_Michigan
Michigan,regular,Gretchen Whitmer (D) vs Brian Posthumus (R),Gretchen Whitmer,Brian Posthumus,Mitchell Research,FALSE,"March 13, 2025",2025-03-13,688,LV,3.7,47,41,12,12,6,Polling,https://en.wikipedia.org/wiki/2026_United_States_Senate_election_in_Michigan
Michigan,regular,Gretchen Whitmer (D) vs Mike Rogers (R),Gretchen Whitmer,Mike Rogers,Mitchell Research,FALSE,"March 13, 2025",2025-03-13,688,LV,3.7,47,44,9,9,3,Polling,https://en.wikipedia.org/wiki/2026_United_States_Senate_election_in_Michigan
Michigan,regular,Gretchen Whitmer (D) vs Peter Meijer (R),Gretchen Whitmer,Peter Meijer,Mitchell Research,FALSE,"March 13, 2025",2025-03-13,688,LV,3.7,46,40,14,14,6,Polling,https://en.wikipedia.org/wiki/2026_United_States_Senate_election_in_Michigan
Michigan,regular,Gretchen Whitmer (D) vs Tudor Dixon (R),Gretchen Whitmer,Tudor Dixon,Mitchell Research,FALSE,"March 13, 2025",2025-03-13,688,LV,3.7,47,46,7,7,1,Polling,https://en.wikipedia.org/wiki/2026_United_States_Senate_election_in_Michigan
Michigan,regular,AbdulEl-Sayed (D) vs MikeRogers (R),AbdulEl-Sayed,MikeRogers,Glengariff Group,FALSE,"May 5–8, 2025",2025-05-08,600,RV,4,41,47,NA,12,-6,Polling,https://en.wikipedia.org/wiki/2026_United_States_Senate_election_in_Michigan
Michigan,regular,AbdulEl-Sayed (D) vs MikeRogers (R),AbdulEl-Sayed,MikeRogers,Glengariff Group,FALSE,"May 5–8, 2025",2025-05-08,600,RV,4,45,47,NA,8,-2,Polling,https://en.wikipedia.org/wiki/2026_United_States_Senate_election_in_Michigan
Michigan,regular,Haley Stevens (D) vs Mike Rogers (R),Haley Stevens,Mike Rogers,Glengariff Group,FALSE,"May 5–8, 2025",2025-05-08,600,RV,4,45,44,NA,11,1,Polling,https://en.wikipedia.org/wiki/2026_United_States_Senate_election_in_Michigan
Michigan,regular,Haley Stevens (D) vs Mike Rogers (R),Haley Stevens,Mike Rogers,Glengariff Group,FALSE,"May 5–8, 2025",2025-05-08,600,RV,4,49,43,NA,8,6,Polling,https://en.wikipedia.org/wiki/2026_United_States_Senate_election_in_Michigan
Michigan,regular,Mallory McMorrow (D) vs Mike Rogers (R),Mallory McMorrow,Mike Rogers,Glengariff Group,FALSE,"May 5–8, 2025",2025-05-08,600,RV,4,42,46,NA,12,-4,Polling,https://en.wikipedia.org/wiki/2026_United_States_Senate_election_in_Michigan
Michigan,regular,Mallory McMorrow (D) vs Mike Rogers (R),Mallory McMorrow,Mike Rogers,Glengariff Group,FALSE,"May 5–8, 2025",2025-05-08,600,RV,4,46,44,NA,10,2,Polling,https://en.wikipedia.org/wiki/2026_United_States_Senate_election_in_Michigan
Michigan,regular,Haley Stevens (D) vs Bill Huizenga (R),Haley Stevens,Bill Huizenga,Glengariff Group,FALSE,"May 5–8, 2025",2025-05-08,600,RV,4,45,39,16,16,6,Polling,https://en.wikipedia.org/wiki/2026_United_States_Senate_election_in_Michigan
Michigan,regular,Haley Stevens (D) vs Bill Huizenga (R),Haley Stevens,Bill Huizenga,Glengariff Group,FALSE,"May 5–8, 2025",2025-05-08,600,RV,4,48,39,13,13,9,Polling,https://en.wikipedia.org/wiki/2026_United_States_Senate_election_in_Michigan
Michigan,regular,Abdul El-Sayed (D) vs Bill Huizenga (R),Abdul El-Sayed,Bill Huizenga,Glengariff Group,FALSE,"May 5–8, 2025",2025-05-08,600,RV,4,41,41,18,18,0,Polling,https://en.wikipedia.org/wiki/2026_United_States_Senate_election_in_Michigan
Michigan,regular,Abdul El-Sayed (D) vs Bill Huizenga (R),Abdul El-Sayed,Bill Huizenga,Glengariff Group,FALSE,"May 5–8, 2025",2025-05-08,600,RV,4,44,41,15,15,3,Polling,https://en.wikipedia.org/wiki/2026_United_States_Senate_election_in_Michigan
Michigan,regular,Mallory McMorrow (D) vs Bill Huizenga (R),Mallory McMorrow,Bill Huizenga,Glengariff Group,FALSE,"May 5–8, 2025",2025-05-08,600,RV,4,41,41,18,18,0,Polling,https://en.wikipedia.org/wiki/2026_United_States_Senate_election_in_Michigan
Michigan,regular,Mallory McMorrow (D) vs Bill Huizenga (R),Mallory McMorrow,Bill Huizenga,Glengariff Group,FALSE,"May 5–8, 2025",2025-05-08,600,RV,4,45,40,15,15,5,Polling,https://en.wikipedia.org/wiki/2026_United_States_Senate_election_in_Michigan
Michigan,regular,Haley Stevens (D) vs Mike Rogers (R),Haley Stevens,Mike Rogers,Normington Petts (D),TRUE,"June 12–16, 2025",2025-06-16,700,LV,3.7,47,45,NA,8,2,Polling,https://en.wikipedia.org/wiki/2026_United_States_Senate_election_in_Michigan
Michigan,regular,Mallory McMorrow (D) vs Mike Rogers (R),Mallory McMorrow,Mike Rogers,Normington Petts (D),TRUE,"June 12–16, 2025",2025-06-16,700,LV,3.7,44,48,NA,8,-4,Polling,https://en.wikipedia.org/wiki/2026_United_States_Senate_election_in_Michigan
Michigan,regular,AbdulEl-Sayed (D) vs MikeRogers (R),AbdulEl-Sayed,MikeRogers,Rosetta Stone Communications (R),TRUE,"October 23–25, 2025",2025-10-25,637,LV,3.9,31,45,NA,24,-14,Polling,https://en.wikipedia.org/wiki/2026_United_States_Senate_election_in_Michigan
Michigan,regular,Haley Stevens (D) vs Mike Rogers (R),Haley Stevens,Mike Rogers,Rosetta Stone Communications (R),TRUE,"October 23–25, 2025",2025-10-25,637,LV,3.9,40,47,NA,13,-7,Polling,https://en.wikipedia.org/wiki/2026_United_States_Senate_election_in_Michigan
Michigan,regular,Mallory McMorrow (D) vs Mike Rogers (R),Mallory McMorrow,Mike Rogers,Rosetta Stone Communications (R),TRUE,"October 23–25, 2025",2025-10-25,637,LV,3.9,39,46,NA,15,-7,Polling,https://en.wikipedia.org/wiki/2026_United_States_Senate_election_in_Michigan
Michigan,regular,Haley Stevens (D) vs Mike Rogers (R),Haley Stevens,Mike Rogers,EPIC-MRA,FALSE,"November 6–11, 2025",2025-11-11,600,RV,4,44,42,NA,14,2,Polling,https://en.wikipedia.org/wiki/2026_United_States_Senate_election_in_Michigan
Michigan,regular,Mallory McMorrow (D) vs Mike Rogers (R),Mallory McMorrow,Mike Rogers,EPIC-MRA,FALSE,"November 6–11, 2025",2025-11-11,600,RV,4,43,42,NA,15,1,Polling,https://en.wikipedia.org/wiki/2026_United_States_Senate_election_in_Michigan
Michigan,regular,AbdulEl-Sayed (D) vs MikeRogers (R),AbdulEl-Sayed,MikeRogers,Mitchell Research & Communications,FALSE,"November 18–21, 2025",2025-11-21,616,LV,3.7,38,41,NA,22,-3,Polling,https://en.wikipedia.org/wiki/2026_United_States_Senate_election_in_Michigan
Michigan,regular,Haley Stevens (D) vs Mike Rogers (R),Haley Stevens,Mike Rogers,Mitchell Research & Communications,FALSE,"November 18–21, 2025",2025-11-21,616,LV,3.7,40,42,NA,18,-2,Polling,https://en.wikipedia.org/wiki/2026_United_States_Senate_election_in_Michigan
Michigan,regular,Mallory McMorrow (D) vs Mike Rogers (R),Mallory McMorrow,Mike Rogers,Mitchell Research & Communications,FALSE,"November 18–21, 2025",2025-11-21,616,LV,3.7,38,44,NA,19,-6,Polling,https://en.wikipedia.org/wiki/2026_United_States_Senate_election_in_Michigan
Michigan,regular,AbdulEl-Sayed (D) vs MikeRogers (R),AbdulEl-Sayed,MikeRogers,Glengariff Group,FALSE,"January 2–6, 2026",2026-01-06,600,LV,4,47,43,NA,10,4,Polling,https://en.wikipedia.org/wiki/2026_United_States_Senate_election_in_Michigan
Michigan,regular,AbdulEl-Sayed (D) vs MikeRogers (R),AbdulEl-Sayed,MikeRogers,Glengariff Group,FALSE,"January 2–6, 2026",2026-01-06,600,LV,4,42,48,NA,10,-6,Polling,https://en.wikipedia.org/wiki/2026_United_States_Senate_election_in_Michigan
Michigan,regular,Haley Stevens (D) vs Mike Rogers (R),Haley Stevens,Mike Rogers,Glengariff Group,FALSE,"January 2–6, 2026",2026-01-06,600,LV,4,47,42,NA,11,5,Polling,https://en.wikipedia.org/wiki/2026_United_States_Senate_election_in_Michigan
Michigan,regular,Haley Stevens (D) vs Mike Rogers (R),Haley Stevens,Mike Rogers,Glengariff Group,FALSE,"January 2–6, 2026",2026-01-06,600,LV,4,44,44,NA,12,0,Polling,https://en.wikipedia.org/wiki/2026_United_States_Senate_election_in_Michigan
Michigan,regular,Mallory McMorrow (D) vs Mike Rogers (R),Mallory McMorrow,Mike Rogers,Glengariff Group,FALSE,"January 2–6, 2026",2026-01-06,600,LV,4,46,43,NA,11,3,Polling,https://en.wikipedia.org/wiki/2026_United_States_Senate_election_in_Michigan
Michigan,regular,Mallory McMorrow (D) vs Mike Rogers (R),Mallory McMorrow,Mike Rogers,Glengariff Group,FALSE,"January 2–6, 2026",2026-01-06,600,LV,4,42,46,NA,12,-4,Polling,https://en.wikipedia.org/wiki/2026_United_States_Senate_election_in_Michigan
Michigan,regular,AbdulEl-Sayed (D) vs MikeRogers (R),AbdulEl-Sayed,MikeRogers,Emerson College,FALSE,"January 24–25, 2026",2026-01-25,1000,LV,3,43,43,NA,14,0,Polling,https://en.wikipedia.org/wiki/2026_United_States_Senate_election_in_Michigan
Michigan,regular,Haley Stevens (D) vs Mike Rogers (R),Haley Stevens,Mike Rogers,Emerson College,FALSE,"January 24–25, 2026",2026-01-25,1000,LV,3,47,42,NA,11,5,Polling,https://en.wikipedia.org/wiki/2026_United_States_Senate_election_in_Michigan
Michigan,regular,Mallory McMorrow (D) vs Mike Rogers (R),Mallory McMorrow,Mike Rogers,Emerson College,FALSE,"January 24–25, 2026",2026-01-25,1000,LV,3,46,43,NA,11,3,Polling,https://en.wikipedia.org/wiki/2026_United_States_Senate_election_in_Michigan
Michigan,regular,AbdulEl-Sayed (D) vs MikeRogers (R),AbdulEl-Sayed,MikeRogers,Glengariff Group,FALSE,"April 28 – May 1, 2026",2026-05-01,600,LV,4,40,45,NA,15,-5,Polling,https://en.wikipedia.org/wiki/2026_United_States_Senate_election_in_Michigan
Michigan,regular,AbdulEl-Sayed (D) vs MikeRogers (R),AbdulEl-Sayed,MikeRogers,Glengariff Group,FALSE,"April 28 – May 1, 2026",2026-05-01,600,LV,4,42,45,NA,13,-3,Polling,https://en.wikipedia.org/wiki/2026_United_States_Senate_election_in_Michigan
Michigan,regular,Haley Stevens (D) vs Mike Rogers (R),Haley Stevens,Mike Rogers,Glengariff Group,FALSE,"April 28 – May 1, 2026",2026-05-01,600,LV,4,42,44,NA,15,-2,Polling,https://en.wikipedia.org/wiki/2026_United_States_Senate_election_in_Michigan
Michigan,regular,Haley Stevens (D) vs Mike Rogers (R),Haley Stevens,Mike Rogers,Glengariff Group,FALSE,"April 28 – May 1, 2026",2026-05-01,600,LV,4,44,44,NA,11,0,Polling,https://en.wikipedia.org/wiki/2026_United_States_Senate_election_in_Michigan
Michigan,regular,Mallory McMorrow (D) vs Mike Rogers (R),Mallory McMorrow,Mike Rogers,Glengariff Group,FALSE,"April 28 – May 1, 2026",2026-05-01,600,LV,4,41,43,NA,16,-2,Polling,https://en.wikipedia.org/wiki/2026_United_States_Senate_election_in_Michigan
Michigan,regular,Mallory McMorrow (D) vs Mike Rogers (R),Mallory McMorrow,Mike Rogers,Glengariff Group,FALSE,"April 28 – May 1, 2026",2026-05-01,600,LV,4,43,43,NA,14,0,Polling,https://en.wikipedia.org/wiki/2026_United_States_Senate_election_in_Michigan
Michigan,regular,AbdulEl-Sayed (D) vs MikeRogers (R),AbdulEl-Sayed,MikeRogers,Mitchell Research,FALSE,"May 1–7, 2026",2026-05-07,607,LV,6,41,42,NA,17,-1,Polling,https://en.wikipedia.org/wiki/2026_United_States_Senate_election_in_Michigan
Michigan,regular,Haley Stevens (D) vs Mike Rogers (R),Haley Stevens,Mike Rogers,Mitchell Research,FALSE,"May 1–7, 2026",2026-05-07,607,LV,6,39,42,NA,19,-3,Polling,https://en.wikipedia.org/wiki/2026_United_States_Senate_election_in_Michigan
Michigan,regular,Mallory McMorrow (D) vs Mike Rogers (R),Mallory McMorrow,Mike Rogers,Mitchell Research,FALSE,"May 1–7, 2026",2026-05-07,607,LV,6,41,43,NA,16,-2,Polling,https://en.wikipedia.org/wiki/2026_United_States_Senate_election_in_Michigan
Michigan,regular,AbdulEl-Sayed (D) vs MikeRogers (R),AbdulEl-Sayed,MikeRogers,TIPP Insights (R),TRUE,"May 20–23, 2026",2026-05-23,1456,RV,2.7,40,40,7,13,0,Polling,https://en.wikipedia.org/wiki/2026_United_States_Senate_election_in_Michigan
Michigan,regular,AbdulEl-Sayed (D) vs MikeRogers (R),AbdulEl-Sayed,MikeRogers,TIPP Insights (R),TRUE,"May 20–23, 2026",2026-05-23,1163,LV,3,43,42,6,9,1,Polling,https://en.wikipedia.org/wiki/2026_United_States_Senate_election_in_Michigan
Michigan,regular,Haley Stevens (D) vs Mike Rogers (R),Haley Stevens,Mike Rogers,TIPP Insights (R),TRUE,"May 20–23, 2026",2026-05-23,1456,RV,2.7,45,38,6,11,7,Polling,https://en.wikipedia.org/wiki/2026_United_States_Senate_election_in_Michigan
Michigan,regular,Haley Stevens (D) vs Mike Rogers (R),Haley Stevens,Mike Rogers,TIPP Insights (R),TRUE,"May 20–23, 2026",2026-05-23,1163,LV,3,48,41,5,6,7,Polling,https://en.wikipedia.org/wiki/2026_United_States_Senate_election_in_Michigan
Michigan,regular,Mallory McMorrow (D) vs Mike Rogers (R),Mallory McMorrow,Mike Rogers,TIPP Insights (R),TRUE,"May 20–23, 2026",2026-05-23,1456,RV,2.7,42,39,6,13,3,Polling,https://en.wikipedia.org/wiki/2026_United_States_Senate_election_in_Michigan
Michigan,regular,Mallory McMorrow (D) vs Mike Rogers (R),Mallory McMorrow,Mike Rogers,TIPP Insights (R),TRUE,"May 20–23, 2026",2026-05-23,1163,LV,3,45,42,5,8,3,Polling,https://en.wikipedia.org/wiki/2026_United_States_Senate_election_in_Michigan
Michigan,regular,AbdulEl-Sayed (D) vs MikeRogers (R),AbdulEl-Sayed,MikeRogers,Tulchin Research (D),TRUE,"June 2–4, 2026",2026-06-04,500,LV,4.4,46,41,NA,13,5,Polling,https://en.wikipedia.org/wiki/2026_United_States_Senate_election_in_Michigan
Michigan,regular,AbdulEl-Sayed (D) vs MikeRogers (R),AbdulEl-Sayed,MikeRogers,Mitchell Research & Communications,FALSE,"June 11–13, 2026",2026-06-13,827,LV,3.4,47,42,NA,11,5,Polling,https://en.wikipedia.org/wiki/2026_United_States_Senate_election_in_Michigan
Michigan,regular,Haley Stevens (D) vs Mike Rogers (R),Haley Stevens,Mike Rogers,Mitchell Research & Communications,FALSE,"June 11–13, 2026",2026-06-13,827,LV,3.4,41,45,NA,13,-4,Polling,https://en.wikipedia.org/wiki/2026_United_States_Senate_election_in_Michigan
Michigan,regular,Mallory McMorrow (D) vs Mike Rogers (R),Mallory McMorrow,Mike Rogers,Mitchell Research & Communications,FALSE,"June 11–13, 2026",2026-06-13,827,LV,3.4,41,47,NA,12,-6,Polling,https://en.wikipedia.org/wiki/2026_United_States_Senate_election_in_Michigan
Michigan,regular,AbdulEl-Sayed (D) vs MikeRogers (R),AbdulEl-Sayed,MikeRogers,Zenith Research (D),TRUE,"June 11–14, 2026",2026-06-14,602,LV,4,45,42,NA,13,3,Polling,https://en.wikipedia.org/wiki/2026_United_States_Senate_election_in_Michigan
Michigan,regular,Haley Stevens (D) vs Mike Rogers (R),Haley Stevens,Mike Rogers,Zenith Research (D),TRUE,"June 11–14, 2026",2026-06-14,602,LV,4,43,42,NA,13,1,Polling,https://en.wikipedia.org/wiki/2026_United_States_Senate_election_in_Michigan
Michigan,regular,Mallory McMorrow (D) vs Mike Rogers (R),Mallory McMorrow,Mike Rogers,Zenith Research (D),TRUE,"June 11–14, 2026",2026-06-14,602,LV,4,44,42,NA,13,2,Polling,https://en.wikipedia.org/wiki/2026_United_States_Senate_election_in_Michigan
Michigan,regular,AbdulEl-Sayed (D) vs MikeRogers (R),AbdulEl-Sayed,MikeRogers,Data for Progress (D),TRUE,"June 15–22, 2026",2026-06-22,709,LV,4,47,46,NA,7,1,Polling,https://en.wikipedia.org/wiki/2026_United_States_Senate_election_in_Michigan
Michigan,regular,Haley Stevens (D) vs Mike Rogers (R),Haley Stevens,Mike Rogers,Data for Progress (D),TRUE,"June 15–22, 2026",2026-06-22,709,LV,4,45,46,NA,9,-1,Polling,https://en.wikipedia.org/wiki/2026_United_States_Senate_election_in_Michigan
Michigan,regular,AbdulEl-Sayed (D) vs MikeRogers (R),AbdulEl-Sayed,MikeRogers,Quantus Insights (R),TRUE,"June 29–30, 2026",2026-06-30,947,LV,3.3,45,44,3,8,1,Polling,https://en.wikipedia.org/wiki/2026_United_States_Senate_election_in_Michigan
Michigan,regular,Haley Stevens (D) vs Mike Rogers (R),Haley Stevens,Mike Rogers,Quantus Insights (R),TRUE,"June 29–30, 2026",2026-06-30,947,LV,3.3,45,44,3,8,1,Polling,https://en.wikipedia.org/wiki/2026_United_States_Senate_election_in_Michigan
Michigan,regular,Mallory McMorrow (D) vs Mike Rogers (R),Mallory McMorrow,Mike Rogers,Quantus Insights (R),TRUE,"June 29–30, 2026",2026-06-30,947,LV,3.3,44,45,3,8,-1,Polling,https://en.wikipedia.org/wiki/2026_United_States_Senate_election_in_Michigan
Michigan,regular,AbdulEl-Sayed (D) vs MikeRogers (R),AbdulEl-Sayed,MikeRogers,Glengariff Group,FALSE,"July 22–24, 2026",2026-07-24,600,LV,4,39,49,1,11,-10,Polling,https://en.wikipedia.org/wiki/2026_United_States_Senate_election_in_Michigan
Michigan,regular,Haley Stevens (D) vs Mike Rogers (R),Haley Stevens,Mike Rogers,Glengariff Group,FALSE,"July 22–24, 2026",2026-07-24,600,LV,4,46,45,NA,9,1,Polling,https://en.wikipedia.org/wiki/2026_United_States_Senate_election_in_Michigan
Michigan,regular,AbdulEl-Sayed (D) vs MikeRogers (R),AbdulEl-Sayed,MikeRogers,Mitchell Research & Communications,FALSE,"July 28–29, 2026",2026-07-29,672,LV,3.8,45,45,NA,10,0,Polling,https://en.wikipedia.org/wiki/2026_United_States_Senate_election_in_Michigan
Michigan,regular,Haley Stevens (D) vs Mike Rogers (R),Haley Stevens,Mike Rogers,Mitchell Research & Communications,FALSE,"July 28–29, 2026",2026-07-29,672,LV,3.8,43,46,NA,11,-3,Polling,https://en.wikipedia.org/wiki/2026_United_States_Senate_election_in_Michigan
Michigan,regular,AbdulEl-Sayed (D) vs MikeRogers (R),AbdulEl-Sayed,MikeRogers,SoCal Strategies (R),TRUE,"July 28–30, 2026",2026-07-30,640,LV,3.8,41,42,NA,17,-1,Polling,https://en.wikipedia.org/wiki/2026_United_States_Senate_election_in_Michigan
Michigan,regular,Haley Stevens (D) vs Mike Rogers (R),Haley Stevens,Mike Rogers,SoCal Strategies (R),TRUE,"July 28–30, 2026",2026-07-30,640,LV,3.8,44,42,NA,14,2,Polling,https://en.wikipedia.org/wiki/2026_United_States_Senate_election_in_Michigan
Michigan,regular,AbdulEl-Sayed (D) vs MikeRogers (R),AbdulEl-Sayed,MikeRogers,EPIC-MRA,FALSE,"July 24–31, 2026",2026-07-31,600,LV,4,43,46,NA,11,-3,Polling,https://en.wikipedia.org/wiki/2026_United_States_Senate_election_in_Michigan
Michigan,regular,Haley Stevens (D) vs Mike Rogers (R),Haley Stevens,Mike Rogers,EPIC-MRA,FALSE,"July 24–31, 2026",2026-07-31,600,LV,4,44,42,NA,14,2,Polling,https://en.wikipedia.org/wiki/2026_United_States_Senate_election_in_Michigan
Michigan,regular,AbdulEl-Sayed (D) vs MikeRogers (R),AbdulEl-Sayed,MikeRogers,TIPP Insights (R),TRUE,"August 6–10, 2026",2026-08-10,1528,RV,2.6,43,39,7,11,4,Polling,https://en.wikipedia.org/wiki/2026_United_States_Senate_election_in_Michigan
Michigan,regular,AbdulEl-Sayed (D) vs MikeRogers (R),AbdulEl-Sayed,MikeRogers,TIPP Insights (R),TRUE,"August 6–10, 2026",2026-08-10,1215,LV,2.7,45,42,7,6,3,Polling,https://en.wikipedia.org/wiki/2026_United_States_Senate_election_in_Michigan
Michigan,regular,AbdulEl-Sayed (D) vs MikeRogers (R),AbdulEl-Sayed,MikeRogers,GBAO (D),TRUE,"August 6–10, 2026",2026-08-10,800,LV,3.5,50,44,NA,6,6,Polling,https://en.wikipedia.org/wiki/2026_United_States_Senate_election_in_Michigan
Michigan,regular,AbdulEl-Sayed (D) vs MikeRogers (R),AbdulEl-Sayed,MikeRogers,Beacon Research (D)/Shaw & Co. Research (R),TRUE,"August 6–10, 2026",2026-08-10,1006,RV,3,47,51,NA,2,-4,Polling,https://en.wikipedia.org/wiki/2026_United_States_Senate_election_in_Michigan
Michigan,regular,AbdulEl-Sayed (D) vs MikeRogers (R),AbdulEl-Sayed,MikeRogers,Fabrizio Ward (R)/Impact Research (D),TRUE,"August 9–11, 2026",2026-08-11,877,LV,3.3,48,47,NA,5,1,Polling,https://en.wikipedia.org/wiki/2026_United_States_Senate_election_in_Michigan
Michigan,regular,AbdulEl-Sayed (D) vs MikeRogers (R),AbdulEl-Sayed,MikeRogers,Susquehanna Polling & Research (R),TRUE,"August 11–17, 2026",2026-08-17,800,LV,3.5,46,39,6,9,7,Polling,https://en.wikipedia.org/wiki/2026_United_States_Senate_election_in_Michigan
Michigan,regular,AbdulEl-Sayed (D) vs MikeRogers (R),AbdulEl-Sayed,MikeRogers,Michigan State University/YouGov,FALSE,"August 10–20, 2026",2026-08-20,779,LV,3.4,50,45,NA,5,5,Polling,https://en.wikipedia.org/wiki/2026_United_States_Senate_election_in_Michigan
Michigan,regular,AbdulEl-Sayed (D) vs MikeRogers (R),AbdulEl-Sayed,MikeRogers,Michigan State University/YouGov,FALSE,"August 10–20, 2026",2026-08-20,913,RV,3.4,48,44,NA,8,4,Polling,https://en.wikipedia.org/wiki/2026_United_States_Senate_election_in_Michigan
Michigan,regular,AbdulEl-Sayed (D) vs MikeRogers (R),AbdulEl-Sayed,MikeRogers,Abacus Data,FALSE,"August 26–28, 2026",2026-08-28,332,LV,NA,49,45,6,NA,4,Polling,https://en.wikipedia.org/wiki/2026_United_States_Senate_election_in_Michigan
Michigan,regular,AbdulEl-Sayed (D) vs MikeRogers (R),AbdulEl-Sayed,MikeRogers,Abacus Data,FALSE,"August 26–28, 2026",2026-08-28,500,RV,4.4,48,41,11,NA,7,Polling,https://en.wikipedia.org/wiki/2026_United_States_Senate_election_in_Michigan
Michigan,regular,AbdulEl-Sayed (D) vs MikeRogers (R),AbdulEl-Sayed,MikeRogers,EPIC-MRA,FALSE,"August 22–28, 2026",2026-08-28,600,LV,4,50,45,NA,5,5,Polling,https://en.wikipedia.org/wiki/2026_United_States_Senate_election_in_Michigan
Michigan,regular,AbdulEl-Sayed (D) vs MikeRogers (R),AbdulEl-Sayed,MikeRogers,EPIC-MRA,FALSE,"August 22–28, 2026",2026-08-28,600,LV,4,47,43,NA,10,4,Polling,https://en.wikipedia.org/wiki/2026_United_States_Senate_election_in_Michigan
Michigan,regular,AbdulEl-Sayed (D) vs MikeRogers (R),AbdulEl-Sayed,MikeRogers,Glengariff Group,FALSE,"August 31 – September 3, 2026",2026-09-03,600,LV,4,44,46,NA,9,-2,Polling,https://en.wikipedia.org/wiki/2026_United_States_Senate_election_in_Michigan
Michigan,regular,AbdulEl-Sayed (D) vs MikeRogers (R),AbdulEl-Sayed,MikeRogers,SSRS,FALSE,"August 31 – September 6, 2026",2026-09-06,843,LV,4.1,47,44,8,NA,3,Polling,https://en.wikipedia.org/wiki/2026_United_States_Senate_election_in_Michigan
Michigan,regular,AbdulEl-Sayed (D) vs MikeRogers (R),AbdulEl-Sayed,MikeRogers,Trafalgar Group (R),TRUE,"September 7–9, 2026",2026-09-09,1079,LV,2.9,46,45,2,7,1,Polling,https://en.wikipedia.org/wiki/2026_United_States_Senate_election_in_Michigan
Michigan,regular,AbdulEl-Sayed (D) vs MikeRogers (R),AbdulEl-Sayed,MikeRogers,Emerson College,FALSE,"September 12–14, 2026",2026-09-14,1000,LV,3,48,46,2,4,2,Polling,https://en.wikipedia.org/wiki/2026_United_States_Senate_election_in_Michigan
Michigan,regular,AbdulEl-Sayed (D) vs MikeRogers (R),AbdulEl-Sayed,MikeRogers,The Washington Post/SSPG,FALSE,"September 10–14, 2026",2026-09-14,803,LV,3.9,48,45,5,2,3,Polling,https://en.wikipedia.org/wiki/2026_United_States_Senate_election_in_Michigan
Michigan,regular,AbdulEl-Sayed (D) vs MikeRogers (R),AbdulEl-Sayed,MikeRogers,InsiderAdvantage (R),TRUE,"September 16–17, 2026",2026-09-17,1200,LV,2.8,47,45,3,5,2,Polling,https://en.wikipedia.org/wiki/2026_United_States_Senate_election_in_Michigan
Minnesota,regular,PeggyFlanagan (D) vs MicheleTafoya (R),PeggyFlanagan,MicheleTafoya,Impact Research (D),TRUE,"July 8–11, 2025",2025-07-11,604,LV,4,48,45,NA,7,3,Polling,https://en.wikipedia.org/wiki/2026_United_States_Senate_election_in_Minnesota
Minnesota,regular,Angie Craig (D) vs Michele Tafoya (R),Angie Craig,Michele Tafoya,Impact Research (D),TRUE,"July 8–11, 2025",2025-07-11,604,LV,4,49,45,NA,6,4,Polling,https://en.wikipedia.org/wiki/2026_United_States_Senate_election_in_Minnesota
Minnesota,regular,PeggyFlanagan (D) vs MicheleTafoya (R),PeggyFlanagan,MicheleTafoya,Emerson College,FALSE,"February 6–8, 2026",2026-02-08,1000,LV,3,47,41,4,8,6,Polling,https://en.wikipedia.org/wiki/2026_United_States_Senate_election_in_Minnesota
Minnesota,regular,Angie Craig (D) vs Michele Tafoya (R),Angie Craig,Michele Tafoya,Emerson College,FALSE,"February 6–8, 2026",2026-02-08,1000,LV,3,47,40,NA,13,7,Polling,https://en.wikipedia.org/wiki/2026_United_States_Senate_election_in_Minnesota
Minnesota,regular,PeggyFlanagan (D) vs MicheleTafoya (R),PeggyFlanagan,MicheleTafoya,Impact Research (D),TRUE,"May 26–28, 2026",2026-05-28,808,LV,3.5,51,44,NA,7,7,Polling,https://en.wikipedia.org/wiki/2026_United_States_Senate_election_in_Minnesota
Minnesota,regular,Angie Craig (D) vs Michele Tafoya (R),Angie Craig,Michele Tafoya,Impact Research (D),TRUE,"May 26–28, 2026",2026-05-28,808,LV,3.5,51,44,NA,7,7,Polling,https://en.wikipedia.org/wiki/2026_United_States_Senate_election_in_Minnesota
Minnesota,regular,PeggyFlanagan (D) vs MicheleTafoya (R),PeggyFlanagan,MicheleTafoya,KTSP/SurveyUSA,FALSE,"August 13–17, 2026",2026-08-17,661,LV,4.3,46,41,2,11,5,Polling,https://en.wikipedia.org/wiki/2026_United_States_Senate_election_in_Minnesota
Minnesota,regular,PeggyFlanagan (D) vs MicheleTafoya (R),PeggyFlanagan,MicheleTafoya,Deep Root Analytics (R),TRUE,"August 17–18, 2026",2026-08-18,597,RV,4,50,45,NA,5,5,Polling,https://en.wikipedia.org/wiki/2026_United_States_Senate_election_in_Minnesota
Minnesota,regular,PeggyFlanagan (D) vs MicheleTafoya (R),PeggyFlanagan,MicheleTafoya,TIPP Insights (R),TRUE,"August 31 – September 2, 2026",2026-09-02,1494,RV,2.7,40,38,8,14,2,Polling,https://en.wikipedia.org/wiki/2026_United_States_Senate_election_in_Minnesota
Minnesota,regular,PeggyFlanagan (D) vs MicheleTafoya (R),PeggyFlanagan,MicheleTafoya,TIPP Insights (R),TRUE,"August 31 – September 2, 2026",2026-09-02,1201,LV,3,44,42,6,8,2,Polling,https://en.wikipedia.org/wiki/2026_United_States_Senate_election_in_Minnesota
Minnesota,regular,PeggyFlanagan (D) vs MicheleTafoya (R),PeggyFlanagan,MicheleTafoya,Quantus Insights (R),TRUE,"September 8–10, 2026",2026-09-10,720,LV,4.2,48,44,NA,7,4,Polling,https://en.wikipedia.org/wiki/2026_United_States_Senate_election_in_Minnesota
Minnesota,regular,PeggyFlanagan (D) vs MicheleTafoya (R),PeggyFlanagan,MicheleTafoya,KSTP/SurveyUSA,FALSE,"September 9–14, 2026",2026-09-14,654,LV,4.4,42,42,4,12,0,Polling,https://en.wikipedia.org/wiki/2026_United_States_Senate_election_in_Minnesota
Minnesota,regular,PeggyFlanagan (D) vs MicheleTafoya (R),PeggyFlanagan,MicheleTafoya,co/efficient (R),TRUE,"September 14–15, 2026",2026-09-15,833,LV,3.4,43,42,4,11,1,Polling,https://en.wikipedia.org/wiki/2026_United_States_Senate_election_in_Minnesota
Mississippi,regular,ScottColom (D) vs CindyHyde-Smith (R),ScottColom,CindyHyde-Smith,Impact Research (D),TRUE,"June 18–22, 2025",2025-06-22,500,RV,4.4,38,51,NA,11,-13,Polling,https://en.wikipedia.org/wiki/2026_United_States_Senate_election_in_Mississippi
Mississippi,regular,ScottColom (D) vs CindyHyde-Smith (R),ScottColom,CindyHyde-Smith,Impact Research (D),TRUE,"April 8–12, 2026",2026-04-12,500,LV,4.4,39,42,NA,13,-3,Polling,https://en.wikipedia.org/wiki/2026_United_States_Senate_election_in_Mississippi
Mississippi,regular,ScottColom (D) vs CindyHyde-Smith (R),ScottColom,CindyHyde-Smith,Impact Research (D),TRUE,"April 8–12, 2026",2026-04-12,500,LV,4.4,44,47,NA,9,-3,Polling,https://en.wikipedia.org/wiki/2026_United_States_Senate_election_in_Mississippi
Mississippi,regular,ScottColom (D) vs CindyHyde-Smith (R),ScottColom,CindyHyde-Smith,Data for Progress (D),TRUE,"August 5–15, 2026",2026-08-15,1018,LV,3,38,44,NA,11,-6,Polling,https://en.wikipedia.org/wiki/2026_United_States_Senate_election_in_Mississippi
Mississippi,regular,ScottColom (D) vs CindyHyde-Smith (R),ScottColom,CindyHyde-Smith,Data for Progress (D),TRUE,"August 5–15, 2026",2026-08-15,1018,LV,3,41,47,NA,12,-6,Polling,https://en.wikipedia.org/wiki/2026_United_States_Senate_election_in_Mississippi
Montana,regular,Reilly Neill (D) vs Steve Daines (R),Reilly Neill,Steve Daines,yes. every kid.,FALSE,"January 23–26, 2026",2026-01-26,500,RV,4.4,19,43,3,20,-24,Polling,https://en.wikipedia.org/wiki/2026_United_States_Senate_election_in_Montana
Montana,regular,Reilly Neill (D) vs Steve Daines (R),Reilly Neill,Steve Daines,American Pulse Research & Polling,FALSE,"February 14–18, 2026",2026-02-18,607,LV,4,25,52,NA,7,-27,Polling,https://en.wikipedia.org/wiki/2026_United_States_Senate_election_in_Montana
Montana,regular,Reilly Neill (D) vs Steve Daines (R),Reilly Neill,Steve Daines,American Pulse Research & Polling,FALSE,"February 14–18, 2026",2026-02-18,607,LV,4,37,56,NA,7,-19,Polling,https://en.wikipedia.org/wiki/2026_United_States_Senate_election_in_Montana
Montana,regular,Seth Bodnar (D) vs Steve Daines (R),Seth Bodnar,Steve Daines,American Pulse Research & Polling,FALSE,"February 14–18, 2026",2026-02-18,607,LV,4,40,54,NA,6,-14,Polling,https://en.wikipedia.org/wiki/2026_United_States_Senate_election_in_Montana
Montana,regular,Reilly Neill (D) vs Kurt Alme (R),Reilly Neill,Kurt Alme,Tavern Research (D),TRUE,"May 13–18, 2026",2026-05-18,607,LV,5.1,24,46,3,NA,-22,Polling,https://en.wikipedia.org/wiki/2026_United_States_Senate_election_in_Montana
Montana,regular,Reilly Neill (D) vs Kurt Alme (R),Reilly Neill,Kurt Alme,Tavern Research (D),TRUE,"May 13–18, 2026",2026-05-18,607,LV,5.1,42,58,NA,NA,-16,Polling,https://en.wikipedia.org/wiki/2026_United_States_Senate_election_in_Montana
Montana,regular,Alani Bankhead (D) vs Kurt Alme (R),Alani Bankhead,Kurt Alme,Public Opinion Strategies (R),TRUE,"June 8–11, 2026",2026-06-11,500,LV,4.4,25,44,NA,7,-19,Polling,https://en.wikipedia.org/wiki/2026_United_States_Senate_election_in_Montana
Montana,regular,Alani Bankhead (D) vs Kurt Alme (R),Alani Bankhead,Kurt Alme,Tavern Research (D),TRUE,"June 16–19, 2026",2026-06-19,400,LV,6.1,26,49,NA,NA,-23,Polling,https://en.wikipedia.org/wiki/2026_United_States_Senate_election_in_Montana
Montana,regular,Alani Bankhead (D) vs Kurt Alme (R),Alani Bankhead,Kurt Alme,Tavern Research (D),TRUE,"June 16–19, 2026",2026-06-19,400,LV,6.1,44,56,NA,NA,-12,Polling,https://en.wikipedia.org/wiki/2026_United_States_Senate_election_in_Montana
Montana,regular,Alani Bankhead (D) vs Kurt Alme (R),Alani Bankhead,Kurt Alme,GrayHouse (R),TRUE,"June 23–24, 2026",2026-06-24,500,RV,4.4,25,41,NA,13,-16,Polling,https://en.wikipedia.org/wiki/2026_United_States_Senate_election_in_Montana
Montana,regular,Alani Bankhead (D) vs Kurt Alme (R),Alani Bankhead,Kurt Alme,Hart Research (D),TRUE,"June 18–24, 2026",2026-06-24,800,LV,NA,22,47,NA,6,-25,Polling,https://en.wikipedia.org/wiki/2026_United_States_Senate_election_in_Montana
Montana,regular,Alani Bankhead (D) vs Kurt Alme (R),Alani Bankhead,Kurt Alme,Hart Research (D),TRUE,"June 18–24, 2026",2026-06-24,800,LV,NA,43,49,NA,8,-6,Polling,https://en.wikipedia.org/wiki/2026_United_States_Senate_election_in_Montana
Montana,regular,Alani Bankhead (D) vs Kurt Alme (R),Alani Bankhead,Kurt Alme,Bullfinch Group (R),TRUE,"July 13–16, 2026",2026-07-16,793,LV,3.48,22,36,NA,18,-14,Polling,https://en.wikipedia.org/wiki/2026_United_States_Senate_election_in_Montana
Montana,regular,Alani Bankhead (D) vs Kurt Alme (R),Alani Bankhead,Kurt Alme,GQR (D),TRUE,"July 23–26, 2026",2026-07-26,500,LV,4.4,22,41,NA,4,-19,Polling,https://en.wikipedia.org/wiki/2026_United_States_Senate_election_in_Montana
Montana,regular,Alani Bankhead (D) vs Kurt Alme (R),Alani Bankhead,Kurt Alme,GQR (D),TRUE,"July 23–26, 2026",2026-07-26,500,LV,4.4,40,44,NA,4,-4,Polling,https://en.wikipedia.org/wiki/2026_United_States_Senate_election_in_Montana
Montana,regular,Alani Bankhead (D) vs Kurt Alme (R),Alani Bankhead,Kurt Alme,GQR (D),TRUE,"July 23–26, 2026",2026-07-26,500,LV,4.4,44,52,NA,4,-8,Polling,https://en.wikipedia.org/wiki/2026_United_States_Senate_election_in_Montana
Montana,regular,Alani Bankhead (D) vs Kurt Alme (R),Alani Bankhead,Kurt Alme,Tavern Research (D),TRUE,"July 23–27, 2026",2026-07-27,517,LV,5,24,49,NA,NA,-25,Polling,https://en.wikipedia.org/wiki/2026_United_States_Senate_election_in_Montana
Montana,regular,Alani Bankhead (D) vs Kurt Alme (R),Alani Bankhead,Kurt Alme,Tavern Research (D),TRUE,"July 23–27, 2026",2026-07-27,517,LV,5,41,59,NA,NA,-18,Polling,https://en.wikipedia.org/wiki/2026_United_States_Senate_election_in_Montana
Montana,regular,Alani Bankhead (D) vs Kurt Alme (R),Alani Bankhead,Kurt Alme,Tavern Research (D),TRUE,"July 23–27, 2026",2026-07-27,517,LV,5,36,56,NA,NA,-20,Polling,https://en.wikipedia.org/wiki/2026_United_States_Senate_election_in_Montana
Montana,regular,Alani Bankhead (D) vs Kurt Alme (R),Alani Bankhead,Kurt Alme,Hart Research (D),TRUE,"August 1–4, 2026",2026-08-04,800,LV,NA,15,45,NA,4,-30,Polling,https://en.wikipedia.org/wiki/2026_United_States_Senate_election_in_Montana
Montana,regular,Alani Bankhead (D) vs Kurt Alme (R),Alani Bankhead,Kurt Alme,Hart Research (D),TRUE,"August 1–4, 2026",2026-08-04,800,LV,NA,38,52,NA,10,-14,Polling,https://en.wikipedia.org/wiki/2026_United_States_Senate_election_in_Montana
Montana,regular,Alani Bankhead (D) vs Kurt Alme (R),Alani Bankhead,Kurt Alme,Peak Insights,FALSE,"August 23–25, 2026",2026-08-25,600,LV,4,19,44,NA,13,-25,Polling,https://en.wikipedia.org/wiki/2026_United_States_Senate_election_in_Montana
Montana,regular,Alani Bankhead (D) vs Kurt Alme (R),Alani Bankhead,Kurt Alme,Rutgers University Eagleton Institute of Politics,FALSE,"August 27 – September 7, 2026",2026-09-07,845,RV,4.2,16,38,NA,11,-22,Polling,https://en.wikipedia.org/wiki/2026_United_States_Senate_election_in_Montana
Nebraska,regular,Cindy Burbank (D) vs Pete Ricketts (R),Cindy Burbank,Pete Ricketts,Tavern Research (D),TRUE,"May 8–11, 2026",2026-05-11,1165,LV,3.5,39,48,NA,13,-9,Polling,https://en.wikipedia.org/wiki/2026_United_States_Senate_election_in_Nebraska
Nebraska,regular,William Forbes (D) vs Pete Ricketts (R),William Forbes,Pete Ricketts,Tavern Research (D),TRUE,"May 8–11, 2026",2026-05-11,1165,LV,3.5,34,50,NA,16,-16,Polling,https://en.wikipedia.org/wiki/2026_United_States_Senate_election_in_Nebraska
New Hampshire,regular,Jeanne Shaheen (D) vs Chris Sununu (R),Jeanne Shaheen,Chris Sununu,Praecones Analytica,FALSE,"February 26 – March 1, 2025",2025-03-01,626,RV,4.5,46,54,NA,NA,-8,Polling,https://en.wikipedia.org/wiki/2026_United_States_Senate_election_in_New_Hampshire
New Hampshire,regular,Jeanne Shaheen (D) vs Frank Edelblut (R),Jeanne Shaheen,Frank Edelblut,Praecones Analytica,FALSE,"February 26 – March 1, 2025",2025-03-01,626,RV,4.5,59,41,NA,NA,18,Polling,https://en.wikipedia.org/wiki/2026_United_States_Senate_election_in_New_Hampshire
New Hampshire,regular,Jeanne Shaheen (D) vs Scott Brown (R),Jeanne Shaheen,Scott Brown,Praecones Analytica,FALSE,"February 26 – March 1, 2025",2025-03-01,626,RV,4.5,55,45,NA,NA,10,Polling,https://en.wikipedia.org/wiki/2026_United_States_Senate_election_in_New_Hampshire
New Hampshire,regular,Chris Pappas (D) vs Chris Sununu (R),Chris Pappas,Chris Sununu,Quantus Insights (R),TRUE,"March 17–19, 2025",2025-03-19,650,RV,3.8,44,53,NA,3,-9,Polling,https://en.wikipedia.org/wiki/2026_United_States_Senate_election_in_New_Hampshire
New Hampshire,regular,Chris Pappas (D) vs Scott Brown (R),Chris Pappas,Scott Brown,Saint Anselm College,FALSE,"August 26–27, 2025",2025-08-27,1776,RV,2.3,48,37,NA,15,11,Polling,https://en.wikipedia.org/wiki/2026_United_States_Senate_election_in_New_Hampshire
New Hampshire,regular,Chris Pappas (D) vs Dan Innis (R),Chris Pappas,Dan Innis,Saint Anselm College,FALSE,"August 26–27, 2025",2025-08-27,1776,RV,2.3,48,30,NA,22,18,Polling,https://en.wikipedia.org/wiki/2026_United_States_Senate_election_in_New_Hampshire
New Hampshire,regular,ChrisPappas (D) vs John E.Sununu (R),ChrisPappas,John E.Sununu,1892 Polling (R),TRUE,"September 2–4, 2025",2025-09-04,500,LV,4.4,45,43,NA,12,2,Polling,https://en.wikipedia.org/wiki/2026_United_States_Senate_election_in_New_Hampshire
New Hampshire,regular,ChrisPappas (D) vs John E.Sununu (R),ChrisPappas,John E.Sununu,co/efficient (R),TRUE,"September 10–12, 2025",2025-09-12,904,LV,3.3,46,43,NA,11,3,Polling,https://en.wikipedia.org/wiki/2026_United_States_Senate_election_in_New_Hampshire
New Hampshire,regular,Chris Pappas (D) vs Scott Brown (R),Chris Pappas,Scott Brown,co/efficient (R),TRUE,"September 10–12, 2025",2025-09-12,904,LV,3.3,50,40,NA,10,10,Polling,https://en.wikipedia.org/wiki/2026_United_States_Senate_election_in_New_Hampshire
New Hampshire,regular,Chris Pappas (D) vs Dan Innis (R),Chris Pappas,Dan Innis,co/efficient (R),TRUE,"September 10–12, 2025",2025-09-12,904,LV,3.3,49,37,NA,14,12,Polling,https://en.wikipedia.org/wiki/2026_United_States_Senate_election_in_New_Hampshire
New Hampshire,regular,ChrisPappas (D) vs John E.Sununu (R),ChrisPappas,John E.Sununu,University of New Hampshire,FALSE,"September 17–23, 2025",2025-09-23,1235,LV,2.8,49,43,1,7,6,Polling,https://en.wikipedia.org/wiki/2026_United_States_Senate_election_in_New_Hampshire
New Hampshire,regular,Chris Pappas (D) vs Scott Brown (R),Chris Pappas,Scott Brown,University of New Hampshire,FALSE,"September 17–23, 2025",2025-09-23,1235,LV,2.8,52,37,2,8,15,Polling,https://en.wikipedia.org/wiki/2026_United_States_Senate_election_in_New_Hampshire
New Hampshire,regular,ChrisPappas (D) vs John E.Sununu (R),ChrisPappas,John E.Sununu,co/efficient (R),TRUE,"October 9–13, 2025",2025-10-13,1034,LV,3.1,45,42,NA,12,3,Polling,https://en.wikipedia.org/wiki/2026_United_States_Senate_election_in_New_Hampshire
New Hampshire,regular,Chris Pappas (D) vs Scott Brown (R),Chris Pappas,Scott Brown,co/efficient (R),TRUE,"October 9–13, 2025",2025-10-13,1034,LV,3.1,49,39,NA,13,10,Polling,https://en.wikipedia.org/wiki/2026_United_States_Senate_election_in_New_Hampshire
New Hampshire,regular,ChrisPappas (D) vs John E.Sununu (R),ChrisPappas,John E.Sununu,Saint Anselm College,FALSE,"November 18–19, 2025",2025-11-19,2212,RV,NA,44,41,NA,16,3,Polling,https://en.wikipedia.org/wiki/2026_United_States_Senate_election_in_New_Hampshire
New Hampshire,regular,Chris Pappas (D) vs Scott Brown (R),Chris Pappas,Scott Brown,Saint Anselm College,FALSE,"November 18–19, 2025",2025-11-19,2212,RV,NA,44,36,NA,20,8,Polling,https://en.wikipedia.org/wiki/2026_United_States_Senate_election_in_New_Hampshire
New Hampshire,regular,ChrisPappas (D) vs John E.Sununu (R),ChrisPappas,John E.Sununu,Guidant Polling and Strategy (R),TRUE,"December 9–11, 2025",2025-12-11,600,LV,4,47,44,NA,9,3,Polling,https://en.wikipedia.org/wiki/2026_United_States_Senate_election_in_New_Hampshire
New Hampshire,regular,Chris Pappas (D) vs Scott Brown (R),Chris Pappas,Scott Brown,Guidant Polling and Strategy (R),TRUE,"December 9–11, 2025",2025-12-11,600,LV,4,49,38,NA,13,11,Polling,https://en.wikipedia.org/wiki/2026_United_States_Senate_election_in_New_Hampshire
New Hampshire,regular,ChrisPappas (D) vs John E.Sununu (R),ChrisPappas,John E.Sununu,NHJournal/Praecones Analytica,FALSE,"December 26–28, 2025",2025-12-28,603,RV,4,42,36,NA,22,6,Polling,https://en.wikipedia.org/wiki/2026_United_States_Senate_election_in_New_Hampshire
New Hampshire,regular,Chris Pappas (D) vs Scott Brown (R),Chris Pappas,Scott Brown,NHJournal/Praecones Analytica,FALSE,"December 26–28, 2025",2025-12-28,603,RV,4,46,28,NA,26,18,Polling,https://en.wikipedia.org/wiki/2026_United_States_Senate_election_in_New_Hampshire
New Hampshire,regular,ChrisPappas (D) vs John E.Sununu (R),ChrisPappas,John E.Sununu,University of New Hampshire,FALSE,"January 15–19, 2026",2026-01-19,2053,LV,2.1,50,45,1,5,5,Polling,https://en.wikipedia.org/wiki/2026_United_States_Senate_election_in_New_Hampshire
New Hampshire,regular,Chris Pappas (D) vs Scott Brown (R),Chris Pappas,Scott Brown,University of New Hampshire,FALSE,"January 15–19, 2026",2026-01-19,2053,LV,2.1,52,42,1,5,10,Polling,https://en.wikipedia.org/wiki/2026_United_States_Senate_election_in_New_Hampshire
New Hampshire,regular,ChrisPappas (D) vs John E.Sununu (R),ChrisPappas,John E.Sununu,yes. every kid.,FALSE,"January 28–29, 2026",2026-01-29,563,LV,4.1,45,41,NA,14,4,Polling,https://en.wikipedia.org/wiki/2026_United_States_Senate_election_in_New_Hampshire
New Hampshire,regular,ChrisPappas (D) vs John E.Sununu (R),ChrisPappas,John E.Sununu,Saint Anselm College,FALSE,"March 16–18, 2026",2026-03-18,1491,RV,2.5,46,43,NA,11,3,Polling,https://en.wikipedia.org/wiki/2026_United_States_Senate_election_in_New_Hampshire
New Hampshire,regular,Chris Pappas (D) vs Scott Brown (R),Chris Pappas,Scott Brown,Saint Anselm College,FALSE,"March 16–18, 2026",2026-03-18,1491,RV,2.5,47,38,NA,15,9,Polling,https://en.wikipedia.org/wiki/2026_United_States_Senate_election_in_New_Hampshire
New Hampshire,regular,ChrisPappas (D) vs John E.Sununu (R),ChrisPappas,John E.Sununu,Emerson College,FALSE,"March 21–23, 2026",2026-03-23,1000,LV,2.9,45,44,5,6,1,Polling,https://en.wikipedia.org/wiki/2026_United_States_Senate_election_in_New_Hampshire
New Hampshire,regular,Chris Pappas (D) vs Scott Brown (R),Chris Pappas,Scott Brown,Emerson College,FALSE,"March 21–23, 2026",2026-03-23,1000,LV,2.9,48,39,6,7,9,Polling,https://en.wikipedia.org/wiki/2026_United_States_Senate_election_in_New_Hampshire
New Hampshire,regular,ChrisPappas (D) vs John E.Sununu (R),ChrisPappas,John E.Sununu,University of New Hampshire,FALSE,"April 17–21, 2026",2026-04-21,1295,LV,2.7,49,42,4,6,7,Polling,https://en.wikipedia.org/wiki/2026_United_States_Senate_election_in_New_Hampshire
New Hampshire,regular,Chris Pappas (D) vs Scott Brown (R),Chris Pappas,Scott Brown,University of New Hampshire,FALSE,"April 17–21, 2026",2026-04-21,1295,LV,2.7,52,38,3,7,14,Polling,https://en.wikipedia.org/wiki/2026_United_States_Senate_election_in_New_Hampshire
New Hampshire,regular,ChrisPappas (D) vs John E.Sununu (R),ChrisPappas,John E.Sununu,University of New Hampshire,FALSE,"June 18–23, 2026",2026-06-23,2232,LV,2.1,47,44,2,7,3,Polling,https://en.wikipedia.org/wiki/2026_United_States_Senate_election_in_New_Hampshire
New Hampshire,regular,Chris Pappas (D) vs Scott Brown (R),Chris Pappas,Scott Brown,University of New Hampshire,FALSE,"June 18–23, 2026",2026-06-23,2232,LV,2.1,52,38,2,8,14,Polling,https://en.wikipedia.org/wiki/2026_United_States_Senate_election_in_New_Hampshire
New Hampshire,regular,ChrisPappas (D) vs John E.Sununu (R),ChrisPappas,John E.Sununu,Saint Anselm College,FALSE,"June 24–25, 2026",2026-06-25,1614,RV,2.4,47,41,NA,12,6,Polling,https://en.wikipedia.org/wiki/2026_United_States_Senate_election_in_New_Hampshire
New Hampshire,regular,Chris Pappas (D) vs Scott Brown (R),Chris Pappas,Scott Brown,Saint Anselm College,FALSE,"June 24–25, 2026",2026-06-25,1614,RV,2.4,48,36,NA,16,12,Polling,https://en.wikipedia.org/wiki/2026_United_States_Senate_election_in_New_Hampshire
New Hampshire,regular,ChrisPappas (D) vs John E.Sununu (R),ChrisPappas,John E.Sununu,Peak Insights (R),TRUE,"June 24–27, 2026",2026-06-27,500,LV,4,43,42,NA,15,1,Polling,https://en.wikipedia.org/wiki/2026_United_States_Senate_election_in_New_Hampshire
New Hampshire,regular,ChrisPappas (D) vs John E.Sununu (R),ChrisPappas,John E.Sununu,Saint Anselm College,FALSE,"August 17–18, 2026",2026-08-18,1411,LV,2.6,48,41,NA,11,7,Polling,https://en.wikipedia.org/wiki/2026_United_States_Senate_election_in_New_Hampshire
New Hampshire,regular,Chris Pappas (D) vs Scott Brown (R),Chris Pappas,Scott Brown,Saint Anselm College,FALSE,"August 17–18, 2026",2026-08-18,1411,LV,2.6,49,37,NA,13,12,Polling,https://en.wikipedia.org/wiki/2026_United_States_Senate_election_in_New_Hampshire
New Hampshire,regular,ChrisPappas (D) vs John E.Sununu (R),ChrisPappas,John E.Sununu,University of New Hampshire,FALSE,"August 20–24, 2026",2026-08-24,1878,LV,2.3,43,45,5,7,-2,Polling,https://en.wikipedia.org/wiki/2026_United_States_Senate_election_in_New_Hampshire
New Hampshire,regular,Chris Pappas (D) vs Scott Brown (R),Chris Pappas,Scott Brown,University of New Hampshire,FALSE,"August 20–24, 2026",2026-08-24,1878,LV,2.3,45,40,5,10,5,Polling,https://en.wikipedia.org/wiki/2026_United_States_Senate_election_in_New_Hampshire
New Hampshire,regular,ChrisPappas (D) vs John E.Sununu (R),ChrisPappas,John E.Sununu,"Fabrizio, Lee, & Associates (R)",TRUE,"August 27–30, 2026",2026-08-30,600,LV,4,36,37,4,23,-1,Polling,https://en.wikipedia.org/wiki/2026_United_States_Senate_election_in_New_Hampshire
New Hampshire,regular,ChrisPappas (D) vs John E.Sununu (R),ChrisPappas,John E.Sununu,Rasmussen Reports (R),TRUE,"September 8–10, 2026",2026-09-10,1000,LV,2,45,34,13,9,11,Polling,https://en.wikipedia.org/wiki/2026_United_States_Senate_election_in_New_Hampshire
New Hampshire,regular,ChrisPappas (D) vs John E.Sununu (R),ChrisPappas,John E.Sununu,co/efficient (R),TRUE,"September 9–11, 2026",2026-09-11,958,LV,3.2,46,46,NA,9,0,Polling,https://en.wikipedia.org/wiki/2026_United_States_Senate_election_in_New_Hampshire
New Hampshire,regular,ChrisPappas (D) vs John E.Sununu (R),ChrisPappas,John E.Sununu,InsiderAdvantage (R),TRUE,"September 16–17, 2026",2026-09-17,1200,LV,2.8,48,40,2,10,8,Polling,https://en.wikipedia.org/wiki/2026_United_States_Senate_election_in_New_Hampshire
New Mexico,regular,Ben Ray Luján (D) vs Larry Marker (R),Ben Ray Luján,Larry Marker,Research & Polling Inc.,FALSE,"August 21–28, 2026",2026-08-28,516,LV,4.3,53,38,NA,9,15,Polling,https://en.wikipedia.org/wiki/2026_United_States_Senate_election_in_New_Mexico
North Carolina,regular,Roy Cooper (D) vs Thom Tillis (R),Roy Cooper,Thom Tillis,Victory Insights (R),TRUE,"November 26–29, 2024",2024-11-29,800,LV,NA,45,44,NA,11,1,Polling,https://en.wikipedia.org/wiki/2026_United_States_Senate_election_in_North_Carolina
North Carolina,regular,Roy Cooper (D) vs Lara Trump (R),Roy Cooper,Lara Trump,Victory Insights (R),TRUE,"November 26–29, 2024",2024-11-29,800,LV,NA,46,44,NA,10,2,Polling,https://en.wikipedia.org/wiki/2026_United_States_Senate_election_in_North_Carolina
North Carolina,regular,Roy Cooper (D) vs Thom Tillis (R),Roy Cooper,Thom Tillis,Public Policy Polling (D),TRUE,"March 4–5, 2025",2025-03-05,662,V,3.8,47,43,NA,9,4,Polling,https://en.wikipedia.org/wiki/2026_United_States_Senate_election_in_North_Carolina
North Carolina,regular,Roy Cooper (D) vs Thom Tillis (R),Roy Cooper,Thom Tillis,Change Research (D),TRUE,"March 31–April 4, 2025",2025-04-04,867,LV,3.6,46,44,NA,10,2,Polling,https://en.wikipedia.org/wiki/2026_United_States_Senate_election_in_North_Carolina
North Carolina,regular,Roy Cooper (D) vs Thom Tillis (R),Roy Cooper,Thom Tillis,Change Research (D),TRUE,"March 31–April 4, 2025",2025-04-04,867,LV,3.6,48,45,2,5,3,Polling,https://en.wikipedia.org/wiki/2026_United_States_Senate_election_in_North_Carolina
North Carolina,regular,RoyCooper (D) vs MichaelWhatley (R),RoyCooper,MichaelWhatley,Emerson College,FALSE,"July 28–30, 2025",2025-07-30,1000,RV,3,47,41,NA,12,6,Polling,https://en.wikipedia.org/wiki/2026_United_States_Senate_election_in_North_Carolina
North Carolina,regular,RoyCooper (D) vs MichaelWhatley (R),RoyCooper,MichaelWhatley,Victory Insights (R),TRUE,"July 28–30, 2025",2025-07-30,600,LV,NA,43,40,NA,16,3,Polling,https://en.wikipedia.org/wiki/2026_United_States_Senate_election_in_North_Carolina
North Carolina,regular,RoyCooper (D) vs MichaelWhatley (R),RoyCooper,MichaelWhatley,Victory Insights (R),TRUE,"July 28–30, 2025",2025-07-30,600,LV,NA,44,44,NA,12,0,Polling,https://en.wikipedia.org/wiki/2026_United_States_Senate_election_in_North_Carolina
North Carolina,regular,RoyCooper (D) vs MichaelWhatley (R),RoyCooper,MichaelWhatley,Harper Polling (R),TRUE,"August 11–12, 2025",2025-08-12,600,RV,4,47,39,4,10,8,Polling,https://en.wikipedia.org/wiki/2026_United_States_Senate_election_in_North_Carolina
North Carolina,regular,RoyCooper (D) vs MichaelWhatley (R),RoyCooper,MichaelWhatley,Change Research (D),TRUE,"September 2–8, 2025",2025-09-08,855,LV,3.6,48,41,NA,11,7,Polling,https://en.wikipedia.org/wiki/2026_United_States_Senate_election_in_North_Carolina
North Carolina,regular,RoyCooper (D) vs MichaelWhatley (R),RoyCooper,MichaelWhatley,Harper Polling (R),TRUE,"September 14–15, 2025",2025-09-15,600,RV,4,46,42,4,8,4,Polling,https://en.wikipedia.org/wiki/2026_United_States_Senate_election_in_North_Carolina
North Carolina,regular,RoyCooper (D) vs MichaelWhatley (R),RoyCooper,MichaelWhatley,Harper Polling (R),TRUE,"November 9–10, 2025",2025-11-10,600,LV,4,47,39,4,10,8,Polling,https://en.wikipedia.org/wiki/2026_United_States_Senate_election_in_North_Carolina
North Carolina,regular,Roy Cooper (D) vs Don Brown (R),Roy Cooper,Don Brown,Harper Polling (R),TRUE,"November 9–10, 2025",2025-11-10,600,LV,4,48,38,4,10,10,Polling,https://en.wikipedia.org/wiki/2026_United_States_Senate_election_in_North_Carolina
North Carolina,regular,RoyCooper (D) vs MichaelWhatley (R),RoyCooper,MichaelWhatley,Change Research (D),TRUE,"January 5–7, 2026",2026-01-07,1105,LV,3.5,47,42,1,9,5,Polling,https://en.wikipedia.org/wiki/2026_United_States_Senate_election_in_North_Carolina
North Carolina,regular,RoyCooper (D) vs MichaelWhatley (R),RoyCooper,MichaelWhatley,TIPP Insights (R),TRUE,"January 12–15, 2026",2026-01-15,1512,RV,2.7,48,24,NA,27,24,Polling,https://en.wikipedia.org/wiki/2026_United_States_Senate_election_in_North_Carolina
North Carolina,regular,RoyCooper (D) vs MichaelWhatley (R),RoyCooper,MichaelWhatley,Change Research (D),TRUE,"January 31–February 4, 2026",2026-02-04,1069,RV,3.1,50,40,4,7,10,Polling,https://en.wikipedia.org/wiki/2026_United_States_Senate_election_in_North_Carolina
North Carolina,regular,RoyCooper (D) vs MichaelWhatley (R),RoyCooper,MichaelWhatley,Nexus Strategies/Strategic Partners Solutions,FALSE,"March 8–9, 2026",2026-03-09,800,RV,3.5,50,32,4,14,18,Polling,https://en.wikipedia.org/wiki/2026_United_States_Senate_election_in_North_Carolina
North Carolina,regular,RoyCooper (D) vs MichaelWhatley (R),RoyCooper,MichaelWhatley,Public Policy Polling (D),TRUE,"March 13–14, 2026",2026-03-14,556,V,4.2,47,44,NA,9,3,Polling,https://en.wikipedia.org/wiki/2026_United_States_Senate_election_in_North_Carolina
North Carolina,regular,RoyCooper (D) vs MichaelWhatley (R),RoyCooper,MichaelWhatley,Catawba College/YouGov,FALSE,"March 9–18, 2026",2026-03-18,1000,LV,3.6,48,34,4,14,14,Polling,https://en.wikipedia.org/wiki/2026_United_States_Senate_election_in_North_Carolina
North Carolina,regular,RoyCooper (D) vs MichaelWhatley (R),RoyCooper,MichaelWhatley,Harper Polling (R),TRUE,"March 22–23, 2026",2026-03-23,600,LV,4,49,41,4,6,8,Polling,https://en.wikipedia.org/wiki/2026_United_States_Senate_election_in_North_Carolina
North Carolina,regular,RoyCooper (D) vs MichaelWhatley (R),RoyCooper,MichaelWhatley,Quantus Insights (R),TRUE,"March 31 – April 1, 2026",2026-04-01,987,LV,3.5,49,44,2,6,5,Polling,https://en.wikipedia.org/wiki/2026_United_States_Senate_election_in_North_Carolina
North Carolina,regular,RoyCooper (D) vs MichaelWhatley (R),RoyCooper,MichaelWhatley,High Point University/YouGov,FALSE,"March 26 – April 6, 2026",2026-04-06,703,LV,4.3,50,42,2,6,8,Polling,https://en.wikipedia.org/wiki/2026_United_States_Senate_election_in_North_Carolina
North Carolina,regular,RoyCooper (D) vs MichaelWhatley (R),RoyCooper,MichaelWhatley,High Point University/YouGov,FALSE,"March 26 – April 6, 2026",2026-04-06,800,RV,4.1,49,39,3,9,10,Polling,https://en.wikipedia.org/wiki/2026_United_States_Senate_election_in_North_Carolina
North Carolina,regular,RoyCooper (D) vs MichaelWhatley (R),RoyCooper,MichaelWhatley,Opinion Diagnostics (R),TRUE,"April 21–24, 2026",2026-04-24,830,V,3.5,50,41,NA,9,9,Polling,https://en.wikipedia.org/wiki/2026_United_States_Senate_election_in_North_Carolina
North Carolina,regular,RoyCooper (D) vs MichaelWhatley (R),RoyCooper,MichaelWhatley,Change Research (D),TRUE,"May 4–8, 2026",2026-05-08,957,LV,3.3,49,42,NA,9,7,Polling,https://en.wikipedia.org/wiki/2026_United_States_Senate_election_in_North_Carolina
North Carolina,regular,RoyCooper (D) vs MichaelWhatley (R),RoyCooper,MichaelWhatley,Harper Polling (R),TRUE,"May 10–11, 2026",2026-05-11,600,LV,4,50,39,NA,11,11,Polling,https://en.wikipedia.org/wiki/2026_United_States_Senate_election_in_North_Carolina
North Carolina,regular,RoyCooper (D) vs MichaelWhatley (R),RoyCooper,MichaelWhatley,Catawba College/YouGov,FALSE,"June 1–10, 2026",2026-06-10,905,LV,3.8,48,34,NA,18,14,Polling,https://en.wikipedia.org/wiki/2026_United_States_Senate_election_in_North_Carolina
North Carolina,regular,RoyCooper (D) vs MichaelWhatley (R),RoyCooper,MichaelWhatley,New York Times/Siena University,FALSE,"June 15–27, 2026",2026-06-27,601,LV,4.7,50,43,NA,6,7,Polling,https://en.wikipedia.org/wiki/2026_United_States_Senate_election_in_North_Carolina
North Carolina,regular,RoyCooper (D) vs MichaelWhatley (R),RoyCooper,MichaelWhatley,Public Policy Polling (D),TRUE,"July 10–11, 2026",2026-07-11,759,LV,3.6,48,44,NA,8,4,Polling,https://en.wikipedia.org/wiki/2026_United_States_Senate_election_in_North_Carolina
North Carolina,regular,RoyCooper (D) vs MichaelWhatley (R),RoyCooper,MichaelWhatley,Beacon Research (D)/Shaw & Co. Research (R),TRUE,"July 23–27, 2026",2026-07-27,1005,RV,3,53,44,NA,3,9,Polling,https://en.wikipedia.org/wiki/2026_United_States_Senate_election_in_North_Carolina
North Carolina,regular,RoyCooper (D) vs MichaelWhatley (R),RoyCooper,MichaelWhatley,Elon University/YouGov,FALSE,"July 23–31, 2026",2026-07-31,466,LV,5.6,53,42,3,2,11,Polling,https://en.wikipedia.org/wiki/2026_United_States_Senate_election_in_North_Carolina
North Carolina,regular,RoyCooper (D) vs MichaelWhatley (R),RoyCooper,MichaelWhatley,Elon University/YouGov,FALSE,"July 23–31, 2026",2026-07-31,717,RV,4.4,51,35,7,7,16,Polling,https://en.wikipedia.org/wiki/2026_United_States_Senate_election_in_North_Carolina
North Carolina,regular,RoyCooper (D) vs MichaelWhatley (R),RoyCooper,MichaelWhatley,Elon University/YouGov,FALSE,"July 23–31, 2026",2026-07-31,800,A,4.2,47,33,11,9,14,Polling,https://en.wikipedia.org/wiki/2026_United_States_Senate_election_in_North_Carolina
North Carolina,regular,RoyCooper (D) vs MichaelWhatley (R),RoyCooper,MichaelWhatley,Change Research (D),TRUE,"July 29 – August 1, 2026",2026-08-01,967,V,3.4,50,41,NA,9,9,Polling,https://en.wikipedia.org/wiki/2026_United_States_Senate_election_in_North_Carolina
North Carolina,regular,RoyCooper (D) vs MichaelWhatley (R),RoyCooper,MichaelWhatley,Change Research (D),TRUE,"August 3–6, 2026",2026-08-06,915,LV,3.5,50,43,NA,7,7,Polling,https://en.wikipedia.org/wiki/2026_United_States_Senate_election_in_North_Carolina
North Carolina,regular,RoyCooper (D) vs MichaelWhatley (R),RoyCooper,MichaelWhatley,Harper Polling (R),TRUE,"August 9–10, 2026",2026-08-10,600,LV,4,52,39,5,5,13,Polling,https://en.wikipedia.org/wiki/2026_United_States_Senate_election_in_North_Carolina
North Carolina,regular,RoyCooper (D) vs MichaelWhatley (R),RoyCooper,MichaelWhatley,High Point University/YouGov,FALSE,"August 3–12, 2026",2026-08-12,800,RV,4.2,48,41,4,8,7,Polling,https://en.wikipedia.org/wiki/2026_United_States_Senate_election_in_North_Carolina
North Carolina,regular,RoyCooper (D) vs MichaelWhatley (R),RoyCooper,MichaelWhatley,High Point University/YouGov,FALSE,"August 3–12, 2026",2026-08-12,660,LV,3.8,50,45,3,3,5,Polling,https://en.wikipedia.org/wiki/2026_United_States_Senate_election_in_North_Carolina
North Carolina,regular,RoyCooper (D) vs MichaelWhatley (R),RoyCooper,MichaelWhatley,Elon University/YouGov,FALSE,"August 21–31, 2026",2026-08-31,565,LV,5.6,49,38,4,8,11,Polling,https://en.wikipedia.org/wiki/2026_United_States_Senate_election_in_North_Carolina
North Carolina,regular,RoyCooper (D) vs MichaelWhatley (R),RoyCooper,MichaelWhatley,Elon University/YouGov,FALSE,"August 21–31, 2026",2026-08-31,677,RV,5.1,49,36,5,11,13,Polling,https://en.wikipedia.org/wiki/2026_United_States_Senate_election_in_North_Carolina
North Carolina,regular,RoyCooper (D) vs MichaelWhatley (R),RoyCooper,MichaelWhatley,Elon University/YouGov,FALSE,"August 21–31, 2026",2026-08-31,800,A,5.1,39,29,20,12,10,Polling,https://en.wikipedia.org/wiki/2026_United_States_Senate_election_in_North_Carolina
North Carolina,regular,RoyCooper (D) vs MichaelWhatley (R),RoyCooper,MichaelWhatley,East Carolina University,FALSE,"August 31 – September 3, 2026",2026-09-03,675,LV,4.4,46,39,3,14,7,Polling,https://en.wikipedia.org/wiki/2026_United_States_Senate_election_in_North_Carolina
North Carolina,regular,RoyCooper (D) vs MichaelWhatley (R),RoyCooper,MichaelWhatley,East Carolina University,FALSE,"August 31 – September 3, 2026",2026-09-03,675,LV,4.4,52,44,5,NA,8,Polling,https://en.wikipedia.org/wiki/2026_United_States_Senate_election_in_North_Carolina
North Carolina,regular,RoyCooper (D) vs MichaelWhatley (R),RoyCooper,MichaelWhatley,The Trafalgar Group (R),TRUE,"September 8–10, 2026",2026-09-10,1084,LV,2.9,48,42,3,7,6,Polling,https://en.wikipedia.org/wiki/2026_United_States_Senate_election_in_North_Carolina
North Carolina,regular,RoyCooper (D) vs MichaelWhatley (R),RoyCooper,MichaelWhatley,Harper Polling (R),TRUE,"September 13–15, 2026",2026-09-15,608,LV,4,49,34,5,12,15,Polling,https://en.wikipedia.org/wiki/2026_United_States_Senate_election_in_North_Carolina
North Carolina,regular,RoyCooper (D) vs MichaelWhatley (R),RoyCooper,MichaelWhatley,InsiderAdvantage (R),TRUE,"September 16–17, 2026",2026-09-17,1200,LV,4,48,43,3,6,5,Polling,https://en.wikipedia.org/wiki/2026_United_States_Senate_election_in_North_Carolina
Ohio,special,Sherrod Brown (D) vs Jon Husted (R),Sherrod Brown,Jon Husted,Bowling Green State University/YouGov,FALSE,"February 14–21, 2025",2025-02-21,800,RV,4,41,47,NA,12,-6,Polling,https://en.wikipedia.org/wiki/2026_United_States_Senate_special_election_in_Ohio
Ohio,special,Tim Ryan (D) vs Jon Husted (R),Tim Ryan,Jon Husted,Bowling Green State University/YouGov,FALSE,"February 14–21, 2025",2025-02-21,800,RV,4,38,45,NA,17,-7,Polling,https://en.wikipedia.org/wiki/2026_United_States_Senate_special_election_in_Ohio
Ohio,special,Sherrod Brown (D) vs Jon Husted (R),Sherrod Brown,Jon Husted,Bowling Green State University/YouGov,FALSE,"April 18–24, 2025",2025-04-24,800,RV,4.1,46,49,5,NA,-3,Polling,https://en.wikipedia.org/wiki/2026_United_States_Senate_special_election_in_Ohio
Ohio,special,Tim Ryan (D) vs Jon Husted (R),Tim Ryan,Jon Husted,Bowling Green State University/YouGov,FALSE,"April 18–24, 2025",2025-04-24,800,RV,4.1,44,50,6,NA,-6,Polling,https://en.wikipedia.org/wiki/2026_United_States_Senate_special_election_in_Ohio
Ohio,special,Sherrod Brown (D) vs Jon Husted (R),Sherrod Brown,Jon Husted,Emerson College,FALSE,"August 18–19, 2025",2025-08-19,1000,RV,3,44,50,NA,7,-6,Polling,https://en.wikipedia.org/wiki/2026_United_States_Senate_special_election_in_Ohio
Ohio,special,Sherrod Brown (D) vs Jon Husted (R),Sherrod Brown,Jon Husted,Hart Research (D),TRUE,"September 19–22, 2025",2025-09-22,800,LV,3.5,48,45,NA,7,3,Polling,https://en.wikipedia.org/wiki/2026_United_States_Senate_special_election_in_Ohio
Ohio,special,Sherrod Brown (D) vs Jon Husted (R),Sherrod Brown,Jon Husted,Bowling Green State University/YouGov,FALSE,"October 2–14, 2025",2025-10-14,800,RV,4.5,49,48,3,NA,1,Polling,https://en.wikipedia.org/wiki/2026_United_States_Senate_special_election_in_Ohio
Ohio,special,Sherrod Brown (D) vs Jon Husted (R),Sherrod Brown,Jon Husted,Emerson College,FALSE,"December 6–8, 2025",2025-12-08,850,RV,3.3,46,49,NA,5,-3,Polling,https://en.wikipedia.org/wiki/2026_United_States_Senate_special_election_in_Ohio
Ohio,special,Sherrod Brown (D) vs Jon Husted (R),Sherrod Brown,Jon Husted,EMC Research (D),TRUE,"February 10–22, 2026",2026-02-22,1343,LV,2.7,51,47,NA,2,4,Polling,https://en.wikipedia.org/wiki/2026_United_States_Senate_special_election_in_Ohio
Ohio,special,Sherrod Brown (D) vs Jon Husted (R),Sherrod Brown,Jon Husted,OnMessage Public Strategies (R),TRUE,"March 3–8, 2026",2026-03-08,600,LV,4,47,45,NA,8,2,Polling,https://en.wikipedia.org/wiki/2026_United_States_Senate_special_election_in_Ohio
Ohio,special,Sherrod Brown (D) vs Jon Husted (R),Sherrod Brown,Jon Husted,Quantus Insights (R),TRUE,"March 13–14, 2026",2026-03-14,784,LV,3.8,44,46,4,6,-2,Polling,https://en.wikipedia.org/wiki/2026_United_States_Senate_special_election_in_Ohio
Ohio,special,Sherrod Brown (D) vs Jon Husted (R),Sherrod Brown,Jon Husted,Echelon Insights (R),TRUE,"April 3–9, 2026",2026-04-09,413,LV,5.8,45,51,NA,4,-6,Polling,https://en.wikipedia.org/wiki/2026_United_States_Senate_special_election_in_Ohio
Ohio,special,Sherrod Brown (D) vs Jon Husted (R),Sherrod Brown,Jon Husted,Bowling Green State University/YouGov,FALSE,"April 7–14, 2026",2026-04-14,1000,RV,4.5,47,50,3,NA,-3,Polling,https://en.wikipedia.org/wiki/2026_United_States_Senate_special_election_in_Ohio
Ohio,special,Sherrod Brown (D) vs Jon Husted (R),Sherrod Brown,Jon Husted,Beacon Research (D)/Shaw & Co. Research (R),TRUE,"May 28 – June 1, 2026",2026-06-01,1015,RV,3,53,45,NA,2,8,Polling,https://en.wikipedia.org/wiki/2026_United_States_Senate_special_election_in_Ohio
Ohio,special,Sherrod Brown (D) vs Jon Husted (R),Sherrod Brown,Jon Husted,Tulchin Research (D),TRUE,"June 2–4, 2026",2026-06-04,600,LV,4,46,42,4,7,4,Polling,https://en.wikipedia.org/wiki/2026_United_States_Senate_special_election_in_Ohio
Ohio,special,Sherrod Brown (D) vs Jon Husted (R),Sherrod Brown,Jon Husted,Fabrizio Ward (R)/Impact Research (D),TRUE,"June 14–16, 2026",2026-06-16,800,LV,3.5,48,45,1,7,3,Polling,https://en.wikipedia.org/wiki/2026_United_States_Senate_special_election_in_Ohio
Ohio,special,Sherrod Brown (D) vs Jon Husted (R),Sherrod Brown,Jon Husted,New York Times/Siena University,FALSE,"June 15–28, 2026",2026-06-28,601,LV,4.7,47,50,NA,3,-3,Polling,https://en.wikipedia.org/wiki/2026_United_States_Senate_special_election_in_Ohio
Ohio,special,Sherrod Brown (D) vs Jon Husted (R),Sherrod Brown,Jon Husted,Tulchin Research (D),TRUE,"July 29–August 4, 2026",2026-08-04,600,LV,4,47,43,4,6,4,Polling,https://en.wikipedia.org/wiki/2026_United_States_Senate_special_election_in_Ohio
Ohio,special,Sherrod Brown (D) vs Jon Husted (R),Sherrod Brown,Jon Husted,Beacon Research (D)/Shaw & Co. Research (R),TRUE,"August 6–10, 2026",2026-08-10,1008,RV,3,53,45,NA,2,8,Polling,https://en.wikipedia.org/wiki/2026_United_States_Senate_special_election_in_Ohio
Ohio,special,Sherrod Brown (D) vs Jon Husted (R),Sherrod Brown,Jon Husted,Wedgewood Polls,FALSE,"August 11–13, 2026",2026-08-13,800,LV,4,48,44,NA,8,4,Polling,https://en.wikipedia.org/wiki/2026_United_States_Senate_special_election_in_Ohio
Ohio,special,Sherrod Brown (D) vs Jon Husted (R),Sherrod Brown,Jon Husted,Abacus Data,FALSE,"August 26–28, 2026",2026-08-28,306,LV,NA,52,46,3,NA,6,Polling,https://en.wikipedia.org/wiki/2026_United_States_Senate_special_election_in_Ohio
Ohio,special,Sherrod Brown (D) vs Jon Husted (R),Sherrod Brown,Jon Husted,Abacus Data,FALSE,"August 26–28, 2026",2026-08-28,500,RV,4.4,53,43,5,NA,10,Polling,https://en.wikipedia.org/wiki/2026_United_States_Senate_special_election_in_Ohio
Ohio,special,Sherrod Brown (D) vs Jon Husted (R),Sherrod Brown,Jon Husted,InsiderAdvantage (R),TRUE,"September 8–9, 2026",2026-09-09,1200,LV,2.8,47,42,3,8,5,Polling,https://en.wikipedia.org/wiki/2026_United_States_Senate_special_election_in_Ohio
Ohio,special,Sherrod Brown (D) vs Jon Husted (R),Sherrod Brown,Jon Husted,Bowling Green State University/YouGov,FALSE,"September 1–10, 2026",2026-09-10,1000,LV,4,48,45,7,NA,3,Polling,https://en.wikipedia.org/wiki/2026_United_States_Senate_special_election_in_Ohio
Ohio,special,Sherrod Brown (D) vs Jon Husted (R),Sherrod Brown,Jon Husted,Trafalgar Group (R),TRUE,"September 14–16, 2026",2026-09-16,1085,LV,2.9,45,42,6,7,3,Polling,https://en.wikipedia.org/wiki/2026_United_States_Senate_special_election_in_Ohio
Oklahoma,regular,N'Kiyla Jasmine Thomas (D) vs Kevin Hern (R),N'Kiyla Jasmine Thomas,Kevin Hern,CHS & Associates,FALSE,"August 3–6, 2026",2026-08-06,500,RV,4.3,25,49,8,19,-24,Polling,https://en.wikipedia.org/wiki/2026_United_States_Senate_election_in_Oklahoma
Oklahoma,regular,Jim Priest (D) vs Kevin Hern (R),Jim Priest,Kevin Hern,CHS & Associates,FALSE,"August 3–6, 2026",2026-08-06,500,RV,4.3,27,48,10,14,-21,Polling,https://en.wikipedia.org/wiki/2026_United_States_Senate_election_in_Oklahoma
Rhode Island,regular,Jack Reed (D) vs Raymond McKay (R),Jack Reed,Raymond McKay,University of New Hampshire,FALSE,"April 16–20, 2026",2026-04-20,556,LV,4,52,34,2,12,18,Polling,https://en.wikipedia.org/wiki/2026_United_States_Senate_election_in_Rhode_Island
Rhode Island,regular,Jack Reed (D) vs Raymond McKay (R),Jack Reed,Raymond McKay,University of New Hampshire,FALSE,"June 18–23, 2026",2026-06-23,664,LV,3.9,52,35,1,12,17,Polling,https://en.wikipedia.org/wiki/2026_United_States_Senate_election_in_Rhode_Island
Rhode Island,regular,Jack Reed (D) vs Raymond McKay (R),Jack Reed,Raymond McKay,University of New Hampshire,FALSE,"August 20–24, 2026",2026-08-24,750,LV,3.6,51,31,6,13,20,Polling,https://en.wikipedia.org/wiki/2026_United_States_Senate_election_in_Rhode_Island
South Carolina,regular,AnnieAndrews (D) vs LindseyGraham (R),AnnieAndrews,LindseyGraham,Public Policy Polling (D),TRUE,"November 21–22, 2025",2025-11-22,704,V,3.7,36,42,NA,22,-6,Polling,https://en.wikipedia.org/wiki/2026_United_States_Senate_election_in_South_Carolina
South Carolina,regular,AnnieAndrews (D) vs LindseyGraham (R),AnnieAndrews,LindseyGraham,Impact Research (D),TRUE,"February 25 – March 1, 2026",2026-03-01,700,LV,3.7,42,47,NA,11,-5,Polling,https://en.wikipedia.org/wiki/2026_United_States_Senate_election_in_South_Carolina
South Carolina,regular,AnnieAndrews (D) vs LindseyGraham (R),AnnieAndrews,LindseyGraham,Impact Research (D),TRUE,"June 17–22, 2026",2026-06-22,700,LV,3.7,45,48,NA,7,-3,Polling,https://en.wikipedia.org/wiki/2026_United_States_Senate_election_in_South_Carolina
South Carolina,regular,Annie Andrews (D) vs Ralph Norman (R),Annie Andrews,Ralph Norman,Public Policy Polling (D),TRUE,"July 16–17, 2026",2026-07-17,577,V,4.1,42,43,NA,15,-1,Polling,https://en.wikipedia.org/wiki/2026_United_States_Senate_election_in_South_Carolina
South Carolina,regular,Annie Andrews (D) vs Mark Sanford (R),Annie Andrews,Mark Sanford,Public Policy Polling (D),TRUE,"July 16–17, 2026",2026-07-17,577,V,4.1,41,40,NA,19,1,Polling,https://en.wikipedia.org/wiki/2026_United_States_Senate_election_in_South_Carolina
South Carolina,regular,Annie Andrews (D) vs Mark Lynch (R),Annie Andrews,Mark Lynch,Public Policy Polling (D),TRUE,"July 16–17, 2026",2026-07-17,577,V,4.1,41,38,NA,21,3,Polling,https://en.wikipedia.org/wiki/2026_United_States_Senate_election_in_South_Carolina
South Carolina,regular,Annie Andrews (D) vs Russell Fry (R),Annie Andrews,Russell Fry,Public Policy Polling (D),TRUE,"July 16–17, 2026",2026-07-17,577,V,4.1,42,39,NA,19,3,Polling,https://en.wikipedia.org/wiki/2026_United_States_Senate_election_in_South_Carolina
South Carolina,regular,Annie Andrews (D) vs Pamela Evette (R),Annie Andrews,Pamela Evette,Public Policy Polling (D),TRUE,"July 16–17, 2026",2026-07-17,577,V,4.1,42,41,NA,17,1,Polling,https://en.wikipedia.org/wiki/2026_United_States_Senate_election_in_South_Carolina
South Carolina,regular,Annie Andrews (D) vs Trey Gowdy (R),Annie Andrews,Trey Gowdy,Public Policy Polling (D),TRUE,"July 16–17, 2026",2026-07-17,577,V,4.1,41,44,NA,15,-3,Polling,https://en.wikipedia.org/wiki/2026_United_States_Senate_election_in_South_Carolina
South Carolina,regular,Annie Andrews (D) vs Nancy Mace (R),Annie Andrews,Nancy Mace,Public Policy Polling (D),TRUE,"July 16–17, 2026",2026-07-17,577,V,4.1,42,39,NA,19,3,Polling,https://en.wikipedia.org/wiki/2026_United_States_Senate_election_in_South_Carolina
South Carolina,regular,Annie Andrews (D) vs John Warren (R),Annie Andrews,John Warren,Public Policy Polling (D),TRUE,"July 16–17, 2026",2026-07-17,577,V,4.1,42,36,NA,22,6,Polling,https://en.wikipedia.org/wiki/2026_United_States_Senate_election_in_South_Carolina
South Carolina,regular,AnnieAndrews (D) vs DarlineGraham (R),AnnieAndrews,DarlineGraham,Impact Research (D),TRUE,"August 14–22, 2026",2026-08-22,900,LV,3.3,42,39,6,13,3,Polling,https://en.wikipedia.org/wiki/2026_United_States_Senate_election_in_South_Carolina
South Carolina,regular,AnnieAndrews (D) vs DarlineGraham (R),AnnieAndrews,DarlineGraham,Impact Research (D),TRUE,"August 18–24, 2026",2026-08-24,700,LV,3.7,41,41,5,13,0,Polling,https://en.wikipedia.org/wiki/2026_United_States_Senate_election_in_South_Carolina
South Carolina,regular,AnnieAndrews (D) vs DarlineGraham (R),AnnieAndrews,DarlineGraham,Abacus Data,FALSE,"August 26–28, 2026",2026-08-28,306,LV,NA,42,55,3,NA,-13,Polling,https://en.wikipedia.org/wiki/2026_United_States_Senate_election_in_South_Carolina
South Carolina,regular,AnnieAndrews (D) vs DarlineGraham (R),AnnieAndrews,DarlineGraham,Abacus Data,FALSE,"August 26–28, 2026",2026-08-28,500,RV,4.4,48,47,5,NA,1,Polling,https://en.wikipedia.org/wiki/2026_United_States_Senate_election_in_South_Carolina
South Carolina,regular,AnnieAndrews (D) vs DarlineGraham (R),AnnieAndrews,DarlineGraham,InsiderAdvantage (R),TRUE,"September 8–9, 2026",2026-09-09,1200,LV,2.8,43,45,3,9,-2,Polling,https://en.wikipedia.org/wiki/2026_United_States_Senate_election_in_South_Carolina
South Dakota,regular,Julian Beaudion (D) vs Mike Rounds (R),Julian Beaudion,Mike Rounds,Public Policy Polling (D),TRUE,"November 13–14, 2025",2025-11-14,814,RV,3.3,30,52,NA,18,-22,Polling,https://en.wikipedia.org/wiki/2026_United_States_Senate_election_in_South_Dakota
South Dakota,regular,Julian Beaudion (D) vs Mike Rounds (R),Julian Beaudion,Mike Rounds,Public Policy Polling (D),TRUE,"February 17–18, 2026",2026-02-18,685,RV,NA,32,49,NA,19,-17,Polling,https://en.wikipedia.org/wiki/2026_United_States_Senate_election_in_South_Dakota
South Dakota,regular,Julian Beaudion (D) vs Mike Rounds (R),Julian Beaudion,Mike Rounds,Public Policy Polling (D),TRUE,"May 29–30, 2026",2026-05-30,726,RV,3.6,18,43,NA,16,-25,Polling,https://en.wikipedia.org/wiki/2026_United_States_Senate_election_in_South_Dakota
South Dakota,regular,Julian Beaudion (D) vs Mike Rounds (R),Julian Beaudion,Mike Rounds,Public Policy Polling (D),TRUE,"May 29–30, 2026",2026-05-30,726,RV,3.6,31,56,NA,13,-25,Polling,https://en.wikipedia.org/wiki/2026_United_States_Senate_election_in_South_Dakota
Tennessee,regular,Marquita Bradshaw (D) vs Bill Hagerty (R),Marquita Bradshaw,Bill Hagerty,Targoz Market Research,FALSE,"August 15–26, 2026",2026-08-26,1157,RV,2.77,31,51,6,12,-20,Polling,https://en.wikipedia.org/wiki/2026_United_States_Senate_election_in_Tennessee
Texas,regular,Colin Allred (D) vs John Cornyn (R),Colin Allred,John Cornyn,YouGov/Texas Southern University,FALSE,"May 9–19, 2025",2025-05-19,1200,RV,2.8,44,48,NA,8,-4,Polling,https://en.wikipedia.org/wiki/2026_United_States_Senate_election_in_Texas
Texas,regular,Colin Allred (D) vs Ken Paxton (R),Colin Allred,Ken Paxton,YouGov/Texas Southern University,FALSE,"May 9–19, 2025",2025-05-19,1200,RV,2.8,46,48,NA,6,-2,Polling,https://en.wikipedia.org/wiki/2026_United_States_Senate_election_in_Texas
Texas,regular,Colin Allred (D) vs Wesley Hunt (R),Colin Allred,Wesley Hunt,YouGov/Texas Southern University,FALSE,"May 9–19, 2025",2025-05-19,1200,RV,2.8,44,47,NA,9,-3,Polling,https://en.wikipedia.org/wiki/2026_United_States_Senate_election_in_Texas
Texas,regular,Beto O'Rourke (D) vs John Cornyn (R),Beto O'Rourke,John Cornyn,YouGov/Texas Southern University,FALSE,"May 9–19, 2025",2025-05-19,1200,RV,2.8,43,49,NA,8,-6,Polling,https://en.wikipedia.org/wiki/2026_United_States_Senate_election_in_Texas
Texas,regular,Beto O'Rourke (D) vs Ken Paxton (R),Beto O'Rourke,Ken Paxton,YouGov/Texas Southern University,FALSE,"May 9–19, 2025",2025-05-19,1200,RV,2.8,45,49,NA,6,-4,Polling,https://en.wikipedia.org/wiki/2026_United_States_Senate_election_in_Texas
Texas,regular,Beto O'Rourke (D) vs Wesley Hunt (R),Beto O'Rourke,Wesley Hunt,YouGov/Texas Southern University,FALSE,"May 9–19, 2025",2025-05-19,1200,RV,2.8,43,49,NA,8,-6,Polling,https://en.wikipedia.org/wiki/2026_United_States_Senate_election_in_Texas
Texas,regular,Joaquin Castro (D) vs John Cornyn (R),Joaquin Castro,John Cornyn,YouGov/Texas Southern University,FALSE,"May 9–19, 2025",2025-05-19,1200,RV,2.8,41,48,NA,11,-7,Polling,https://en.wikipedia.org/wiki/2026_United_States_Senate_election_in_Texas
Texas,regular,Joaquin Castro (D) vs Ken Paxton (R),Joaquin Castro,Ken Paxton,YouGov/Texas Southern University,FALSE,"May 9–19, 2025",2025-05-19,1200,RV,2.8,44,47,NA,9,-3,Polling,https://en.wikipedia.org/wiki/2026_United_States_Senate_election_in_Texas
Texas,regular,Joaquin Castro (D) vs Wesley Hunt (R),Joaquin Castro,Wesley Hunt,YouGov/Texas Southern University,FALSE,"May 9–19, 2025",2025-05-19,1200,RV,2.8,42,48,NA,10,-6,Polling,https://en.wikipedia.org/wiki/2026_United_States_Senate_election_in_Texas
Texas,regular,Colin Allred (D) vs John Cornyn (R),Colin Allred,John Cornyn,Emerson College,FALSE,"August 11–12, 2025",2025-08-12,1000,RV,3,38,45,NA,17,-7,Polling,https://en.wikipedia.org/wiki/2026_United_States_Senate_election_in_Texas
Texas,regular,Colin Allred (D) vs Ken Paxton (R),Colin Allred,Ken Paxton,Emerson College,FALSE,"August 11–12, 2025",2025-08-12,1000,RV,3,41,46,NA,13,-5,Polling,https://en.wikipedia.org/wiki/2026_United_States_Senate_election_in_Texas
Texas,regular,Colin Allred (D) vs Ken Paxton (R),Colin Allred,Ken Paxton,GBAO (D),TRUE,"August 13–18, 2025",2025-08-18,800,LV,3.5,49,47,NA,4,2,Polling,https://en.wikipedia.org/wiki/2026_United_States_Senate_election_in_Texas
Texas,regular,Colin Allred (D) vs Ken Paxton (R),Colin Allred,Ken Paxton,GBAO (D),TRUE,"August 13–18, 2025",2025-08-18,800,LV,3.5,50,49,NA,NA,1,Polling,https://en.wikipedia.org/wiki/2026_United_States_Senate_election_in_Texas
Texas,regular,James Talarico (D) vs Ken Paxton (R),James Talarico,Ken Paxton,UT Tyler,FALSE,"September 17–24, 2025",2025-09-24,1032,RV,3.1,37,38,8,17,-1,Polling,https://en.wikipedia.org/wiki/2026_United_States_Senate_election_in_Texas
Texas,regular,James Talarico (D) vs John Cornyn (R),James Talarico,John Cornyn,UT Tyler,FALSE,"September 17–24, 2025",2025-09-24,1032,RV,3.1,35,41,7,17,-6,Polling,https://en.wikipedia.org/wiki/2026_United_States_Senate_election_in_Texas
Texas,regular,Colin Allred (D) vs John Cornyn (R),Colin Allred,John Cornyn,UT Tyler,FALSE,"September 17–24, 2025",2025-09-24,1032,RV,3.1,37,43,7,13,-6,Polling,https://en.wikipedia.org/wiki/2026_United_States_Senate_election_in_Texas
Texas,regular,Colin Allred (D) vs Ken Paxton (R),Colin Allred,Ken Paxton,UT Tyler,FALSE,"September 17–24, 2025",2025-09-24,1032,RV,3.1,41,38,8,13,3,Polling,https://en.wikipedia.org/wiki/2026_United_States_Senate_election_in_Texas
Texas,regular,Colin Allred (D) vs Wesley Hunt (R),Colin Allred,Wesley Hunt,UT Tyler,FALSE,"September 17–24, 2025",2025-09-24,1032,RV,3.1,37,38,6,19,-1,Polling,https://en.wikipedia.org/wiki/2026_United_States_Senate_election_in_Texas
Texas,regular,James Talarico (D) vs Wesley Hunt (R),James Talarico,Wesley Hunt,UT Tyler,FALSE,"September 17–24, 2025",2025-09-24,1032,RV,3.1,37,36,6,21,1,Polling,https://en.wikipedia.org/wiki/2026_United_States_Senate_election_in_Texas
Texas,regular,James Talarico (D) vs Ken Paxton (R),James Talarico,Ken Paxton,University of Houston/Texas Southern University,FALSE,"September 19 – October 1, 2025",2025-10-01,1650,RV,2.4,46,49,NA,5,-3,Polling,https://en.wikipedia.org/wiki/2026_United_States_Senate_election_in_Texas
Texas,regular,James Talarico (D) vs John Cornyn (R),James Talarico,John Cornyn,University of Houston/Texas Southern University,FALSE,"September 19 – October 1, 2025",2025-10-01,1650,RV,2.4,45,48,NA,7,-3,Polling,https://en.wikipedia.org/wiki/2026_United_States_Senate_election_in_Texas
Texas,regular,Jasmine Crockett (D) vs John Cornyn (R),Jasmine Crockett,John Cornyn,University of Houston/Texas Southern University,FALSE,"September 19 – October 1, 2025",2025-10-01,1650,RV,2.4,44,50,NA,6,-6,Polling,https://en.wikipedia.org/wiki/2026_United_States_Senate_election_in_Texas
Texas,regular,Jasmine Crockett (D) vs Ken Paxton (R),Jasmine Crockett,Ken Paxton,University of Houston/Texas Southern University,FALSE,"September 19 – October 1, 2025",2025-10-01,1650,RV,2.4,47,49,NA,2,-2,Polling,https://en.wikipedia.org/wiki/2026_United_States_Senate_election_in_Texas
Texas,regular,Colin Allred (D) vs John Cornyn (R),Colin Allred,John Cornyn,University of Houston/Texas Southern University,FALSE,"September 19 – October 1, 2025",2025-10-01,1650,RV,2.4,46,48,NA,6,-2,Polling,https://en.wikipedia.org/wiki/2026_United_States_Senate_election_in_Texas
Texas,regular,Colin Allred (D) vs Ken Paxton (R),Colin Allred,Ken Paxton,University of Houston/Texas Southern University,FALSE,"September 19 – October 1, 2025",2025-10-01,1650,RV,2.4,47,48,NA,5,-1,Polling,https://en.wikipedia.org/wiki/2026_United_States_Senate_election_in_Texas
Texas,regular,Colin Allred (D) vs Wesley Hunt (R),Colin Allred,Wesley Hunt,University of Houston/Texas Southern University,FALSE,"September 19 – October 1, 2025",2025-10-01,1650,RV,2.4,45,50,NA,5,-5,Polling,https://en.wikipedia.org/wiki/2026_United_States_Senate_election_in_Texas
Texas,regular,Jasmine Crockett (D) vs Wesley Hunt (R),Jasmine Crockett,Wesley Hunt,University of Houston/Texas Southern University,FALSE,"September 19 – October 1, 2025",2025-10-01,1650,RV,2.4,45,50,NA,5,-5,Polling,https://en.wikipedia.org/wiki/2026_United_States_Senate_election_in_Texas
Texas,regular,James Talarico (D) vs Wesley Hunt (R),James Talarico,Wesley Hunt,University of Houston/Texas Southern University,FALSE,"September 19 – October 1, 2025",2025-10-01,1650,RV,2.4,44,50,NA,6,-6,Polling,https://en.wikipedia.org/wiki/2026_United_States_Senate_election_in_Texas
Texas,regular,Beto O'Rourke (D) vs John Cornyn (R),Beto O'Rourke,John Cornyn,University of Houston/Texas Southern University,FALSE,"September 19 – October 1, 2025",2025-10-01,1650,RV,2.4,46,49,NA,5,-3,Polling,https://en.wikipedia.org/wiki/2026_United_States_Senate_election_in_Texas
Texas,regular,Beto O'Rourke (D) vs Ken Paxton (R),Beto O'Rourke,Ken Paxton,University of Houston/Texas Southern University,FALSE,"September 19 – October 1, 2025",2025-10-01,1650,RV,2.4,46,49,NA,5,-3,Polling,https://en.wikipedia.org/wiki/2026_United_States_Senate_election_in_Texas
Texas,regular,Beto O'Rourke (D) vs Wesley Hunt (R),Beto O'Rourke,Wesley Hunt,University of Houston/Texas Southern University,FALSE,"September 19 – October 1, 2025",2025-10-01,1650,RV,2.4,47,49,NA,4,-2,Polling,https://en.wikipedia.org/wiki/2026_United_States_Senate_election_in_Texas
Texas,regular,James Talarico (D) vs Ken Paxton (R),James Talarico,Ken Paxton,Ragnar Research Partners (R),TRUE,"November 12–17, 2025",2025-11-17,1000,LV,3,44,44,NA,12,0,Polling,https://en.wikipedia.org/wiki/2026_United_States_Senate_election_in_Texas
Texas,regular,James Talarico (D) vs John Cornyn (R),James Talarico,John Cornyn,Ragnar Research Partners (R),TRUE,"November 12–17, 2025",2025-11-17,1000,LV,3,40,46,NA,14,-6,Polling,https://en.wikipedia.org/wiki/2026_United_States_Senate_election_in_Texas
Texas,regular,Colin Allred (D) vs John Cornyn (R),Colin Allred,John Cornyn,Ragnar Research Partners (R),TRUE,"November 12–17, 2025",2025-11-17,1000,LV,3,40,47,NA,13,-7,Polling,https://en.wikipedia.org/wiki/2026_United_States_Senate_election_in_Texas
Texas,regular,Colin Allred (D) vs Ken Paxton (R),Colin Allred,Ken Paxton,Ragnar Research Partners (R),TRUE,"November 12–17, 2025",2025-11-17,1000,LV,3,44,43,NA,12,1,Polling,https://en.wikipedia.org/wiki/2026_United_States_Senate_election_in_Texas
Texas,regular,Jasmine Crockett (D) vs John Cornyn (R),Jasmine Crockett,John Cornyn,Change Research (D),TRUE,"November 21–26, 2025",2025-11-26,1189,V,3.1,41,49,NA,10,-8,Polling,https://en.wikipedia.org/wiki/2026_United_States_Senate_election_in_Texas
Texas,regular,Jasmine Crockett (D) vs Ken Paxton (R),Jasmine Crockett,Ken Paxton,Change Research (D),TRUE,"November 21–26, 2025",2025-11-26,1189,V,3.1,42,50,NA,8,-8,Polling,https://en.wikipedia.org/wiki/2026_United_States_Senate_election_in_Texas
Texas,regular,James Talarico (D) vs Ken Paxton (R),James Talarico,Ken Paxton,Emerson College,FALSE,"January 10–12, 2026",2026-01-12,1165,RV,2.8,46,46,NA,9,0,Polling,https://en.wikipedia.org/wiki/2026_United_States_Senate_election_in_Texas
Texas,regular,James Talarico (D) vs John Cornyn (R),James Talarico,John Cornyn,Emerson College,FALSE,"January 10–12, 2026",2026-01-12,1165,RV,2.8,44,47,NA,9,-3,Polling,https://en.wikipedia.org/wiki/2026_United_States_Senate_election_in_Texas
Texas,regular,Jasmine Crockett (D) vs John Cornyn (R),Jasmine Crockett,John Cornyn,Emerson College,FALSE,"January 10–12, 2026",2026-01-12,1165,RV,2.8,43,48,NA,9,-5,Polling,https://en.wikipedia.org/wiki/2026_United_States_Senate_election_in_Texas
Texas,regular,Jasmine Crockett (D) vs Ken Paxton (R),Jasmine Crockett,Ken Paxton,Emerson College,FALSE,"January 10–12, 2026",2026-01-12,1165,RV,2.8,46,46,NA,9,0,Polling,https://en.wikipedia.org/wiki/2026_United_States_Senate_election_in_Texas
Texas,regular,Jasmine Crockett (D) vs Wesley Hunt (R),Jasmine Crockett,Wesley Hunt,Emerson College,FALSE,"January 10–12, 2026",2026-01-12,1165,RV,2.8,43,48,NA,9,-5,Polling,https://en.wikipedia.org/wiki/2026_United_States_Senate_election_in_Texas
Texas,regular,James Talarico (D) vs Wesley Hunt (R),James Talarico,Wesley Hunt,Emerson College,FALSE,"January 10–12, 2026",2026-01-12,1165,RV,2.8,44,47,NA,9,-3,Polling,https://en.wikipedia.org/wiki/2026_United_States_Senate_election_in_Texas
Texas,regular,James Talarico (D) vs Ken Paxton (R),James Talarico,Ken Paxton,University of Houston/YouGov,FALSE,"January 20–31, 2026",2026-01-31,1502,LV,2.5,44,46,3,7,-2,Polling,https://en.wikipedia.org/wiki/2026_United_States_Senate_election_in_Texas
Texas,regular,James Talarico (D) vs John Cornyn (R),James Talarico,John Cornyn,University of Houston/YouGov,FALSE,"January 20–31, 2026",2026-01-31,1502,LV,2.5,43,44,5,8,-1,Polling,https://en.wikipedia.org/wiki/2026_United_States_Senate_election_in_Texas
Texas,regular,Jasmine Crockett (D) vs John Cornyn (R),Jasmine Crockett,John Cornyn,University of Houston/YouGov,FALSE,"January 20–31, 2026",2026-01-31,1502,LV,2.5,43,45,5,7,-2,Polling,https://en.wikipedia.org/wiki/2026_United_States_Senate_election_in_Texas
Texas,regular,Jasmine Crockett (D) vs Ken Paxton (R),Jasmine Crockett,Ken Paxton,University of Houston/YouGov,FALSE,"January 20–31, 2026",2026-01-31,1502,LV,2.5,43,45,4,8,-2,Polling,https://en.wikipedia.org/wiki/2026_United_States_Senate_election_in_Texas
Texas,regular,Jasmine Crockett (D) vs Wesley Hunt (R),Jasmine Crockett,Wesley Hunt,University of Houston/YouGov,FALSE,"January 20–31, 2026",2026-01-31,1502,LV,2.5,43,46,3,8,-3,Polling,https://en.wikipedia.org/wiki/2026_United_States_Senate_election_in_Texas
Texas,regular,James Talarico (D) vs Wesley Hunt (R),James Talarico,Wesley Hunt,University of Houston/YouGov,FALSE,"January 20–31, 2026",2026-01-31,1502,LV,2.5,42,46,3,9,-4,Polling,https://en.wikipedia.org/wiki/2026_United_States_Senate_election_in_Texas
Texas,regular,Jasmine Crockett (D) vs Ken Paxton (R),Jasmine Crockett,Ken Paxton,Hart Research (D),TRUE,"February 6–12, 2026",2026-02-12,803,LV,3.5,49,45,NA,6,4,Polling,https://en.wikipedia.org/wiki/2026_United_States_Senate_election_in_Texas
Texas,regular,James Talarico (D) vs Ken Paxton (R),James Talarico,Ken Paxton,Public Policy Polling (D),TRUE,"March 4–5, 2026",2026-03-05,576,V,4.1,47,45,NA,8,2,Polling,https://en.wikipedia.org/wiki/2026_United_States_Senate_election_in_Texas
Texas,regular,James Talarico (D) vs John Cornyn (R),James Talarico,John Cornyn,Public Policy Polling (D),TRUE,"March 4–5, 2026",2026-03-05,576,V,4.1,44,43,NA,13,1,Polling,https://en.wikipedia.org/wiki/2026_United_States_Senate_election_in_Texas
Texas,regular,James Talarico (D) vs Ken Paxton (R),James Talarico,Ken Paxton,Impact Research (D),TRUE,"March 12–17, 2026",2026-03-17,900,LV,3.3,44,43,5,7,1,Polling,https://en.wikipedia.org/wiki/2026_United_States_Senate_election_in_Texas
Texas,regular,James Talarico (D) vs John Cornyn (R),James Talarico,John Cornyn,Impact Research (D),TRUE,"March 12–17, 2026",2026-03-17,900,LV,3.3,43,41,7,10,2,Polling,https://en.wikipedia.org/wiki/2026_United_States_Senate_election_in_Texas
Texas,regular,James Talarico (D) vs Ken Paxton (R),James Talarico,Ken Paxton,Texas Public Opinion Research (D),TRUE,"April 17–20, 2026",2026-04-20,1018,LV,3.3,46,41,NA,9,5,Polling,https://en.wikipedia.org/wiki/2026_United_States_Senate_election_in_Texas
Texas,regular,James Talarico (D) vs Ken Paxton (R),James Talarico,Ken Paxton,University of Texas/Texas Politics Project,FALSE,"April 10–20, 2026",2026-04-20,1200,RV,2.8,42,34,5,19,8,Polling,https://en.wikipedia.org/wiki/2026_United_States_Senate_election_in_Texas
Texas,regular,James Talarico (D) vs John Cornyn (R),James Talarico,John Cornyn,Texas Public Opinion Research (D),TRUE,"April 17–20, 2026",2026-04-20,1018,LV,3.3,44,41,NA,11,3,Polling,https://en.wikipedia.org/wiki/2026_United_States_Senate_election_in_Texas
Texas,regular,James Talarico (D) vs John Cornyn (R),James Talarico,John Cornyn,University of Texas/Texas Politics Project,FALSE,"April 10–20, 2026",2026-04-20,1200,RV,2.8,40,33,7,19,7,Polling,https://en.wikipedia.org/wiki/2026_United_States_Senate_election_in_Texas
Texas,regular,James Talarico (D) vs Ken Paxton (R),James Talarico,Ken Paxton,Texas Southern University,FALSE,"April 22 – May 6, 2026",2026-05-06,1223,LV,2.8,45,45,2,8,0,Polling,https://en.wikipedia.org/wiki/2026_United_States_Senate_election_in_Texas
Texas,regular,James Talarico (D) vs John Cornyn (R),James Talarico,John Cornyn,Texas Southern University,FALSE,"April 22 – May 6, 2026",2026-05-06,1223,LV,2.8,44,45,3,8,-1,Polling,https://en.wikipedia.org/wiki/2026_United_States_Senate_election_in_Texas
Texas,regular,James Talarico (D) vs Ken Paxton (R),James Talarico,Ken Paxton,Public Policy Polling (D),TRUE,"May 22–23, 2026",2026-05-23,643,RV,NA,45,38,3,14,7,Polling,https://en.wikipedia.org/wiki/2026_United_States_Senate_election_in_Texas
Texas,regular,James Talarico (D) vs Ken Paxton (R),James Talarico,Ken Paxton,Texas Public Opinion Research (D),TRUE,"May 27–28, 2026",2026-05-28,1670,LV,2.8,47,44,3,7,3,Polling,https://en.wikipedia.org/wiki/2026_United_States_Senate_election_in_Texas
Texas,regular,James Talarico (D) vs Ken Paxton (R),James Talarico,Ken Paxton,Quantus Insights,FALSE,"June 3–4, 2026",2026-06-04,800,LV,3.5,43,45,4,7,-2,Polling,https://en.wikipedia.org/wiki/2026_United_States_Senate_election_in_Texas
Texas,regular,James Talarico (D) vs Ken Paxton (R),James Talarico,Ken Paxton,Texas A&M University/ReconMR/Siena University,FALSE,"June 1–4, 2026",2026-06-04,807,LV,4,46,46,4,5,0,Polling,https://en.wikipedia.org/wiki/2026_United_States_Senate_election_in_Texas
Texas,regular,James Talarico (D) vs Ken Paxton (R),James Talarico,Ken Paxton,University of Texas/Texas Politics Project,FALSE,"June 5–12, 2026",2026-06-12,1200,RV,2.8,42,43,6,10,-1,Polling,https://en.wikipedia.org/wiki/2026_United_States_Senate_election_in_Texas
Texas,regular,James Talarico (D) vs Ken Paxton (R),James Talarico,Ken Paxton,SoCal Strategies (R),TRUE,"June 21, 2026",2026-06-21,800,LV,NA,47,49,NA,4,-2,Polling,https://en.wikipedia.org/wiki/2026_United_States_Senate_election_in_Texas
Texas,regular,James Talarico (D) vs Ken Paxton (R),James Talarico,Ken Paxton,New York Times/Siena University,FALSE,"June 19–27, 2026",2026-06-27,656,LV,4.5,47,47,NA,6,0,Polling,https://en.wikipedia.org/wiki/2026_United_States_Senate_election_in_Texas
Texas,regular,James Talarico (D) vs Ken Paxton (R),James Talarico,Ken Paxton,A2 Insights,FALSE,"June 23–28, 2026",2026-06-28,618,LV,5.3,48,46,3,3,2,Polling,https://en.wikipedia.org/wiki/2026_United_States_Senate_election_in_Texas
Texas,regular,James Talarico (D) vs Ken Paxton (R),James Talarico,Ken Paxton,Texas Public Opinion Research (D),TRUE,"July 15–17, 2026",2026-07-17,1048,LV,3.4,45,40,1,14,5,Polling,https://en.wikipedia.org/wiki/2026_United_States_Senate_election_in_Texas
Texas,regular,James Talarico (D) vs Ken Paxton (R),James Talarico,Ken Paxton,Beacon Research (D)/Shaw & Co. Research (R),TRUE,"July 23–27, 2026",2026-07-27,1005,RV,3,51,48,NA,3,3,Polling,https://en.wikipedia.org/wiki/2026_United_States_Senate_election_in_Texas
Texas,regular,James Talarico (D) vs Ken Paxton (R),James Talarico,Ken Paxton,Texas A&M University/ReconMR/Siena University,FALSE,"July 27–30, 2026",2026-07-30,619,LV,4.7,47,43,4,6,4,Polling,https://en.wikipedia.org/wiki/2026_United_States_Senate_election_in_Texas
Texas,regular,James Talarico (D) vs Ken Paxton (R),James Talarico,Ken Paxton,Texas Southern University,FALSE,"July 27–30, 2026",2026-07-30,1200,LV,2.8,47,45,2,6,2,Polling,https://en.wikipedia.org/wiki/2026_United_States_Senate_election_in_Texas
Texas,regular,James Talarico (D) vs Ken Paxton (R),James Talarico,Ken Paxton,Wedgewood Polls,FALSE,"July 30–31, 2026",2026-07-31,800,LV,4,48,46,NA,6,2,Polling,https://en.wikipedia.org/wiki/2026_United_States_Senate_election_in_Texas
Texas,regular,James Talarico (D) vs Ken Paxton (R),James Talarico,Ken Paxton,YouGov Blue (D),TRUE,"July 15–31, 2026",2026-07-31,1001,RV,3.6,48,45,NA,6,3,Polling,https://en.wikipedia.org/wiki/2026_United_States_Senate_election_in_Texas
Texas,regular,James Talarico (D) vs Ken Paxton (R),James Talarico,Ken Paxton,Emerson College,FALSE,"August 9–10, 2026",2026-08-10,1000,LV,3,46,47,2,5,-1,Polling,https://en.wikipedia.org/wiki/2026_United_States_Senate_election_in_Texas
Texas,regular,James Talarico (D) vs Ken Paxton (R),James Talarico,Ken Paxton,University of Texas/Texas Politics Project,FALSE,"August 5–13, 2026",2026-08-13,1200,RV,2.8,42,39,4,14,3,Polling,https://en.wikipedia.org/wiki/2026_United_States_Senate_election_in_Texas
Texas,regular,James Talarico (D) vs Ken Paxton (R),James Talarico,Ken Paxton,Texas Public Opinion Research (D),TRUE,"August 21–24, 2026",2026-08-24,1000,LV,3.3,48,42,2,7,6,Polling,https://en.wikipedia.org/wiki/2026_United_States_Senate_election_in_Texas
Texas,regular,James Talarico (D) vs Ken Paxton (R),James Talarico,Ken Paxton,Overton Insights (R),TRUE,"August 24–26, 2026",2026-08-26,1167,LV,2.9,50,50,NA,NA,0,Polling,https://en.wikipedia.org/wiki/2026_United_States_Senate_election_in_Texas
Texas,regular,James Talarico (D) vs Ken Paxton (R),James Talarico,Ken Paxton,Overton Insights (R),TRUE,"August 24–26, 2026",2026-08-26,1167,LV,2.9,44,43,NA,13,1,Polling,https://en.wikipedia.org/wiki/2026_United_States_Senate_election_in_Texas
Texas,regular,James Talarico (D) vs John Cornyn (R),James Talarico,John Cornyn,Overton Insights (R),TRUE,"August 24–26, 2026",2026-08-26,1167,LV,2.9,44,43,14,NA,1,Polling,https://en.wikipedia.org/wiki/2026_United_States_Senate_election_in_Texas
Texas,regular,Jasmine Crockett (D) vs Ken Paxton (R),Jasmine Crockett,Ken Paxton,Overton Insights (R),TRUE,"August 24–26, 2026",2026-08-26,1167,LV,2.9,43,49,8,NA,-6,Polling,https://en.wikipedia.org/wiki/2026_United_States_Senate_election_in_Texas
Texas,regular,James Talarico (D) vs Ken Paxton (R),James Talarico,Ken Paxton,Fabrizio Ward (R)/Impact Research (D),TRUE,"August 30 – September 1, 2026",2026-09-01,895,LV,3.3,48,44,NA,8,4,Polling,https://en.wikipedia.org/wiki/2026_United_States_Senate_election_in_Texas
Texas,regular,James Talarico (D) vs Ken Paxton (R),James Talarico,Ken Paxton,Univision/YouGov,FALSE,"August 27 – September 4, 2026",2026-09-04,1000,RV,3.6,48,43,1,7,5,Polling,https://en.wikipedia.org/wiki/2026_United_States_Senate_election_in_Texas
Texas,regular,James Talarico (D) vs Ken Paxton (R),James Talarico,Ken Paxton,InsiderAdvantage,FALSE,"September 8–9, 2026",2026-09-09,1200,LV,2.8,47,46,2,5,1,Polling,https://en.wikipedia.org/wiki/2026_United_States_Senate_election_in_Texas
Texas,regular,James Talarico (D) vs Ken Paxton (R),James Talarico,Ken Paxton,Mason-Dixon,FALSE,"September 8–10, 2026",2026-09-10,625,LV,4,46,43,3,8,3,Polling,https://en.wikipedia.org/wiki/2026_United_States_Senate_election_in_Texas
Texas,regular,James Talarico (D) vs Ken Paxton (R),James Talarico,Ken Paxton,ReconMR/Siena University,FALSE,"September 8–11, 2026",2026-09-11,614,LV,4.3,49,43,4,4,6,Polling,https://en.wikipedia.org/wiki/2026_United_States_Senate_election_in_Texas
Texas,regular,James Talarico (D) vs Ken Paxton (R),James Talarico,Ken Paxton,SoCal Strategies,FALSE,"September 12–13, 2026",2026-09-13,649,LV,NA,50,45,NA,5,5,Polling,https://en.wikipedia.org/wiki/2026_United_States_Senate_election_in_Texas
Texas,regular,James Talarico (D) vs Ken Paxton (R),James Talarico,Ken Paxton,Emerson College,FALSE,"September 12–14, 2026",2026-09-14,1000,LV,3,47,46,2,4,1,Polling,https://en.wikipedia.org/wiki/2026_United_States_Senate_election_in_Texas
Texas,regular,Colin Allred (D) vs Ken Paxton (R),Colin Allred,Ken Paxton,Brad Parscale (R),TRUE,Mid–April 2025,NA,1000,LV,NA,52,37,NA,11,15,Polling,https://en.wikipedia.org/wiki/2026_United_States_Senate_election_in_Texas
Virginia,regular,Mark Warner (D) vs Glenn Youngkin (R),Mark Warner,Glenn Youngkin,Virginia Commonwealth University,FALSE,"December 18, 2024 – January 15, 2025",2024-12-18,806,A,4.7,45,38,NA,17,7,Polling,https://en.wikipedia.org/wiki/2026_United_States_Senate_election_in_Virginia
Virginia,regular,MarkWarner (D) vs BertMizusawa (R),MarkWarner,BertMizusawa,The Public Sentiment Institute/Virginia Project (R),TRUE,"May 1–5, 2026",2026-05-05,1047,LV,3.7,55,29,3,14,26,Polling,https://en.wikipedia.org/wiki/2026_United_States_Senate_election_in_Virginia
Virginia,regular,MarkWarner (D) vs KimFarington (R),MarkWarner,KimFarington,The Public Sentiment Institute/Virginia Project (R),TRUE,"May 1–5, 2026",2026-05-05,1047,LV,3.7,54,29,NA,14,25,Polling,https://en.wikipedia.org/wiki/2026_United_States_Senate_election_in_Virginia
Virginia,regular,MarkWarner (D) vs DavidWilliams (R),MarkWarner,DavidWilliams,The Public Sentiment Institute/Virginia Project (R),TRUE,"May 1–5, 2026",2026-05-05,1047,LV,3.7,54,29,NA,14,25,Polling,https://en.wikipedia.org/wiki/2026_United_States_Senate_election_in_Virginia
Virginia,regular,MarkWarner (D) vs BertMizusawa (R),MarkWarner,BertMizusawa,The Public Sentiment Institute,FALSE,"June 12–16, 2026",2026-06-16,996,LV,3.7,51,33,3,14,18,Polling,https://en.wikipedia.org/wiki/2026_United_States_Senate_election_in_Virginia
Virginia,regular,MarkWarner (D) vs KimFarington (R),MarkWarner,KimFarington,The Public Sentiment Institute,FALSE,"June 12–16, 2026",2026-06-16,996,LV,3.7,51,33,NA,13,18,Polling,https://en.wikipedia.org/wiki/2026_United_States_Senate_election_in_Virginia
Virginia,regular,MarkWarner (D) vs DavidWilliams (R),MarkWarner,DavidWilliams,The Public Sentiment Institute,FALSE,"June 12–16, 2026",2026-06-16,996,LV,3.7,51,33,NA,13,18,Polling,https://en.wikipedia.org/wiki/2026_United_States_Senate_election_in_Virginia
